2025-02-03 14:35:22,808:WARNING:
'cuml' is a soft dependency and not included in the pycaret installation. Please run: `pip install cuml` to install.
2025-02-03 14:35:22,810:WARNING:
'cuml' is a soft dependency and not included in the pycaret installation. Please run: `pip install cuml` to install.
2025-02-03 14:35:22,811:WARNING:
'cuml' is a soft dependency and not included in the pycaret installation. Please run: `pip install cuml` to install.
2025-02-03 14:35:22,812:WARNING:
'cuml' is a soft dependency and not included in the pycaret installation. Please run: `pip install cuml` to install.
2025-02-03 14:35:58,320:INFO:Initializing load_model()
2025-02-03 14:35:58,320:INFO:load_model(model_name=welcome_survey_clustering_pipeline_v1_pkl, platform=None, authentication=None, verbose=True)
2025-02-03 14:36:26,535:INFO:Initializing load_model()
2025-02-03 14:36:26,535:INFO:load_model(model_name=welcome_survey_clustering_pipeline_v1.pkl, platform=None, authentication=None, verbose=True)
2025-02-03 14:36:43,542:INFO:Initializing load_model()
2025-02-03 14:36:43,543:INFO:load_model(model_name=welcome_survey_clustering_pipeline_v1.pkl, platform=None, authentication=None, verbose=True)
2025-02-03 14:39:20,963:INFO:Initializing load_model()
2025-02-03 14:39:20,964:INFO:load_model(model_name=welcome_survey_clustering_pipeline_v1.pkl, platform=None, authentication=None, verbose=True)
2025-02-03 14:40:34,537:WARNING:
'cuml' is a soft dependency and not included in the pycaret installation. Please run: `pip install cuml` to install.
2025-02-03 14:40:34,537:WARNING:
'cuml' is a soft dependency and not included in the pycaret installation. Please run: `pip install cuml` to install.
2025-02-03 14:40:34,537:WARNING:
'cuml' is a soft dependency and not included in the pycaret installation. Please run: `pip install cuml` to install.
2025-02-03 14:40:34,537:WARNING:
'cuml' is a soft dependency and not included in the pycaret installation. Please run: `pip install cuml` to install.
2025-02-03 14:40:37,568:INFO:Initializing load_model()
2025-02-03 14:40:37,569:INFO:load_model(model_name=welcome_survey_clustering_pipeline_v1.pkl, platform=None, authentication=None, verbose=True)
2025-02-03 14:43:29,168:INFO:Initializing load_model()
2025-02-03 14:43:29,168:INFO:load_model(model_name=welcome_survey_clustering_pipeline_v1, platform=None, authentication=None, verbose=True)
2025-02-03 14:43:31,273:WARNING:C:\Users\User\miniconda3\envs\open_ai\Lib\site-packages\pycaret\internal\pipeline.py:148: UserWarning: Version mismatch:
current: {'deps_info': {'pip': '24.2', 'setuptools': '75.1.0', 'pycaret': '3.3.2', 'IPython': '8.27.0', 'ipywidgets': '7.8.1', 'tqdm': '4.67.1', 'numpy': '1.26.4', 'pandas': '1.5.3', 'jinja2': '3.1.4', 'scipy': '1.11.4', 'joblib': '1.2.0', 'sklearn': '1.4.2', 'pyod': '2.0.2', 'imblearn': '0.12.3', 'category_encoders': '2.6.3', 'lightgbm': '4.5.0', 'numba': '0.60.0', 'requests': '2.32.3', 'matplotlib': '3.9.2', 'scikitplot': '0.3.7', 'yellowbrick': '1.5', 'plotly': '5.24.1', 'plotly-resampler': 'Not installed', 'kaleido': '0.2.1', 'schemdraw': '0.15', 'statsmodels': '0.14.4', 'sktime': '0.26.0', 'tbats': '1.1.3', 'pmdarima': '2.0.4', 'psutil': '5.9.0', 'markupsafe': '2.1.3', 'pickle5': 'Not installed', 'cloudpickle': '3.0.0', 'deprecation': '2.1.0', 'xxhash': '3.5.0', 'wurlitzer': '3.1.1'}, 'python': {'version': '3.11.10', 'machine': 'AMD64'}}
pickle: {'deps_info': {'pip': '24.0', 'setuptools': '70.3.0', 'pycaret': '3.3.1', 'IPython': '8.26.0', 'ipywidgets': '8.1.3', 'tqdm': '4.66.5', 'numpy': '1.26.4', 'pandas': '1.5.3', 'jinja2': '3.1.4', 'scipy': '1.11.4', 'joblib': '1.3.2', 'sklearn': '1.4.2', 'pyod': '2.0.1', 'imblearn': '0.12.3', 'category_encoders': '2.6.3', 'lightgbm': '4.5.0', 'numba': '0.60.0', 'requests': '2.32.3', 'matplotlib': '3.8.4', 'scikitplot': '0.3.7', 'yellowbrick': '1.5', 'plotly': '5.23.0', 'plotly-resampler': 'Not installed', 'kaleido': '0.2.1', 'schemdraw': '0.15', 'statsmodels': '0.14.2', 'sktime': '0.26.0', 'tbats': '1.1.3', 'pmdarima': '2.0.4', 'psutil': '6.0.0', 'markupsafe': '2.1.5', 'pickle5': 'Not installed', 'cloudpickle': '3.0.0', 'deprecation': '2.1.0', 'xxhash': '3.4.1', 'wurlitzer': '3.1.1'}, 'python': {'version': '3.11.9', 'machine': 'arm64'}}
  warnings.warn(

2025-02-03 14:43:31,416:INFO:Initializing predict_model()
2025-02-03 14:43:31,416:INFO:predict_model(self=<pycaret.clustering.oop.ClusteringExperiment object at 0x00000192CAC10E90>, estimator=Pipeline(memory=Memory(location=None),
         steps=[('numerical_imputer',
                 TransformerWrapper(include=[], transformer=SimpleImputer())),
                ('categorical_imputer',
                 TransformerWrapper(include=['age', 'edu_level', 'fav_animals',
                                             'fav_place', 'gender'],
                                    transformer=SimpleImputer(strategy='most_frequent'))),
                ('ordinal_encoding',
                 TransformerWrapper(include=['gender'],
                                    transfo...
                                                               mapping=[{'col': 'gender',
                                                                         'data_type': dtype('O'),
                                                                         'mapping': Kobieta      0
Mê¿czyzna    1
NaN         -1
dtype: int64}]))),
                ('onehot_encoding',
                 TransformerWrapper(include=['age', 'edu_level', 'fav_animals',
                                             'fav_place'],
                                    transformer=OneHotEncoder(cols=['age',
                                                                    'edu_level',
                                                                    'fav_animals',
                                                                    'fav_place'],
                                                              handle_missing='return_nan',
                                                              use_cat_names=True))),
                ('trained_model', KMeans(random_state=123))]), ml_usecase=None)
2025-02-03 14:43:31,416:INFO:Set up data.
2025-02-03 14:43:35,872:INFO:Initializing predict_model()
2025-02-03 14:43:35,873:INFO:predict_model(self=<pycaret.clustering.oop.ClusteringExperiment object at 0x00000192CAC3D710>, estimator=Pipeline(memory=Memory(location=None),
         steps=[('numerical_imputer',
                 TransformerWrapper(include=[], transformer=SimpleImputer())),
                ('categorical_imputer',
                 TransformerWrapper(include=['age', 'edu_level', 'fav_animals',
                                             'fav_place', 'gender'],
                                    transformer=SimpleImputer(strategy='most_frequent'))),
                ('ordinal_encoding',
                 TransformerWrapper(include=['gender'],
                                    transfo...
                                                               mapping=[{'col': 'gender',
                                                                         'data_type': dtype('O'),
                                                                         'mapping': Kobieta      0
Mê¿czyzna    1
NaN         -1
dtype: int64}]))),
                ('onehot_encoding',
                 TransformerWrapper(include=['age', 'edu_level', 'fav_animals',
                                             'fav_place'],
                                    transformer=OneHotEncoder(cols=['age',
                                                                    'edu_level',
                                                                    'fav_animals',
                                                                    'fav_place'],
                                                              handle_missing='return_nan',
                                                              use_cat_names=True))),
                ('trained_model', KMeans(random_state=123))]), ml_usecase=None)
2025-02-03 14:43:35,873:INFO:Set up data.
2025-02-03 14:43:44,161:INFO:Initializing predict_model()
2025-02-03 14:43:44,162:INFO:predict_model(self=<pycaret.clustering.oop.ClusteringExperiment object at 0x00000192CAFEFD50>, estimator=Pipeline(memory=Memory(location=None),
         steps=[('numerical_imputer',
                 TransformerWrapper(include=[], transformer=SimpleImputer())),
                ('categorical_imputer',
                 TransformerWrapper(include=['age', 'edu_level', 'fav_animals',
                                             'fav_place', 'gender'],
                                    transformer=SimpleImputer(strategy='most_frequent'))),
                ('ordinal_encoding',
                 TransformerWrapper(include=['gender'],
                                    transfo...
                                                               mapping=[{'col': 'gender',
                                                                         'data_type': dtype('O'),
                                                                         'mapping': Kobieta      0
Mê¿czyzna    1
NaN         -1
dtype: int64}]))),
                ('onehot_encoding',
                 TransformerWrapper(include=['age', 'edu_level', 'fav_animals',
                                             'fav_place'],
                                    transformer=OneHotEncoder(cols=['age',
                                                                    'edu_level',
                                                                    'fav_animals',
                                                                    'fav_place'],
                                                              handle_missing='return_nan',
                                                              use_cat_names=True))),
                ('trained_model', KMeans(random_state=123))]), ml_usecase=None)
2025-02-03 14:43:44,162:INFO:Set up data.
2025-02-03 14:43:46,143:INFO:Initializing predict_model()
2025-02-03 14:43:46,144:INFO:predict_model(self=<pycaret.clustering.oop.ClusteringExperiment object at 0x00000192CAC54BD0>, estimator=Pipeline(memory=Memory(location=None),
         steps=[('numerical_imputer',
                 TransformerWrapper(include=[], transformer=SimpleImputer())),
                ('categorical_imputer',
                 TransformerWrapper(include=['age', 'edu_level', 'fav_animals',
                                             'fav_place', 'gender'],
                                    transformer=SimpleImputer(strategy='most_frequent'))),
                ('ordinal_encoding',
                 TransformerWrapper(include=['gender'],
                                    transfo...
                                                               mapping=[{'col': 'gender',
                                                                         'data_type': dtype('O'),
                                                                         'mapping': Kobieta      0
Mê¿czyzna    1
NaN         -1
dtype: int64}]))),
                ('onehot_encoding',
                 TransformerWrapper(include=['age', 'edu_level', 'fav_animals',
                                             'fav_place'],
                                    transformer=OneHotEncoder(cols=['age',
                                                                    'edu_level',
                                                                    'fav_animals',
                                                                    'fav_place'],
                                                              handle_missing='return_nan',
                                                              use_cat_names=True))),
                ('trained_model', KMeans(random_state=123))]), ml_usecase=None)
2025-02-03 14:43:46,144:INFO:Set up data.
2025-02-03 14:43:49,252:INFO:Initializing predict_model()
2025-02-03 14:43:49,252:INFO:predict_model(self=<pycaret.clustering.oop.ClusteringExperiment object at 0x00000192C3470050>, estimator=Pipeline(memory=Memory(location=None),
         steps=[('numerical_imputer',
                 TransformerWrapper(include=[], transformer=SimpleImputer())),
                ('categorical_imputer',
                 TransformerWrapper(include=['age', 'edu_level', 'fav_animals',
                                             'fav_place', 'gender'],
                                    transformer=SimpleImputer(strategy='most_frequent'))),
                ('ordinal_encoding',
                 TransformerWrapper(include=['gender'],
                                    transfo...
                                                               mapping=[{'col': 'gender',
                                                                         'data_type': dtype('O'),
                                                                         'mapping': Kobieta      0
Mê¿czyzna    1
NaN         -1
dtype: int64}]))),
                ('onehot_encoding',
                 TransformerWrapper(include=['age', 'edu_level', 'fav_animals',
                                             'fav_place'],
                                    transformer=OneHotEncoder(cols=['age',
                                                                    'edu_level',
                                                                    'fav_animals',
                                                                    'fav_place'],
                                                              handle_missing='return_nan',
                                                              use_cat_names=True))),
                ('trained_model', KMeans(random_state=123))]), ml_usecase=None)
2025-02-03 14:43:49,252:INFO:Set up data.
2025-02-03 14:43:51,899:INFO:Initializing predict_model()
2025-02-03 14:43:51,899:INFO:predict_model(self=<pycaret.clustering.oop.ClusteringExperiment object at 0x00000192CAFF0550>, estimator=Pipeline(memory=Memory(location=None),
         steps=[('numerical_imputer',
                 TransformerWrapper(include=[], transformer=SimpleImputer())),
                ('categorical_imputer',
                 TransformerWrapper(include=['age', 'edu_level', 'fav_animals',
                                             'fav_place', 'gender'],
                                    transformer=SimpleImputer(strategy='most_frequent'))),
                ('ordinal_encoding',
                 TransformerWrapper(include=['gender'],
                                    transfo...
                                                               mapping=[{'col': 'gender',
                                                                         'data_type': dtype('O'),
                                                                         'mapping': Kobieta      0
Mê¿czyzna    1
NaN         -1
dtype: int64}]))),
                ('onehot_encoding',
                 TransformerWrapper(include=['age', 'edu_level', 'fav_animals',
                                             'fav_place'],
                                    transformer=OneHotEncoder(cols=['age',
                                                                    'edu_level',
                                                                    'fav_animals',
                                                                    'fav_place'],
                                                              handle_missing='return_nan',
                                                              use_cat_names=True))),
                ('trained_model', KMeans(random_state=123))]), ml_usecase=None)
2025-02-03 14:43:51,900:INFO:Set up data.
2025-02-03 14:43:56,226:INFO:Initializing predict_model()
2025-02-03 14:43:56,226:INFO:predict_model(self=<pycaret.clustering.oop.ClusteringExperiment object at 0x00000192C07D18D0>, estimator=Pipeline(memory=Memory(location=None),
         steps=[('numerical_imputer',
                 TransformerWrapper(include=[], transformer=SimpleImputer())),
                ('categorical_imputer',
                 TransformerWrapper(include=['age', 'edu_level', 'fav_animals',
                                             'fav_place', 'gender'],
                                    transformer=SimpleImputer(strategy='most_frequent'))),
                ('ordinal_encoding',
                 TransformerWrapper(include=['gender'],
                                    transfo...
                                                               mapping=[{'col': 'gender',
                                                                         'data_type': dtype('O'),
                                                                         'mapping': Kobieta      0
Mê¿czyzna    1
NaN         -1
dtype: int64}]))),
                ('onehot_encoding',
                 TransformerWrapper(include=['age', 'edu_level', 'fav_animals',
                                             'fav_place'],
                                    transformer=OneHotEncoder(cols=['age',
                                                                    'edu_level',
                                                                    'fav_animals',
                                                                    'fav_place'],
                                                              handle_missing='return_nan',
                                                              use_cat_names=True))),
                ('trained_model', KMeans(random_state=123))]), ml_usecase=None)
2025-02-03 14:43:56,226:INFO:Set up data.
2025-02-03 14:43:59,681:INFO:Initializing predict_model()
2025-02-03 14:43:59,681:INFO:predict_model(self=<pycaret.clustering.oop.ClusteringExperiment object at 0x00000192CAC2E850>, estimator=Pipeline(memory=Memory(location=None),
         steps=[('numerical_imputer',
                 TransformerWrapper(include=[], transformer=SimpleImputer())),
                ('categorical_imputer',
                 TransformerWrapper(include=['age', 'edu_level', 'fav_animals',
                                             'fav_place', 'gender'],
                                    transformer=SimpleImputer(strategy='most_frequent'))),
                ('ordinal_encoding',
                 TransformerWrapper(include=['gender'],
                                    transfo...
                                                               mapping=[{'col': 'gender',
                                                                         'data_type': dtype('O'),
                                                                         'mapping': Kobieta      0
Mê¿czyzna    1
NaN         -1
dtype: int64}]))),
                ('onehot_encoding',
                 TransformerWrapper(include=['age', 'edu_level', 'fav_animals',
                                             'fav_place'],
                                    transformer=OneHotEncoder(cols=['age',
                                                                    'edu_level',
                                                                    'fav_animals',
                                                                    'fav_place'],
                                                              handle_missing='return_nan',
                                                              use_cat_names=True))),
                ('trained_model', KMeans(random_state=123))]), ml_usecase=None)
2025-02-03 14:43:59,682:INFO:Set up data.
2025-02-03 14:46:30,127:INFO:Initializing predict_model()
2025-02-03 14:46:30,127:INFO:predict_model(self=<pycaret.clustering.oop.ClusteringExperiment object at 0x00000192C3470290>, estimator=Pipeline(memory=Memory(location=None),
         steps=[('numerical_imputer',
                 TransformerWrapper(include=[], transformer=SimpleImputer())),
                ('categorical_imputer',
                 TransformerWrapper(include=['age', 'edu_level', 'fav_animals',
                                             'fav_place', 'gender'],
                                    transformer=SimpleImputer(strategy='most_frequent'))),
                ('ordinal_encoding',
                 TransformerWrapper(include=['gender'],
                                    transfo...
                                                               mapping=[{'col': 'gender',
                                                                         'data_type': dtype('O'),
                                                                         'mapping': Kobieta      0
Mê¿czyzna    1
NaN         -1
dtype: int64}]))),
                ('onehot_encoding',
                 TransformerWrapper(include=['age', 'edu_level', 'fav_animals',
                                             'fav_place'],
                                    transformer=OneHotEncoder(cols=['age',
                                                                    'edu_level',
                                                                    'fav_animals',
                                                                    'fav_place'],
                                                              handle_missing='return_nan',
                                                              use_cat_names=True))),
                ('trained_model', KMeans(random_state=123))]), ml_usecase=None)
2025-02-03 14:46:30,127:INFO:Set up data.
2025-02-03 14:47:05,269:INFO:Initializing predict_model()
2025-02-03 14:47:05,269:INFO:predict_model(self=<pycaret.clustering.oop.ClusteringExperiment object at 0x00000192CA3F4390>, estimator=Pipeline(memory=Memory(location=None),
         steps=[('numerical_imputer',
                 TransformerWrapper(include=[], transformer=SimpleImputer())),
                ('categorical_imputer',
                 TransformerWrapper(include=['age', 'edu_level', 'fav_animals',
                                             'fav_place', 'gender'],
                                    transformer=SimpleImputer(strategy='most_frequent'))),
                ('ordinal_encoding',
                 TransformerWrapper(include=['gender'],
                                    transfo...
                                                               mapping=[{'col': 'gender',
                                                                         'data_type': dtype('O'),
                                                                         'mapping': Kobieta      0
Mê¿czyzna    1
NaN         -1
dtype: int64}]))),
                ('onehot_encoding',
                 TransformerWrapper(include=['age', 'edu_level', 'fav_animals',
                                             'fav_place'],
                                    transformer=OneHotEncoder(cols=['age',
                                                                    'edu_level',
                                                                    'fav_animals',
                                                                    'fav_place'],
                                                              handle_missing='return_nan',
                                                              use_cat_names=True))),
                ('trained_model', KMeans(random_state=123))]), ml_usecase=None)
2025-02-03 14:47:05,269:INFO:Set up data.
2025-02-03 14:47:12,858:INFO:Initializing predict_model()
2025-02-03 14:47:12,859:INFO:predict_model(self=<pycaret.clustering.oop.ClusteringExperiment object at 0x00000192CA9294D0>, estimator=Pipeline(memory=Memory(location=None),
         steps=[('numerical_imputer',
                 TransformerWrapper(include=[], transformer=SimpleImputer())),
                ('categorical_imputer',
                 TransformerWrapper(include=['age', 'edu_level', 'fav_animals',
                                             'fav_place', 'gender'],
                                    transformer=SimpleImputer(strategy='most_frequent'))),
                ('ordinal_encoding',
                 TransformerWrapper(include=['gender'],
                                    transfo...
                                                               mapping=[{'col': 'gender',
                                                                         'data_type': dtype('O'),
                                                                         'mapping': Kobieta      0
Mê¿czyzna    1
NaN         -1
dtype: int64}]))),
                ('onehot_encoding',
                 TransformerWrapper(include=['age', 'edu_level', 'fav_animals',
                                             'fav_place'],
                                    transformer=OneHotEncoder(cols=['age',
                                                                    'edu_level',
                                                                    'fav_animals',
                                                                    'fav_place'],
                                                              handle_missing='return_nan',
                                                              use_cat_names=True))),
                ('trained_model', KMeans(random_state=123))]), ml_usecase=None)
2025-02-03 14:47:12,859:INFO:Set up data.
2025-02-03 14:47:26,572:INFO:Initializing predict_model()
2025-02-03 14:47:26,572:INFO:predict_model(self=<pycaret.clustering.oop.ClusteringExperiment object at 0x00000192CA9293D0>, estimator=Pipeline(memory=Memory(location=None),
         steps=[('numerical_imputer',
                 TransformerWrapper(include=[], transformer=SimpleImputer())),
                ('categorical_imputer',
                 TransformerWrapper(include=['age', 'edu_level', 'fav_animals',
                                             'fav_place', 'gender'],
                                    transformer=SimpleImputer(strategy='most_frequent'))),
                ('ordinal_encoding',
                 TransformerWrapper(include=['gender'],
                                    transfo...
                                                               mapping=[{'col': 'gender',
                                                                         'data_type': dtype('O'),
                                                                         'mapping': Kobieta      0
Mê¿czyzna    1
NaN         -1
dtype: int64}]))),
                ('onehot_encoding',
                 TransformerWrapper(include=['age', 'edu_level', 'fav_animals',
                                             'fav_place'],
                                    transformer=OneHotEncoder(cols=['age',
                                                                    'edu_level',
                                                                    'fav_animals',
                                                                    'fav_place'],
                                                              handle_missing='return_nan',
                                                              use_cat_names=True))),
                ('trained_model', KMeans(random_state=123))]), ml_usecase=None)
2025-02-03 14:47:26,573:INFO:Set up data.
2025-02-03 14:47:29,086:INFO:Initializing predict_model()
2025-02-03 14:47:29,086:INFO:predict_model(self=<pycaret.clustering.oop.ClusteringExperiment object at 0x00000192CAFCF490>, estimator=Pipeline(memory=Memory(location=None),
         steps=[('numerical_imputer',
                 TransformerWrapper(include=[], transformer=SimpleImputer())),
                ('categorical_imputer',
                 TransformerWrapper(include=['age', 'edu_level', 'fav_animals',
                                             'fav_place', 'gender'],
                                    transformer=SimpleImputer(strategy='most_frequent'))),
                ('ordinal_encoding',
                 TransformerWrapper(include=['gender'],
                                    transfo...
                                                               mapping=[{'col': 'gender',
                                                                         'data_type': dtype('O'),
                                                                         'mapping': Kobieta      0
Mê¿czyzna    1
NaN         -1
dtype: int64}]))),
                ('onehot_encoding',
                 TransformerWrapper(include=['age', 'edu_level', 'fav_animals',
                                             'fav_place'],
                                    transformer=OneHotEncoder(cols=['age',
                                                                    'edu_level',
                                                                    'fav_animals',
                                                                    'fav_place'],
                                                              handle_missing='return_nan',
                                                              use_cat_names=True))),
                ('trained_model', KMeans(random_state=123))]), ml_usecase=None)
2025-02-03 14:47:29,086:INFO:Set up data.
2025-02-03 14:47:38,051:INFO:Initializing predict_model()
2025-02-03 14:47:38,052:INFO:predict_model(self=<pycaret.clustering.oop.ClusteringExperiment object at 0x00000192CAC47590>, estimator=Pipeline(memory=Memory(location=None),
         steps=[('numerical_imputer',
                 TransformerWrapper(include=[], transformer=SimpleImputer())),
                ('categorical_imputer',
                 TransformerWrapper(include=['age', 'edu_level', 'fav_animals',
                                             'fav_place', 'gender'],
                                    transformer=SimpleImputer(strategy='most_frequent'))),
                ('ordinal_encoding',
                 TransformerWrapper(include=['gender'],
                                    transfo...
                                                               mapping=[{'col': 'gender',
                                                                         'data_type': dtype('O'),
                                                                         'mapping': Kobieta      0
Mê¿czyzna    1
NaN         -1
dtype: int64}]))),
                ('onehot_encoding',
                 TransformerWrapper(include=['age', 'edu_level', 'fav_animals',
                                             'fav_place'],
                                    transformer=OneHotEncoder(cols=['age',
                                                                    'edu_level',
                                                                    'fav_animals',
                                                                    'fav_place'],
                                                              handle_missing='return_nan',
                                                              use_cat_names=True))),
                ('trained_model', KMeans(random_state=123))]), ml_usecase=None)
2025-02-03 14:47:38,052:INFO:Set up data.
2025-02-03 14:47:39,595:INFO:Initializing predict_model()
2025-02-03 14:47:39,596:INFO:predict_model(self=<pycaret.clustering.oop.ClusteringExperiment object at 0x00000192CAC4C650>, estimator=Pipeline(memory=Memory(location=None),
         steps=[('numerical_imputer',
                 TransformerWrapper(include=[], transformer=SimpleImputer())),
                ('categorical_imputer',
                 TransformerWrapper(include=['age', 'edu_level', 'fav_animals',
                                             'fav_place', 'gender'],
                                    transformer=SimpleImputer(strategy='most_frequent'))),
                ('ordinal_encoding',
                 TransformerWrapper(include=['gender'],
                                    transfo...
                                                               mapping=[{'col': 'gender',
                                                                         'data_type': dtype('O'),
                                                                         'mapping': Kobieta      0
Mê¿czyzna    1
NaN         -1
dtype: int64}]))),
                ('onehot_encoding',
                 TransformerWrapper(include=['age', 'edu_level', 'fav_animals',
                                             'fav_place'],
                                    transformer=OneHotEncoder(cols=['age',
                                                                    'edu_level',
                                                                    'fav_animals',
                                                                    'fav_place'],
                                                              handle_missing='return_nan',
                                                              use_cat_names=True))),
                ('trained_model', KMeans(random_state=123))]), ml_usecase=None)
2025-02-03 14:47:39,596:INFO:Set up data.
2025-02-03 14:47:45,720:INFO:Initializing predict_model()
2025-02-03 14:47:45,720:INFO:predict_model(self=<pycaret.clustering.oop.ClusteringExperiment object at 0x00000192CAA265D0>, estimator=Pipeline(memory=Memory(location=None),
         steps=[('numerical_imputer',
                 TransformerWrapper(include=[], transformer=SimpleImputer())),
                ('categorical_imputer',
                 TransformerWrapper(include=['age', 'edu_level', 'fav_animals',
                                             'fav_place', 'gender'],
                                    transformer=SimpleImputer(strategy='most_frequent'))),
                ('ordinal_encoding',
                 TransformerWrapper(include=['gender'],
                                    transfo...
                                                               mapping=[{'col': 'gender',
                                                                         'data_type': dtype('O'),
                                                                         'mapping': Kobieta      0
Mê¿czyzna    1
NaN         -1
dtype: int64}]))),
                ('onehot_encoding',
                 TransformerWrapper(include=['age', 'edu_level', 'fav_animals',
                                             'fav_place'],
                                    transformer=OneHotEncoder(cols=['age',
                                                                    'edu_level',
                                                                    'fav_animals',
                                                                    'fav_place'],
                                                              handle_missing='return_nan',
                                                              use_cat_names=True))),
                ('trained_model', KMeans(random_state=123))]), ml_usecase=None)
2025-02-03 14:47:45,721:INFO:Set up data.
2025-02-03 14:48:37,324:INFO:Initializing predict_model()
2025-02-03 14:48:37,325:INFO:predict_model(self=<pycaret.clustering.oop.ClusteringExperiment object at 0x00000192C07D1B90>, estimator=Pipeline(memory=Memory(location=None),
         steps=[('numerical_imputer',
                 TransformerWrapper(include=[], transformer=SimpleImputer())),
                ('categorical_imputer',
                 TransformerWrapper(include=['age', 'edu_level', 'fav_animals',
                                             'fav_place', 'gender'],
                                    transformer=SimpleImputer(strategy='most_frequent'))),
                ('ordinal_encoding',
                 TransformerWrapper(include=['gender'],
                                    transfo...
                                                               mapping=[{'col': 'gender',
                                                                         'data_type': dtype('O'),
                                                                         'mapping': Kobieta      0
Mê¿czyzna    1
NaN         -1
dtype: int64}]))),
                ('onehot_encoding',
                 TransformerWrapper(include=['age', 'edu_level', 'fav_animals',
                                             'fav_place'],
                                    transformer=OneHotEncoder(cols=['age',
                                                                    'edu_level',
                                                                    'fav_animals',
                                                                    'fav_place'],
                                                              handle_missing='return_nan',
                                                              use_cat_names=True))),
                ('trained_model', KMeans(random_state=123))]), ml_usecase=None)
2025-02-03 14:48:37,325:INFO:Set up data.
2025-02-03 14:48:41,970:INFO:Initializing predict_model()
2025-02-03 14:48:41,971:INFO:predict_model(self=<pycaret.clustering.oop.ClusteringExperiment object at 0x00000192CA929D90>, estimator=Pipeline(memory=Memory(location=None),
         steps=[('numerical_imputer',
                 TransformerWrapper(include=[], transformer=SimpleImputer())),
                ('categorical_imputer',
                 TransformerWrapper(include=['age', 'edu_level', 'fav_animals',
                                             'fav_place', 'gender'],
                                    transformer=SimpleImputer(strategy='most_frequent'))),
                ('ordinal_encoding',
                 TransformerWrapper(include=['gender'],
                                    transfo...
                                                               mapping=[{'col': 'gender',
                                                                         'data_type': dtype('O'),
                                                                         'mapping': Kobieta      0
Mê¿czyzna    1
NaN         -1
dtype: int64}]))),
                ('onehot_encoding',
                 TransformerWrapper(include=['age', 'edu_level', 'fav_animals',
                                             'fav_place'],
                                    transformer=OneHotEncoder(cols=['age',
                                                                    'edu_level',
                                                                    'fav_animals',
                                                                    'fav_place'],
                                                              handle_missing='return_nan',
                                                              use_cat_names=True))),
                ('trained_model', KMeans(random_state=123))]), ml_usecase=None)
2025-02-03 14:48:41,971:INFO:Set up data.
2025-02-03 14:48:46,609:INFO:Initializing predict_model()
2025-02-03 14:48:46,609:INFO:predict_model(self=<pycaret.clustering.oop.ClusteringExperiment object at 0x00000192CAC3FFD0>, estimator=Pipeline(memory=Memory(location=None),
         steps=[('numerical_imputer',
                 TransformerWrapper(include=[], transformer=SimpleImputer())),
                ('categorical_imputer',
                 TransformerWrapper(include=['age', 'edu_level', 'fav_animals',
                                             'fav_place', 'gender'],
                                    transformer=SimpleImputer(strategy='most_frequent'))),
                ('ordinal_encoding',
                 TransformerWrapper(include=['gender'],
                                    transfo...
                                                               mapping=[{'col': 'gender',
                                                                         'data_type': dtype('O'),
                                                                         'mapping': Kobieta      0
Mê¿czyzna    1
NaN         -1
dtype: int64}]))),
                ('onehot_encoding',
                 TransformerWrapper(include=['age', 'edu_level', 'fav_animals',
                                             'fav_place'],
                                    transformer=OneHotEncoder(cols=['age',
                                                                    'edu_level',
                                                                    'fav_animals',
                                                                    'fav_place'],
                                                              handle_missing='return_nan',
                                                              use_cat_names=True))),
                ('trained_model', KMeans(random_state=123))]), ml_usecase=None)
2025-02-03 14:48:46,610:INFO:Set up data.
2025-02-03 14:49:46,385:INFO:Initializing predict_model()
2025-02-03 14:49:46,385:INFO:predict_model(self=<pycaret.clustering.oop.ClusteringExperiment object at 0x00000192CB07B650>, estimator=Pipeline(memory=Memory(location=None),
         steps=[('numerical_imputer',
                 TransformerWrapper(include=[], transformer=SimpleImputer())),
                ('categorical_imputer',
                 TransformerWrapper(include=['age', 'edu_level', 'fav_animals',
                                             'fav_place', 'gender'],
                                    transformer=SimpleImputer(strategy='most_frequent'))),
                ('ordinal_encoding',
                 TransformerWrapper(include=['gender'],
                                    transfo...
                                                               mapping=[{'col': 'gender',
                                                                         'data_type': dtype('O'),
                                                                         'mapping': Kobieta      0
Mê¿czyzna    1
NaN         -1
dtype: int64}]))),
                ('onehot_encoding',
                 TransformerWrapper(include=['age', 'edu_level', 'fav_animals',
                                             'fav_place'],
                                    transformer=OneHotEncoder(cols=['age',
                                                                    'edu_level',
                                                                    'fav_animals',
                                                                    'fav_place'],
                                                              handle_missing='return_nan',
                                                              use_cat_names=True))),
                ('trained_model', KMeans(random_state=123))]), ml_usecase=None)
2025-02-03 14:49:46,385:INFO:Set up data.
2025-02-03 14:49:47,397:INFO:Initializing predict_model()
2025-02-03 14:49:47,397:INFO:predict_model(self=<pycaret.clustering.oop.ClusteringExperiment object at 0x00000192CAFD99D0>, estimator=Pipeline(memory=Memory(location=None),
         steps=[('numerical_imputer',
                 TransformerWrapper(include=[], transformer=SimpleImputer())),
                ('categorical_imputer',
                 TransformerWrapper(include=['age', 'edu_level', 'fav_animals',
                                             'fav_place', 'gender'],
                                    transformer=SimpleImputer(strategy='most_frequent'))),
                ('ordinal_encoding',
                 TransformerWrapper(include=['gender'],
                                    transfo...
                                                               mapping=[{'col': 'gender',
                                                                         'data_type': dtype('O'),
                                                                         'mapping': Kobieta      0
Mê¿czyzna    1
NaN         -1
dtype: int64}]))),
                ('onehot_encoding',
                 TransformerWrapper(include=['age', 'edu_level', 'fav_animals',
                                             'fav_place'],
                                    transformer=OneHotEncoder(cols=['age',
                                                                    'edu_level',
                                                                    'fav_animals',
                                                                    'fav_place'],
                                                              handle_missing='return_nan',
                                                              use_cat_names=True))),
                ('trained_model', KMeans(random_state=123))]), ml_usecase=None)
2025-02-03 14:49:47,397:INFO:Set up data.
2025-02-03 14:49:48,690:INFO:Initializing predict_model()
2025-02-03 14:49:48,690:INFO:predict_model(self=<pycaret.clustering.oop.ClusteringExperiment object at 0x00000192CB05E2D0>, estimator=Pipeline(memory=Memory(location=None),
         steps=[('numerical_imputer',
                 TransformerWrapper(include=[], transformer=SimpleImputer())),
                ('categorical_imputer',
                 TransformerWrapper(include=['age', 'edu_level', 'fav_animals',
                                             'fav_place', 'gender'],
                                    transformer=SimpleImputer(strategy='most_frequent'))),
                ('ordinal_encoding',
                 TransformerWrapper(include=['gender'],
                                    transfo...
                                                               mapping=[{'col': 'gender',
                                                                         'data_type': dtype('O'),
                                                                         'mapping': Kobieta      0
Mê¿czyzna    1
NaN         -1
dtype: int64}]))),
                ('onehot_encoding',
                 TransformerWrapper(include=['age', 'edu_level', 'fav_animals',
                                             'fav_place'],
                                    transformer=OneHotEncoder(cols=['age',
                                                                    'edu_level',
                                                                    'fav_animals',
                                                                    'fav_place'],
                                                              handle_missing='return_nan',
                                                              use_cat_names=True))),
                ('trained_model', KMeans(random_state=123))]), ml_usecase=None)
2025-02-03 14:49:48,690:INFO:Set up data.
2025-02-03 14:49:55,780:INFO:Initializing predict_model()
2025-02-03 14:49:55,781:INFO:predict_model(self=<pycaret.clustering.oop.ClusteringExperiment object at 0x00000192C07D1B90>, estimator=Pipeline(memory=Memory(location=None),
         steps=[('numerical_imputer',
                 TransformerWrapper(include=[], transformer=SimpleImputer())),
                ('categorical_imputer',
                 TransformerWrapper(include=['age', 'edu_level', 'fav_animals',
                                             'fav_place', 'gender'],
                                    transformer=SimpleImputer(strategy='most_frequent'))),
                ('ordinal_encoding',
                 TransformerWrapper(include=['gender'],
                                    transfo...
                                                               mapping=[{'col': 'gender',
                                                                         'data_type': dtype('O'),
                                                                         'mapping': Kobieta      0
Mê¿czyzna    1
NaN         -1
dtype: int64}]))),
                ('onehot_encoding',
                 TransformerWrapper(include=['age', 'edu_level', 'fav_animals',
                                             'fav_place'],
                                    transformer=OneHotEncoder(cols=['age',
                                                                    'edu_level',
                                                                    'fav_animals',
                                                                    'fav_place'],
                                                              handle_missing='return_nan',
                                                              use_cat_names=True))),
                ('trained_model', KMeans(random_state=123))]), ml_usecase=None)
2025-02-03 14:49:55,781:INFO:Set up data.
2025-02-03 14:49:56,998:INFO:Initializing predict_model()
2025-02-03 14:49:56,998:INFO:predict_model(self=<pycaret.clustering.oop.ClusteringExperiment object at 0x00000192BF038F10>, estimator=Pipeline(memory=Memory(location=None),
         steps=[('numerical_imputer',
                 TransformerWrapper(include=[], transformer=SimpleImputer())),
                ('categorical_imputer',
                 TransformerWrapper(include=['age', 'edu_level', 'fav_animals',
                                             'fav_place', 'gender'],
                                    transformer=SimpleImputer(strategy='most_frequent'))),
                ('ordinal_encoding',
                 TransformerWrapper(include=['gender'],
                                    transfo...
                                                               mapping=[{'col': 'gender',
                                                                         'data_type': dtype('O'),
                                                                         'mapping': Kobieta      0
Mê¿czyzna    1
NaN         -1
dtype: int64}]))),
                ('onehot_encoding',
                 TransformerWrapper(include=['age', 'edu_level', 'fav_animals',
                                             'fav_place'],
                                    transformer=OneHotEncoder(cols=['age',
                                                                    'edu_level',
                                                                    'fav_animals',
                                                                    'fav_place'],
                                                              handle_missing='return_nan',
                                                              use_cat_names=True))),
                ('trained_model', KMeans(random_state=123))]), ml_usecase=None)
2025-02-03 14:49:56,999:INFO:Set up data.
2025-02-03 14:50:06,085:INFO:Initializing predict_model()
2025-02-03 14:50:06,085:INFO:predict_model(self=<pycaret.clustering.oop.ClusteringExperiment object at 0x00000192CAFDBA50>, estimator=Pipeline(memory=Memory(location=None),
         steps=[('numerical_imputer',
                 TransformerWrapper(include=[], transformer=SimpleImputer())),
                ('categorical_imputer',
                 TransformerWrapper(include=['age', 'edu_level', 'fav_animals',
                                             'fav_place', 'gender'],
                                    transformer=SimpleImputer(strategy='most_frequent'))),
                ('ordinal_encoding',
                 TransformerWrapper(include=['gender'],
                                    transfo...
                                                               mapping=[{'col': 'gender',
                                                                         'data_type': dtype('O'),
                                                                         'mapping': Kobieta      0
Mê¿czyzna    1
NaN         -1
dtype: int64}]))),
                ('onehot_encoding',
                 TransformerWrapper(include=['age', 'edu_level', 'fav_animals',
                                             'fav_place'],
                                    transformer=OneHotEncoder(cols=['age',
                                                                    'edu_level',
                                                                    'fav_animals',
                                                                    'fav_place'],
                                                              handle_missing='return_nan',
                                                              use_cat_names=True))),
                ('trained_model', KMeans(random_state=123))]), ml_usecase=None)
2025-02-03 14:50:06,086:INFO:Set up data.
2025-02-03 14:50:15,155:INFO:Initializing predict_model()
2025-02-03 14:50:15,156:INFO:predict_model(self=<pycaret.clustering.oop.ClusteringExperiment object at 0x00000192C080D1D0>, estimator=Pipeline(memory=Memory(location=None),
         steps=[('numerical_imputer',
                 TransformerWrapper(include=[], transformer=SimpleImputer())),
                ('categorical_imputer',
                 TransformerWrapper(include=['age', 'edu_level', 'fav_animals',
                                             'fav_place', 'gender'],
                                    transformer=SimpleImputer(strategy='most_frequent'))),
                ('ordinal_encoding',
                 TransformerWrapper(include=['gender'],
                                    transfo...
                                                               mapping=[{'col': 'gender',
                                                                         'data_type': dtype('O'),
                                                                         'mapping': Kobieta      0
Mê¿czyzna    1
NaN         -1
dtype: int64}]))),
                ('onehot_encoding',
                 TransformerWrapper(include=['age', 'edu_level', 'fav_animals',
                                             'fav_place'],
                                    transformer=OneHotEncoder(cols=['age',
                                                                    'edu_level',
                                                                    'fav_animals',
                                                                    'fav_place'],
                                                              handle_missing='return_nan',
                                                              use_cat_names=True))),
                ('trained_model', KMeans(random_state=123))]), ml_usecase=None)
2025-02-03 14:50:15,156:INFO:Set up data.
2025-02-03 14:50:28,694:INFO:Initializing predict_model()
2025-02-03 14:50:28,694:INFO:predict_model(self=<pycaret.clustering.oop.ClusteringExperiment object at 0x00000192CAC48B10>, estimator=Pipeline(memory=Memory(location=None),
         steps=[('numerical_imputer',
                 TransformerWrapper(include=[], transformer=SimpleImputer())),
                ('categorical_imputer',
                 TransformerWrapper(include=['age', 'edu_level', 'fav_animals',
                                             'fav_place', 'gender'],
                                    transformer=SimpleImputer(strategy='most_frequent'))),
                ('ordinal_encoding',
                 TransformerWrapper(include=['gender'],
                                    transfo...
                                                               mapping=[{'col': 'gender',
                                                                         'data_type': dtype('O'),
                                                                         'mapping': Kobieta      0
Mê¿czyzna    1
NaN         -1
dtype: int64}]))),
                ('onehot_encoding',
                 TransformerWrapper(include=['age', 'edu_level', 'fav_animals',
                                             'fav_place'],
                                    transformer=OneHotEncoder(cols=['age',
                                                                    'edu_level',
                                                                    'fav_animals',
                                                                    'fav_place'],
                                                              handle_missing='return_nan',
                                                              use_cat_names=True))),
                ('trained_model', KMeans(random_state=123))]), ml_usecase=None)
2025-02-03 14:50:28,694:INFO:Set up data.
2025-02-03 14:50:31,292:INFO:Initializing predict_model()
2025-02-03 14:50:31,292:INFO:predict_model(self=<pycaret.clustering.oop.ClusteringExperiment object at 0x00000192C080D9D0>, estimator=Pipeline(memory=Memory(location=None),
         steps=[('numerical_imputer',
                 TransformerWrapper(include=[], transformer=SimpleImputer())),
                ('categorical_imputer',
                 TransformerWrapper(include=['age', 'edu_level', 'fav_animals',
                                             'fav_place', 'gender'],
                                    transformer=SimpleImputer(strategy='most_frequent'))),
                ('ordinal_encoding',
                 TransformerWrapper(include=['gender'],
                                    transfo...
                                                               mapping=[{'col': 'gender',
                                                                         'data_type': dtype('O'),
                                                                         'mapping': Kobieta      0
Mê¿czyzna    1
NaN         -1
dtype: int64}]))),
                ('onehot_encoding',
                 TransformerWrapper(include=['age', 'edu_level', 'fav_animals',
                                             'fav_place'],
                                    transformer=OneHotEncoder(cols=['age',
                                                                    'edu_level',
                                                                    'fav_animals',
                                                                    'fav_place'],
                                                              handle_missing='return_nan',
                                                              use_cat_names=True))),
                ('trained_model', KMeans(random_state=123))]), ml_usecase=None)
2025-02-03 14:50:31,293:INFO:Set up data.
2025-02-03 14:50:34,058:INFO:Initializing predict_model()
2025-02-03 14:50:34,058:INFO:predict_model(self=<pycaret.clustering.oop.ClusteringExperiment object at 0x00000192C056D450>, estimator=Pipeline(memory=Memory(location=None),
         steps=[('numerical_imputer',
                 TransformerWrapper(include=[], transformer=SimpleImputer())),
                ('categorical_imputer',
                 TransformerWrapper(include=['age', 'edu_level', 'fav_animals',
                                             'fav_place', 'gender'],
                                    transformer=SimpleImputer(strategy='most_frequent'))),
                ('ordinal_encoding',
                 TransformerWrapper(include=['gender'],
                                    transfo...
                                                               mapping=[{'col': 'gender',
                                                                         'data_type': dtype('O'),
                                                                         'mapping': Kobieta      0
Mê¿czyzna    1
NaN         -1
dtype: int64}]))),
                ('onehot_encoding',
                 TransformerWrapper(include=['age', 'edu_level', 'fav_animals',
                                             'fav_place'],
                                    transformer=OneHotEncoder(cols=['age',
                                                                    'edu_level',
                                                                    'fav_animals',
                                                                    'fav_place'],
                                                              handle_missing='return_nan',
                                                              use_cat_names=True))),
                ('trained_model', KMeans(random_state=123))]), ml_usecase=None)
2025-02-03 14:50:34,059:INFO:Set up data.
2025-02-03 14:50:36,348:INFO:Initializing predict_model()
2025-02-03 14:50:36,348:INFO:predict_model(self=<pycaret.clustering.oop.ClusteringExperiment object at 0x00000192CBBB90D0>, estimator=Pipeline(memory=Memory(location=None),
         steps=[('numerical_imputer',
                 TransformerWrapper(include=[], transformer=SimpleImputer())),
                ('categorical_imputer',
                 TransformerWrapper(include=['age', 'edu_level', 'fav_animals',
                                             'fav_place', 'gender'],
                                    transformer=SimpleImputer(strategy='most_frequent'))),
                ('ordinal_encoding',
                 TransformerWrapper(include=['gender'],
                                    transfo...
                                                               mapping=[{'col': 'gender',
                                                                         'data_type': dtype('O'),
                                                                         'mapping': Kobieta      0
Mê¿czyzna    1
NaN         -1
dtype: int64}]))),
                ('onehot_encoding',
                 TransformerWrapper(include=['age', 'edu_level', 'fav_animals',
                                             'fav_place'],
                                    transformer=OneHotEncoder(cols=['age',
                                                                    'edu_level',
                                                                    'fav_animals',
                                                                    'fav_place'],
                                                              handle_missing='return_nan',
                                                              use_cat_names=True))),
                ('trained_model', KMeans(random_state=123))]), ml_usecase=None)
2025-02-03 14:50:36,348:INFO:Set up data.
2025-02-03 14:50:40,617:INFO:Initializing predict_model()
2025-02-03 14:50:40,617:INFO:predict_model(self=<pycaret.clustering.oop.ClusteringExperiment object at 0x00000192CBBEECD0>, estimator=Pipeline(memory=Memory(location=None),
         steps=[('numerical_imputer',
                 TransformerWrapper(include=[], transformer=SimpleImputer())),
                ('categorical_imputer',
                 TransformerWrapper(include=['age', 'edu_level', 'fav_animals',
                                             'fav_place', 'gender'],
                                    transformer=SimpleImputer(strategy='most_frequent'))),
                ('ordinal_encoding',
                 TransformerWrapper(include=['gender'],
                                    transfo...
                                                               mapping=[{'col': 'gender',
                                                                         'data_type': dtype('O'),
                                                                         'mapping': Kobieta      0
Mê¿czyzna    1
NaN         -1
dtype: int64}]))),
                ('onehot_encoding',
                 TransformerWrapper(include=['age', 'edu_level', 'fav_animals',
                                             'fav_place'],
                                    transformer=OneHotEncoder(cols=['age',
                                                                    'edu_level',
                                                                    'fav_animals',
                                                                    'fav_place'],
                                                              handle_missing='return_nan',
                                                              use_cat_names=True))),
                ('trained_model', KMeans(random_state=123))]), ml_usecase=None)
2025-02-03 14:50:40,617:INFO:Set up data.
2025-02-03 14:50:42,214:INFO:Initializing predict_model()
2025-02-03 14:50:42,214:INFO:predict_model(self=<pycaret.clustering.oop.ClusteringExperiment object at 0x00000192CA220450>, estimator=Pipeline(memory=Memory(location=None),
         steps=[('numerical_imputer',
                 TransformerWrapper(include=[], transformer=SimpleImputer())),
                ('categorical_imputer',
                 TransformerWrapper(include=['age', 'edu_level', 'fav_animals',
                                             'fav_place', 'gender'],
                                    transformer=SimpleImputer(strategy='most_frequent'))),
                ('ordinal_encoding',
                 TransformerWrapper(include=['gender'],
                                    transfo...
                                                               mapping=[{'col': 'gender',
                                                                         'data_type': dtype('O'),
                                                                         'mapping': Kobieta      0
Mê¿czyzna    1
NaN         -1
dtype: int64}]))),
                ('onehot_encoding',
                 TransformerWrapper(include=['age', 'edu_level', 'fav_animals',
                                             'fav_place'],
                                    transformer=OneHotEncoder(cols=['age',
                                                                    'edu_level',
                                                                    'fav_animals',
                                                                    'fav_place'],
                                                              handle_missing='return_nan',
                                                              use_cat_names=True))),
                ('trained_model', KMeans(random_state=123))]), ml_usecase=None)
2025-02-03 14:50:42,214:INFO:Set up data.
2025-02-03 14:51:03,487:INFO:Initializing predict_model()
2025-02-03 14:51:03,488:INFO:predict_model(self=<pycaret.clustering.oop.ClusteringExperiment object at 0x00000192CAFF0150>, estimator=Pipeline(memory=Memory(location=None),
         steps=[('numerical_imputer',
                 TransformerWrapper(include=[], transformer=SimpleImputer())),
                ('categorical_imputer',
                 TransformerWrapper(include=['age', 'edu_level', 'fav_animals',
                                             'fav_place', 'gender'],
                                    transformer=SimpleImputer(strategy='most_frequent'))),
                ('ordinal_encoding',
                 TransformerWrapper(include=['gender'],
                                    transfo...
                                                               mapping=[{'col': 'gender',
                                                                         'data_type': dtype('O'),
                                                                         'mapping': Kobieta      0
Mê¿czyzna    1
NaN         -1
dtype: int64}]))),
                ('onehot_encoding',
                 TransformerWrapper(include=['age', 'edu_level', 'fav_animals',
                                             'fav_place'],
                                    transformer=OneHotEncoder(cols=['age',
                                                                    'edu_level',
                                                                    'fav_animals',
                                                                    'fav_place'],
                                                              handle_missing='return_nan',
                                                              use_cat_names=True))),
                ('trained_model', KMeans(random_state=123))]), ml_usecase=None)
2025-02-03 14:51:03,488:INFO:Set up data.
2025-02-03 14:51:11,868:INFO:Initializing predict_model()
2025-02-03 14:51:11,869:INFO:predict_model(self=<pycaret.clustering.oop.ClusteringExperiment object at 0x00000192CAC4CCD0>, estimator=Pipeline(memory=Memory(location=None),
         steps=[('numerical_imputer',
                 TransformerWrapper(include=[], transformer=SimpleImputer())),
                ('categorical_imputer',
                 TransformerWrapper(include=['age', 'edu_level', 'fav_animals',
                                             'fav_place', 'gender'],
                                    transformer=SimpleImputer(strategy='most_frequent'))),
                ('ordinal_encoding',
                 TransformerWrapper(include=['gender'],
                                    transfo...
                                                               mapping=[{'col': 'gender',
                                                                         'data_type': dtype('O'),
                                                                         'mapping': Kobieta      0
Mê¿czyzna    1
NaN         -1
dtype: int64}]))),
                ('onehot_encoding',
                 TransformerWrapper(include=['age', 'edu_level', 'fav_animals',
                                             'fav_place'],
                                    transformer=OneHotEncoder(cols=['age',
                                                                    'edu_level',
                                                                    'fav_animals',
                                                                    'fav_place'],
                                                              handle_missing='return_nan',
                                                              use_cat_names=True))),
                ('trained_model', KMeans(random_state=123))]), ml_usecase=None)
2025-02-03 14:51:11,869:INFO:Set up data.
2025-02-03 14:51:13,623:INFO:Initializing predict_model()
2025-02-03 14:51:13,623:INFO:predict_model(self=<pycaret.clustering.oop.ClusteringExperiment object at 0x00000192C07BB450>, estimator=Pipeline(memory=Memory(location=None),
         steps=[('numerical_imputer',
                 TransformerWrapper(include=[], transformer=SimpleImputer())),
                ('categorical_imputer',
                 TransformerWrapper(include=['age', 'edu_level', 'fav_animals',
                                             'fav_place', 'gender'],
                                    transformer=SimpleImputer(strategy='most_frequent'))),
                ('ordinal_encoding',
                 TransformerWrapper(include=['gender'],
                                    transfo...
                                                               mapping=[{'col': 'gender',
                                                                         'data_type': dtype('O'),
                                                                         'mapping': Kobieta      0
Mê¿czyzna    1
NaN         -1
dtype: int64}]))),
                ('onehot_encoding',
                 TransformerWrapper(include=['age', 'edu_level', 'fav_animals',
                                             'fav_place'],
                                    transformer=OneHotEncoder(cols=['age',
                                                                    'edu_level',
                                                                    'fav_animals',
                                                                    'fav_place'],
                                                              handle_missing='return_nan',
                                                              use_cat_names=True))),
                ('trained_model', KMeans(random_state=123))]), ml_usecase=None)
2025-02-03 14:51:13,623:INFO:Set up data.
2025-02-03 14:52:17,553:INFO:Initializing predict_model()
2025-02-03 14:52:17,554:INFO:predict_model(self=<pycaret.clustering.oop.ClusteringExperiment object at 0x00000192CBBEC710>, estimator=Pipeline(memory=Memory(location=None),
         steps=[('numerical_imputer',
                 TransformerWrapper(include=[], transformer=SimpleImputer())),
                ('categorical_imputer',
                 TransformerWrapper(include=['age', 'edu_level', 'fav_animals',
                                             'fav_place', 'gender'],
                                    transformer=SimpleImputer(strategy='most_frequent'))),
                ('ordinal_encoding',
                 TransformerWrapper(include=['gender'],
                                    transfo...
                                                               mapping=[{'col': 'gender',
                                                                         'data_type': dtype('O'),
                                                                         'mapping': Kobieta      0
Mê¿czyzna    1
NaN         -1
dtype: int64}]))),
                ('onehot_encoding',
                 TransformerWrapper(include=['age', 'edu_level', 'fav_animals',
                                             'fav_place'],
                                    transformer=OneHotEncoder(cols=['age',
                                                                    'edu_level',
                                                                    'fav_animals',
                                                                    'fav_place'],
                                                              handle_missing='return_nan',
                                                              use_cat_names=True))),
                ('trained_model', KMeans(random_state=123))]), ml_usecase=None)
2025-02-03 14:52:17,554:INFO:Set up data.
2025-02-03 14:52:25,920:INFO:Initializing predict_model()
2025-02-03 14:52:25,920:INFO:predict_model(self=<pycaret.clustering.oop.ClusteringExperiment object at 0x00000192CB988AD0>, estimator=Pipeline(memory=Memory(location=None),
         steps=[('numerical_imputer',
                 TransformerWrapper(include=[], transformer=SimpleImputer())),
                ('categorical_imputer',
                 TransformerWrapper(include=['age', 'edu_level', 'fav_animals',
                                             'fav_place', 'gender'],
                                    transformer=SimpleImputer(strategy='most_frequent'))),
                ('ordinal_encoding',
                 TransformerWrapper(include=['gender'],
                                    transfo...
                                                               mapping=[{'col': 'gender',
                                                                         'data_type': dtype('O'),
                                                                         'mapping': Kobieta      0
Mê¿czyzna    1
NaN         -1
dtype: int64}]))),
                ('onehot_encoding',
                 TransformerWrapper(include=['age', 'edu_level', 'fav_animals',
                                             'fav_place'],
                                    transformer=OneHotEncoder(cols=['age',
                                                                    'edu_level',
                                                                    'fav_animals',
                                                                    'fav_place'],
                                                              handle_missing='return_nan',
                                                              use_cat_names=True))),
                ('trained_model', KMeans(random_state=123))]), ml_usecase=None)
2025-02-03 14:52:25,921:INFO:Set up data.
2025-02-03 14:52:30,684:INFO:Initializing predict_model()
2025-02-03 14:52:30,684:INFO:predict_model(self=<pycaret.clustering.oop.ClusteringExperiment object at 0x00000192C07D2CD0>, estimator=Pipeline(memory=Memory(location=None),
         steps=[('numerical_imputer',
                 TransformerWrapper(include=[], transformer=SimpleImputer())),
                ('categorical_imputer',
                 TransformerWrapper(include=['age', 'edu_level', 'fav_animals',
                                             'fav_place', 'gender'],
                                    transformer=SimpleImputer(strategy='most_frequent'))),
                ('ordinal_encoding',
                 TransformerWrapper(include=['gender'],
                                    transfo...
                                                               mapping=[{'col': 'gender',
                                                                         'data_type': dtype('O'),
                                                                         'mapping': Kobieta      0
Mê¿czyzna    1
NaN         -1
dtype: int64}]))),
                ('onehot_encoding',
                 TransformerWrapper(include=['age', 'edu_level', 'fav_animals',
                                             'fav_place'],
                                    transformer=OneHotEncoder(cols=['age',
                                                                    'edu_level',
                                                                    'fav_animals',
                                                                    'fav_place'],
                                                              handle_missing='return_nan',
                                                              use_cat_names=True))),
                ('trained_model', KMeans(random_state=123))]), ml_usecase=None)
2025-02-03 14:52:30,685:INFO:Set up data.
2025-02-03 14:52:36,932:INFO:Initializing predict_model()
2025-02-03 14:52:36,933:INFO:predict_model(self=<pycaret.clustering.oop.ClusteringExperiment object at 0x00000192CAFCF3D0>, estimator=Pipeline(memory=Memory(location=None),
         steps=[('numerical_imputer',
                 TransformerWrapper(include=[], transformer=SimpleImputer())),
                ('categorical_imputer',
                 TransformerWrapper(include=['age', 'edu_level', 'fav_animals',
                                             'fav_place', 'gender'],
                                    transformer=SimpleImputer(strategy='most_frequent'))),
                ('ordinal_encoding',
                 TransformerWrapper(include=['gender'],
                                    transfo...
                                                               mapping=[{'col': 'gender',
                                                                         'data_type': dtype('O'),
                                                                         'mapping': Kobieta      0
Mê¿czyzna    1
NaN         -1
dtype: int64}]))),
                ('onehot_encoding',
                 TransformerWrapper(include=['age', 'edu_level', 'fav_animals',
                                             'fav_place'],
                                    transformer=OneHotEncoder(cols=['age',
                                                                    'edu_level',
                                                                    'fav_animals',
                                                                    'fav_place'],
                                                              handle_missing='return_nan',
                                                              use_cat_names=True))),
                ('trained_model', KMeans(random_state=123))]), ml_usecase=None)
2025-02-03 14:52:36,933:INFO:Set up data.
2025-02-03 14:52:43,546:INFO:Initializing predict_model()
2025-02-03 14:52:43,546:INFO:predict_model(self=<pycaret.clustering.oop.ClusteringExperiment object at 0x00000192CB983090>, estimator=Pipeline(memory=Memory(location=None),
         steps=[('numerical_imputer',
                 TransformerWrapper(include=[], transformer=SimpleImputer())),
                ('categorical_imputer',
                 TransformerWrapper(include=['age', 'edu_level', 'fav_animals',
                                             'fav_place', 'gender'],
                                    transformer=SimpleImputer(strategy='most_frequent'))),
                ('ordinal_encoding',
                 TransformerWrapper(include=['gender'],
                                    transfo...
                                                               mapping=[{'col': 'gender',
                                                                         'data_type': dtype('O'),
                                                                         'mapping': Kobieta      0
Mê¿czyzna    1
NaN         -1
dtype: int64}]))),
                ('onehot_encoding',
                 TransformerWrapper(include=['age', 'edu_level', 'fav_animals',
                                             'fav_place'],
                                    transformer=OneHotEncoder(cols=['age',
                                                                    'edu_level',
                                                                    'fav_animals',
                                                                    'fav_place'],
                                                              handle_missing='return_nan',
                                                              use_cat_names=True))),
                ('trained_model', KMeans(random_state=123))]), ml_usecase=None)
2025-02-03 14:52:43,547:INFO:Set up data.
2025-02-03 14:52:46,225:INFO:Initializing predict_model()
2025-02-03 14:52:46,226:INFO:predict_model(self=<pycaret.clustering.oop.ClusteringExperiment object at 0x00000192C00705D0>, estimator=Pipeline(memory=Memory(location=None),
         steps=[('numerical_imputer',
                 TransformerWrapper(include=[], transformer=SimpleImputer())),
                ('categorical_imputer',
                 TransformerWrapper(include=['age', 'edu_level', 'fav_animals',
                                             'fav_place', 'gender'],
                                    transformer=SimpleImputer(strategy='most_frequent'))),
                ('ordinal_encoding',
                 TransformerWrapper(include=['gender'],
                                    transfo...
                                                               mapping=[{'col': 'gender',
                                                                         'data_type': dtype('O'),
                                                                         'mapping': Kobieta      0
Mê¿czyzna    1
NaN         -1
dtype: int64}]))),
                ('onehot_encoding',
                 TransformerWrapper(include=['age', 'edu_level', 'fav_animals',
                                             'fav_place'],
                                    transformer=OneHotEncoder(cols=['age',
                                                                    'edu_level',
                                                                    'fav_animals',
                                                                    'fav_place'],
                                                              handle_missing='return_nan',
                                                              use_cat_names=True))),
                ('trained_model', KMeans(random_state=123))]), ml_usecase=None)
2025-02-03 14:52:46,226:INFO:Set up data.
2025-02-03 14:53:31,632:INFO:Initializing predict_model()
2025-02-03 14:53:31,632:INFO:predict_model(self=<pycaret.clustering.oop.ClusteringExperiment object at 0x00000192CBCE5490>, estimator=Pipeline(memory=Memory(location=None),
         steps=[('numerical_imputer',
                 TransformerWrapper(include=[], transformer=SimpleImputer())),
                ('categorical_imputer',
                 TransformerWrapper(include=['age', 'edu_level', 'fav_animals',
                                             'fav_place', 'gender'],
                                    transformer=SimpleImputer(strategy='most_frequent'))),
                ('ordinal_encoding',
                 TransformerWrapper(include=['gender'],
                                    transfo...
                                                               mapping=[{'col': 'gender',
                                                                         'data_type': dtype('O'),
                                                                         'mapping': Kobieta      0
Mê¿czyzna    1
NaN         -1
dtype: int64}]))),
                ('onehot_encoding',
                 TransformerWrapper(include=['age', 'edu_level', 'fav_animals',
                                             'fav_place'],
                                    transformer=OneHotEncoder(cols=['age',
                                                                    'edu_level',
                                                                    'fav_animals',
                                                                    'fav_place'],
                                                              handle_missing='return_nan',
                                                              use_cat_names=True))),
                ('trained_model', KMeans(random_state=123))]), ml_usecase=None)
2025-02-03 14:53:31,633:INFO:Set up data.
2025-02-03 14:53:41,199:INFO:Initializing predict_model()
2025-02-03 14:53:41,199:INFO:predict_model(self=<pycaret.clustering.oop.ClusteringExperiment object at 0x00000192CB057F50>, estimator=Pipeline(memory=Memory(location=None),
         steps=[('numerical_imputer',
                 TransformerWrapper(include=[], transformer=SimpleImputer())),
                ('categorical_imputer',
                 TransformerWrapper(include=['age', 'edu_level', 'fav_animals',
                                             'fav_place', 'gender'],
                                    transformer=SimpleImputer(strategy='most_frequent'))),
                ('ordinal_encoding',
                 TransformerWrapper(include=['gender'],
                                    transfo...
                                                               mapping=[{'col': 'gender',
                                                                         'data_type': dtype('O'),
                                                                         'mapping': Kobieta      0
Mê¿czyzna    1
NaN         -1
dtype: int64}]))),
                ('onehot_encoding',
                 TransformerWrapper(include=['age', 'edu_level', 'fav_animals',
                                             'fav_place'],
                                    transformer=OneHotEncoder(cols=['age',
                                                                    'edu_level',
                                                                    'fav_animals',
                                                                    'fav_place'],
                                                              handle_missing='return_nan',
                                                              use_cat_names=True))),
                ('trained_model', KMeans(random_state=123))]), ml_usecase=None)
2025-02-03 14:53:41,199:INFO:Set up data.
2025-02-03 14:53:46,654:INFO:Initializing predict_model()
2025-02-03 14:53:46,654:INFO:predict_model(self=<pycaret.clustering.oop.ClusteringExperiment object at 0x00000192CAC4BCD0>, estimator=Pipeline(memory=Memory(location=None),
         steps=[('numerical_imputer',
                 TransformerWrapper(include=[], transformer=SimpleImputer())),
                ('categorical_imputer',
                 TransformerWrapper(include=['age', 'edu_level', 'fav_animals',
                                             'fav_place', 'gender'],
                                    transformer=SimpleImputer(strategy='most_frequent'))),
                ('ordinal_encoding',
                 TransformerWrapper(include=['gender'],
                                    transfo...
                                                               mapping=[{'col': 'gender',
                                                                         'data_type': dtype('O'),
                                                                         'mapping': Kobieta      0
Mê¿czyzna    1
NaN         -1
dtype: int64}]))),
                ('onehot_encoding',
                 TransformerWrapper(include=['age', 'edu_level', 'fav_animals',
                                             'fav_place'],
                                    transformer=OneHotEncoder(cols=['age',
                                                                    'edu_level',
                                                                    'fav_animals',
                                                                    'fav_place'],
                                                              handle_missing='return_nan',
                                                              use_cat_names=True))),
                ('trained_model', KMeans(random_state=123))]), ml_usecase=None)
2025-02-03 14:53:46,654:INFO:Set up data.
2025-02-03 14:53:56,242:INFO:Initializing predict_model()
2025-02-03 14:53:56,243:INFO:predict_model(self=<pycaret.clustering.oop.ClusteringExperiment object at 0x00000192CAF60790>, estimator=Pipeline(memory=Memory(location=None),
         steps=[('numerical_imputer',
                 TransformerWrapper(include=[], transformer=SimpleImputer())),
                ('categorical_imputer',
                 TransformerWrapper(include=['age', 'edu_level', 'fav_animals',
                                             'fav_place', 'gender'],
                                    transformer=SimpleImputer(strategy='most_frequent'))),
                ('ordinal_encoding',
                 TransformerWrapper(include=['gender'],
                                    transfo...
                                                               mapping=[{'col': 'gender',
                                                                         'data_type': dtype('O'),
                                                                         'mapping': Kobieta      0
Mê¿czyzna    1
NaN         -1
dtype: int64}]))),
                ('onehot_encoding',
                 TransformerWrapper(include=['age', 'edu_level', 'fav_animals',
                                             'fav_place'],
                                    transformer=OneHotEncoder(cols=['age',
                                                                    'edu_level',
                                                                    'fav_animals',
                                                                    'fav_place'],
                                                              handle_missing='return_nan',
                                                              use_cat_names=True))),
                ('trained_model', KMeans(random_state=123))]), ml_usecase=None)
2025-02-03 14:53:56,243:INFO:Set up data.
2025-02-03 14:54:02,967:INFO:Initializing predict_model()
2025-02-03 14:54:02,967:INFO:predict_model(self=<pycaret.clustering.oop.ClusteringExperiment object at 0x00000192CB980310>, estimator=Pipeline(memory=Memory(location=None),
         steps=[('numerical_imputer',
                 TransformerWrapper(include=[], transformer=SimpleImputer())),
                ('categorical_imputer',
                 TransformerWrapper(include=['age', 'edu_level', 'fav_animals',
                                             'fav_place', 'gender'],
                                    transformer=SimpleImputer(strategy='most_frequent'))),
                ('ordinal_encoding',
                 TransformerWrapper(include=['gender'],
                                    transfo...
                                                               mapping=[{'col': 'gender',
                                                                         'data_type': dtype('O'),
                                                                         'mapping': Kobieta      0
Mê¿czyzna    1
NaN         -1
dtype: int64}]))),
                ('onehot_encoding',
                 TransformerWrapper(include=['age', 'edu_level', 'fav_animals',
                                             'fav_place'],
                                    transformer=OneHotEncoder(cols=['age',
                                                                    'edu_level',
                                                                    'fav_animals',
                                                                    'fav_place'],
                                                              handle_missing='return_nan',
                                                              use_cat_names=True))),
                ('trained_model', KMeans(random_state=123))]), ml_usecase=None)
2025-02-03 14:54:02,967:INFO:Set up data.
2025-02-03 14:54:13,287:INFO:Initializing predict_model()
2025-02-03 14:54:13,288:INFO:predict_model(self=<pycaret.clustering.oop.ClusteringExperiment object at 0x00000192CAFE3490>, estimator=Pipeline(memory=Memory(location=None),
         steps=[('numerical_imputer',
                 TransformerWrapper(include=[], transformer=SimpleImputer())),
                ('categorical_imputer',
                 TransformerWrapper(include=['age', 'edu_level', 'fav_animals',
                                             'fav_place', 'gender'],
                                    transformer=SimpleImputer(strategy='most_frequent'))),
                ('ordinal_encoding',
                 TransformerWrapper(include=['gender'],
                                    transfo...
                                                               mapping=[{'col': 'gender',
                                                                         'data_type': dtype('O'),
                                                                         'mapping': Kobieta      0
Mê¿czyzna    1
NaN         -1
dtype: int64}]))),
                ('onehot_encoding',
                 TransformerWrapper(include=['age', 'edu_level', 'fav_animals',
                                             'fav_place'],
                                    transformer=OneHotEncoder(cols=['age',
                                                                    'edu_level',
                                                                    'fav_animals',
                                                                    'fav_place'],
                                                              handle_missing='return_nan',
                                                              use_cat_names=True))),
                ('trained_model', KMeans(random_state=123))]), ml_usecase=None)
2025-02-03 14:54:13,288:INFO:Set up data.
2025-02-03 14:54:34,208:INFO:Initializing predict_model()
2025-02-03 14:54:34,209:INFO:predict_model(self=<pycaret.clustering.oop.ClusteringExperiment object at 0x00000192CAFDF4D0>, estimator=Pipeline(memory=Memory(location=None),
         steps=[('numerical_imputer',
                 TransformerWrapper(include=[], transformer=SimpleImputer())),
                ('categorical_imputer',
                 TransformerWrapper(include=['age', 'edu_level', 'fav_animals',
                                             'fav_place', 'gender'],
                                    transformer=SimpleImputer(strategy='most_frequent'))),
                ('ordinal_encoding',
                 TransformerWrapper(include=['gender'],
                                    transfo...
                                                               mapping=[{'col': 'gender',
                                                                         'data_type': dtype('O'),
                                                                         'mapping': Kobieta      0
Mê¿czyzna    1
NaN         -1
dtype: int64}]))),
                ('onehot_encoding',
                 TransformerWrapper(include=['age', 'edu_level', 'fav_animals',
                                             'fav_place'],
                                    transformer=OneHotEncoder(cols=['age',
                                                                    'edu_level',
                                                                    'fav_animals',
                                                                    'fav_place'],
                                                              handle_missing='return_nan',
                                                              use_cat_names=True))),
                ('trained_model', KMeans(random_state=123))]), ml_usecase=None)
2025-02-03 14:54:34,209:INFO:Set up data.
2025-02-03 14:54:40,598:INFO:Initializing predict_model()
2025-02-03 14:54:40,598:INFO:predict_model(self=<pycaret.clustering.oop.ClusteringExperiment object at 0x00000192CAF96F90>, estimator=Pipeline(memory=Memory(location=None),
         steps=[('numerical_imputer',
                 TransformerWrapper(include=[], transformer=SimpleImputer())),
                ('categorical_imputer',
                 TransformerWrapper(include=['age', 'edu_level', 'fav_animals',
                                             'fav_place', 'gender'],
                                    transformer=SimpleImputer(strategy='most_frequent'))),
                ('ordinal_encoding',
                 TransformerWrapper(include=['gender'],
                                    transfo...
                                                               mapping=[{'col': 'gender',
                                                                         'data_type': dtype('O'),
                                                                         'mapping': Kobieta      0
Mê¿czyzna    1
NaN         -1
dtype: int64}]))),
                ('onehot_encoding',
                 TransformerWrapper(include=['age', 'edu_level', 'fav_animals',
                                             'fav_place'],
                                    transformer=OneHotEncoder(cols=['age',
                                                                    'edu_level',
                                                                    'fav_animals',
                                                                    'fav_place'],
                                                              handle_missing='return_nan',
                                                              use_cat_names=True))),
                ('trained_model', KMeans(random_state=123))]), ml_usecase=None)
2025-02-03 14:54:40,599:INFO:Set up data.
2025-02-03 14:54:50,449:INFO:Initializing predict_model()
2025-02-03 14:54:50,449:INFO:predict_model(self=<pycaret.clustering.oop.ClusteringExperiment object at 0x00000192C2512310>, estimator=Pipeline(memory=Memory(location=None),
         steps=[('numerical_imputer',
                 TransformerWrapper(include=[], transformer=SimpleImputer())),
                ('categorical_imputer',
                 TransformerWrapper(include=['age', 'edu_level', 'fav_animals',
                                             'fav_place', 'gender'],
                                    transformer=SimpleImputer(strategy='most_frequent'))),
                ('ordinal_encoding',
                 TransformerWrapper(include=['gender'],
                                    transfo...
                                                               mapping=[{'col': 'gender',
                                                                         'data_type': dtype('O'),
                                                                         'mapping': Kobieta      0
Mê¿czyzna    1
NaN         -1
dtype: int64}]))),
                ('onehot_encoding',
                 TransformerWrapper(include=['age', 'edu_level', 'fav_animals',
                                             'fav_place'],
                                    transformer=OneHotEncoder(cols=['age',
                                                                    'edu_level',
                                                                    'fav_animals',
                                                                    'fav_place'],
                                                              handle_missing='return_nan',
                                                              use_cat_names=True))),
                ('trained_model', KMeans(random_state=123))]), ml_usecase=None)
2025-02-03 14:54:50,449:INFO:Set up data.
2025-02-03 14:54:59,884:INFO:Initializing predict_model()
2025-02-03 14:54:59,884:INFO:predict_model(self=<pycaret.clustering.oop.ClusteringExperiment object at 0x00000192CAF59AD0>, estimator=Pipeline(memory=Memory(location=None),
         steps=[('numerical_imputer',
                 TransformerWrapper(include=[], transformer=SimpleImputer())),
                ('categorical_imputer',
                 TransformerWrapper(include=['age', 'edu_level', 'fav_animals',
                                             'fav_place', 'gender'],
                                    transformer=SimpleImputer(strategy='most_frequent'))),
                ('ordinal_encoding',
                 TransformerWrapper(include=['gender'],
                                    transfo...
                                                               mapping=[{'col': 'gender',
                                                                         'data_type': dtype('O'),
                                                                         'mapping': Kobieta      0
Mê¿czyzna    1
NaN         -1
dtype: int64}]))),
                ('onehot_encoding',
                 TransformerWrapper(include=['age', 'edu_level', 'fav_animals',
                                             'fav_place'],
                                    transformer=OneHotEncoder(cols=['age',
                                                                    'edu_level',
                                                                    'fav_animals',
                                                                    'fav_place'],
                                                              handle_missing='return_nan',
                                                              use_cat_names=True))),
                ('trained_model', KMeans(random_state=123))]), ml_usecase=None)
2025-02-03 14:54:59,884:INFO:Set up data.
2025-02-03 14:55:08,824:INFO:Initializing predict_model()
2025-02-03 14:55:08,824:INFO:predict_model(self=<pycaret.clustering.oop.ClusteringExperiment object at 0x00000192CBC1AF10>, estimator=Pipeline(memory=Memory(location=None),
         steps=[('numerical_imputer',
                 TransformerWrapper(include=[], transformer=SimpleImputer())),
                ('categorical_imputer',
                 TransformerWrapper(include=['age', 'edu_level', 'fav_animals',
                                             'fav_place', 'gender'],
                                    transformer=SimpleImputer(strategy='most_frequent'))),
                ('ordinal_encoding',
                 TransformerWrapper(include=['gender'],
                                    transfo...
                                                               mapping=[{'col': 'gender',
                                                                         'data_type': dtype('O'),
                                                                         'mapping': Kobieta      0
Mê¿czyzna    1
NaN         -1
dtype: int64}]))),
                ('onehot_encoding',
                 TransformerWrapper(include=['age', 'edu_level', 'fav_animals',
                                             'fav_place'],
                                    transformer=OneHotEncoder(cols=['age',
                                                                    'edu_level',
                                                                    'fav_animals',
                                                                    'fav_place'],
                                                              handle_missing='return_nan',
                                                              use_cat_names=True))),
                ('trained_model', KMeans(random_state=123))]), ml_usecase=None)
2025-02-03 14:55:08,824:INFO:Set up data.
2025-02-03 14:55:19,854:INFO:Initializing predict_model()
2025-02-03 14:55:19,854:INFO:predict_model(self=<pycaret.clustering.oop.ClusteringExperiment object at 0x00000192BFD6E1D0>, estimator=Pipeline(memory=Memory(location=None),
         steps=[('numerical_imputer',
                 TransformerWrapper(include=[], transformer=SimpleImputer())),
                ('categorical_imputer',
                 TransformerWrapper(include=['age', 'edu_level', 'fav_animals',
                                             'fav_place', 'gender'],
                                    transformer=SimpleImputer(strategy='most_frequent'))),
                ('ordinal_encoding',
                 TransformerWrapper(include=['gender'],
                                    transfo...
                                                               mapping=[{'col': 'gender',
                                                                         'data_type': dtype('O'),
                                                                         'mapping': Kobieta      0
Mê¿czyzna    1
NaN         -1
dtype: int64}]))),
                ('onehot_encoding',
                 TransformerWrapper(include=['age', 'edu_level', 'fav_animals',
                                             'fav_place'],
                                    transformer=OneHotEncoder(cols=['age',
                                                                    'edu_level',
                                                                    'fav_animals',
                                                                    'fav_place'],
                                                              handle_missing='return_nan',
                                                              use_cat_names=True))),
                ('trained_model', KMeans(random_state=123))]), ml_usecase=None)
2025-02-03 14:55:19,855:INFO:Set up data.
2025-02-03 14:55:25,170:INFO:Initializing predict_model()
2025-02-03 14:55:25,170:INFO:predict_model(self=<pycaret.clustering.oop.ClusteringExperiment object at 0x00000192CBCC3790>, estimator=Pipeline(memory=Memory(location=None),
         steps=[('numerical_imputer',
                 TransformerWrapper(include=[], transformer=SimpleImputer())),
                ('categorical_imputer',
                 TransformerWrapper(include=['age', 'edu_level', 'fav_animals',
                                             'fav_place', 'gender'],
                                    transformer=SimpleImputer(strategy='most_frequent'))),
                ('ordinal_encoding',
                 TransformerWrapper(include=['gender'],
                                    transfo...
                                                               mapping=[{'col': 'gender',
                                                                         'data_type': dtype('O'),
                                                                         'mapping': Kobieta      0
Mê¿czyzna    1
NaN         -1
dtype: int64}]))),
                ('onehot_encoding',
                 TransformerWrapper(include=['age', 'edu_level', 'fav_animals',
                                             'fav_place'],
                                    transformer=OneHotEncoder(cols=['age',
                                                                    'edu_level',
                                                                    'fav_animals',
                                                                    'fav_place'],
                                                              handle_missing='return_nan',
                                                              use_cat_names=True))),
                ('trained_model', KMeans(random_state=123))]), ml_usecase=None)
2025-02-03 14:55:25,171:INFO:Set up data.
2025-02-03 14:55:28,989:INFO:Initializing predict_model()
2025-02-03 14:55:28,989:INFO:predict_model(self=<pycaret.clustering.oop.ClusteringExperiment object at 0x00000192CA24BFD0>, estimator=Pipeline(memory=Memory(location=None),
         steps=[('numerical_imputer',
                 TransformerWrapper(include=[], transformer=SimpleImputer())),
                ('categorical_imputer',
                 TransformerWrapper(include=['age', 'edu_level', 'fav_animals',
                                             'fav_place', 'gender'],
                                    transformer=SimpleImputer(strategy='most_frequent'))),
                ('ordinal_encoding',
                 TransformerWrapper(include=['gender'],
                                    transfo...
                                                               mapping=[{'col': 'gender',
                                                                         'data_type': dtype('O'),
                                                                         'mapping': Kobieta      0
Mê¿czyzna    1
NaN         -1
dtype: int64}]))),
                ('onehot_encoding',
                 TransformerWrapper(include=['age', 'edu_level', 'fav_animals',
                                             'fav_place'],
                                    transformer=OneHotEncoder(cols=['age',
                                                                    'edu_level',
                                                                    'fav_animals',
                                                                    'fav_place'],
                                                              handle_missing='return_nan',
                                                              use_cat_names=True))),
                ('trained_model', KMeans(random_state=123))]), ml_usecase=None)
2025-02-03 14:55:28,989:INFO:Set up data.
2025-02-03 14:55:39,230:INFO:Initializing predict_model()
2025-02-03 14:55:39,230:INFO:predict_model(self=<pycaret.clustering.oop.ClusteringExperiment object at 0x00000192C31BABD0>, estimator=Pipeline(memory=Memory(location=None),
         steps=[('numerical_imputer',
                 TransformerWrapper(include=[], transformer=SimpleImputer())),
                ('categorical_imputer',
                 TransformerWrapper(include=['age', 'edu_level', 'fav_animals',
                                             'fav_place', 'gender'],
                                    transformer=SimpleImputer(strategy='most_frequent'))),
                ('ordinal_encoding',
                 TransformerWrapper(include=['gender'],
                                    transfo...
                                                               mapping=[{'col': 'gender',
                                                                         'data_type': dtype('O'),
                                                                         'mapping': Kobieta      0
Mê¿czyzna    1
NaN         -1
dtype: int64}]))),
                ('onehot_encoding',
                 TransformerWrapper(include=['age', 'edu_level', 'fav_animals',
                                             'fav_place'],
                                    transformer=OneHotEncoder(cols=['age',
                                                                    'edu_level',
                                                                    'fav_animals',
                                                                    'fav_place'],
                                                              handle_missing='return_nan',
                                                              use_cat_names=True))),
                ('trained_model', KMeans(random_state=123))]), ml_usecase=None)
2025-02-03 14:55:39,230:INFO:Set up data.
2025-02-03 14:55:42,666:INFO:Initializing predict_model()
2025-02-03 14:55:42,666:INFO:predict_model(self=<pycaret.clustering.oop.ClusteringExperiment object at 0x00000192C0583490>, estimator=Pipeline(memory=Memory(location=None),
         steps=[('numerical_imputer',
                 TransformerWrapper(include=[], transformer=SimpleImputer())),
                ('categorical_imputer',
                 TransformerWrapper(include=['age', 'edu_level', 'fav_animals',
                                             'fav_place', 'gender'],
                                    transformer=SimpleImputer(strategy='most_frequent'))),
                ('ordinal_encoding',
                 TransformerWrapper(include=['gender'],
                                    transfo...
                                                               mapping=[{'col': 'gender',
                                                                         'data_type': dtype('O'),
                                                                         'mapping': Kobieta      0
Mê¿czyzna    1
NaN         -1
dtype: int64}]))),
                ('onehot_encoding',
                 TransformerWrapper(include=['age', 'edu_level', 'fav_animals',
                                             'fav_place'],
                                    transformer=OneHotEncoder(cols=['age',
                                                                    'edu_level',
                                                                    'fav_animals',
                                                                    'fav_place'],
                                                              handle_missing='return_nan',
                                                              use_cat_names=True))),
                ('trained_model', KMeans(random_state=123))]), ml_usecase=None)
2025-02-03 14:55:42,666:INFO:Set up data.
2025-02-03 14:55:51,134:INFO:Initializing predict_model()
2025-02-03 14:55:51,134:INFO:predict_model(self=<pycaret.clustering.oop.ClusteringExperiment object at 0x00000192CBC59690>, estimator=Pipeline(memory=Memory(location=None),
         steps=[('numerical_imputer',
                 TransformerWrapper(include=[], transformer=SimpleImputer())),
                ('categorical_imputer',
                 TransformerWrapper(include=['age', 'edu_level', 'fav_animals',
                                             'fav_place', 'gender'],
                                    transformer=SimpleImputer(strategy='most_frequent'))),
                ('ordinal_encoding',
                 TransformerWrapper(include=['gender'],
                                    transfo...
                                                               mapping=[{'col': 'gender',
                                                                         'data_type': dtype('O'),
                                                                         'mapping': Kobieta      0
Mê¿czyzna    1
NaN         -1
dtype: int64}]))),
                ('onehot_encoding',
                 TransformerWrapper(include=['age', 'edu_level', 'fav_animals',
                                             'fav_place'],
                                    transformer=OneHotEncoder(cols=['age',
                                                                    'edu_level',
                                                                    'fav_animals',
                                                                    'fav_place'],
                                                              handle_missing='return_nan',
                                                              use_cat_names=True))),
                ('trained_model', KMeans(random_state=123))]), ml_usecase=None)
2025-02-03 14:55:51,134:INFO:Set up data.
2025-02-03 14:55:55,561:INFO:Initializing predict_model()
2025-02-03 14:55:55,563:INFO:predict_model(self=<pycaret.clustering.oop.ClusteringExperiment object at 0x00000192CB858D50>, estimator=Pipeline(memory=Memory(location=None),
         steps=[('numerical_imputer',
                 TransformerWrapper(include=[], transformer=SimpleImputer())),
                ('categorical_imputer',
                 TransformerWrapper(include=['age', 'edu_level', 'fav_animals',
                                             'fav_place', 'gender'],
                                    transformer=SimpleImputer(strategy='most_frequent'))),
                ('ordinal_encoding',
                 TransformerWrapper(include=['gender'],
                                    transfo...
                                                               mapping=[{'col': 'gender',
                                                                         'data_type': dtype('O'),
                                                                         'mapping': Kobieta      0
Mê¿czyzna    1
NaN         -1
dtype: int64}]))),
                ('onehot_encoding',
                 TransformerWrapper(include=['age', 'edu_level', 'fav_animals',
                                             'fav_place'],
                                    transformer=OneHotEncoder(cols=['age',
                                                                    'edu_level',
                                                                    'fav_animals',
                                                                    'fav_place'],
                                                              handle_missing='return_nan',
                                                              use_cat_names=True))),
                ('trained_model', KMeans(random_state=123))]), ml_usecase=None)
2025-02-03 14:55:55,563:INFO:Set up data.
2025-02-03 14:56:05,294:INFO:Initializing predict_model()
2025-02-03 14:56:05,294:INFO:predict_model(self=<pycaret.clustering.oop.ClusteringExperiment object at 0x00000192CB0618D0>, estimator=Pipeline(memory=Memory(location=None),
         steps=[('numerical_imputer',
                 TransformerWrapper(include=[], transformer=SimpleImputer())),
                ('categorical_imputer',
                 TransformerWrapper(include=['age', 'edu_level', 'fav_animals',
                                             'fav_place', 'gender'],
                                    transformer=SimpleImputer(strategy='most_frequent'))),
                ('ordinal_encoding',
                 TransformerWrapper(include=['gender'],
                                    transfo...
                                                               mapping=[{'col': 'gender',
                                                                         'data_type': dtype('O'),
                                                                         'mapping': Kobieta      0
Mê¿czyzna    1
NaN         -1
dtype: int64}]))),
                ('onehot_encoding',
                 TransformerWrapper(include=['age', 'edu_level', 'fav_animals',
                                             'fav_place'],
                                    transformer=OneHotEncoder(cols=['age',
                                                                    'edu_level',
                                                                    'fav_animals',
                                                                    'fav_place'],
                                                              handle_missing='return_nan',
                                                              use_cat_names=True))),
                ('trained_model', KMeans(random_state=123))]), ml_usecase=None)
2025-02-03 14:56:05,294:INFO:Set up data.
2025-02-03 14:56:24,404:INFO:Initializing predict_model()
2025-02-03 14:56:24,404:INFO:predict_model(self=<pycaret.clustering.oop.ClusteringExperiment object at 0x00000192CAC2D4D0>, estimator=Pipeline(memory=Memory(location=None),
         steps=[('numerical_imputer',
                 TransformerWrapper(include=[], transformer=SimpleImputer())),
                ('categorical_imputer',
                 TransformerWrapper(include=['age', 'edu_level', 'fav_animals',
                                             'fav_place', 'gender'],
                                    transformer=SimpleImputer(strategy='most_frequent'))),
                ('ordinal_encoding',
                 TransformerWrapper(include=['gender'],
                                    transfo...
                                                               mapping=[{'col': 'gender',
                                                                         'data_type': dtype('O'),
                                                                         'mapping': Kobieta      0
Mê¿czyzna    1
NaN         -1
dtype: int64}]))),
                ('onehot_encoding',
                 TransformerWrapper(include=['age', 'edu_level', 'fav_animals',
                                             'fav_place'],
                                    transformer=OneHotEncoder(cols=['age',
                                                                    'edu_level',
                                                                    'fav_animals',
                                                                    'fav_place'],
                                                              handle_missing='return_nan',
                                                              use_cat_names=True))),
                ('trained_model', KMeans(random_state=123))]), ml_usecase=None)
2025-02-03 14:56:24,405:INFO:Set up data.
2025-02-03 14:56:28,537:INFO:Initializing predict_model()
2025-02-03 14:56:28,538:INFO:predict_model(self=<pycaret.clustering.oop.ClusteringExperiment object at 0x00000192CB106D90>, estimator=Pipeline(memory=Memory(location=None),
         steps=[('numerical_imputer',
                 TransformerWrapper(include=[], transformer=SimpleImputer())),
                ('categorical_imputer',
                 TransformerWrapper(include=['age', 'edu_level', 'fav_animals',
                                             'fav_place', 'gender'],
                                    transformer=SimpleImputer(strategy='most_frequent'))),
                ('ordinal_encoding',
                 TransformerWrapper(include=['gender'],
                                    transfo...
                                                               mapping=[{'col': 'gender',
                                                                         'data_type': dtype('O'),
                                                                         'mapping': Kobieta      0
Mê¿czyzna    1
NaN         -1
dtype: int64}]))),
                ('onehot_encoding',
                 TransformerWrapper(include=['age', 'edu_level', 'fav_animals',
                                             'fav_place'],
                                    transformer=OneHotEncoder(cols=['age',
                                                                    'edu_level',
                                                                    'fav_animals',
                                                                    'fav_place'],
                                                              handle_missing='return_nan',
                                                              use_cat_names=True))),
                ('trained_model', KMeans(random_state=123))]), ml_usecase=None)
2025-02-03 14:56:28,538:INFO:Set up data.
2025-02-03 14:56:37,557:INFO:Initializing predict_model()
2025-02-03 14:56:37,557:INFO:predict_model(self=<pycaret.clustering.oop.ClusteringExperiment object at 0x00000192CBCEC7D0>, estimator=Pipeline(memory=Memory(location=None),
         steps=[('numerical_imputer',
                 TransformerWrapper(include=[], transformer=SimpleImputer())),
                ('categorical_imputer',
                 TransformerWrapper(include=['age', 'edu_level', 'fav_animals',
                                             'fav_place', 'gender'],
                                    transformer=SimpleImputer(strategy='most_frequent'))),
                ('ordinal_encoding',
                 TransformerWrapper(include=['gender'],
                                    transfo...
                                                               mapping=[{'col': 'gender',
                                                                         'data_type': dtype('O'),
                                                                         'mapping': Kobieta      0
Mê¿czyzna    1
NaN         -1
dtype: int64}]))),
                ('onehot_encoding',
                 TransformerWrapper(include=['age', 'edu_level', 'fav_animals',
                                             'fav_place'],
                                    transformer=OneHotEncoder(cols=['age',
                                                                    'edu_level',
                                                                    'fav_animals',
                                                                    'fav_place'],
                                                              handle_missing='return_nan',
                                                              use_cat_names=True))),
                ('trained_model', KMeans(random_state=123))]), ml_usecase=None)
2025-02-03 14:56:37,557:INFO:Set up data.
2025-02-03 14:56:42,239:INFO:Initializing predict_model()
2025-02-03 14:56:42,239:INFO:predict_model(self=<pycaret.clustering.oop.ClusteringExperiment object at 0x00000192CB0CC050>, estimator=Pipeline(memory=Memory(location=None),
         steps=[('numerical_imputer',
                 TransformerWrapper(include=[], transformer=SimpleImputer())),
                ('categorical_imputer',
                 TransformerWrapper(include=['age', 'edu_level', 'fav_animals',
                                             'fav_place', 'gender'],
                                    transformer=SimpleImputer(strategy='most_frequent'))),
                ('ordinal_encoding',
                 TransformerWrapper(include=['gender'],
                                    transfo...
                                                               mapping=[{'col': 'gender',
                                                                         'data_type': dtype('O'),
                                                                         'mapping': Kobieta      0
Mê¿czyzna    1
NaN         -1
dtype: int64}]))),
                ('onehot_encoding',
                 TransformerWrapper(include=['age', 'edu_level', 'fav_animals',
                                             'fav_place'],
                                    transformer=OneHotEncoder(cols=['age',
                                                                    'edu_level',
                                                                    'fav_animals',
                                                                    'fav_place'],
                                                              handle_missing='return_nan',
                                                              use_cat_names=True))),
                ('trained_model', KMeans(random_state=123))]), ml_usecase=None)
2025-02-03 14:56:42,239:INFO:Set up data.
2025-02-03 14:58:16,550:INFO:Initializing predict_model()
2025-02-03 14:58:16,550:INFO:predict_model(self=<pycaret.clustering.oop.ClusteringExperiment object at 0x00000192C055FE50>, estimator=Pipeline(memory=Memory(location=None),
         steps=[('numerical_imputer',
                 TransformerWrapper(include=[], transformer=SimpleImputer())),
                ('categorical_imputer',
                 TransformerWrapper(include=['age', 'edu_level', 'fav_animals',
                                             'fav_place', 'gender'],
                                    transformer=SimpleImputer(strategy='most_frequent'))),
                ('ordinal_encoding',
                 TransformerWrapper(include=['gender'],
                                    transfo...
                                                               mapping=[{'col': 'gender',
                                                                         'data_type': dtype('O'),
                                                                         'mapping': Kobieta      0
Mê¿czyzna    1
NaN         -1
dtype: int64}]))),
                ('onehot_encoding',
                 TransformerWrapper(include=['age', 'edu_level', 'fav_animals',
                                             'fav_place'],
                                    transformer=OneHotEncoder(cols=['age',
                                                                    'edu_level',
                                                                    'fav_animals',
                                                                    'fav_place'],
                                                              handle_missing='return_nan',
                                                              use_cat_names=True))),
                ('trained_model', KMeans(random_state=123))]), ml_usecase=None)
2025-02-03 14:58:16,550:INFO:Set up data.
2025-02-03 14:58:29,096:INFO:Initializing predict_model()
2025-02-03 14:58:29,097:INFO:predict_model(self=<pycaret.clustering.oop.ClusteringExperiment object at 0x00000192CBA73390>, estimator=Pipeline(memory=Memory(location=None),
         steps=[('numerical_imputer',
                 TransformerWrapper(include=[], transformer=SimpleImputer())),
                ('categorical_imputer',
                 TransformerWrapper(include=['age', 'edu_level', 'fav_animals',
                                             'fav_place', 'gender'],
                                    transformer=SimpleImputer(strategy='most_frequent'))),
                ('ordinal_encoding',
                 TransformerWrapper(include=['gender'],
                                    transfo...
                                                               mapping=[{'col': 'gender',
                                                                         'data_type': dtype('O'),
                                                                         'mapping': Kobieta      0
Mê¿czyzna    1
NaN         -1
dtype: int64}]))),
                ('onehot_encoding',
                 TransformerWrapper(include=['age', 'edu_level', 'fav_animals',
                                             'fav_place'],
                                    transformer=OneHotEncoder(cols=['age',
                                                                    'edu_level',
                                                                    'fav_animals',
                                                                    'fav_place'],
                                                              handle_missing='return_nan',
                                                              use_cat_names=True))),
                ('trained_model', KMeans(random_state=123))]), ml_usecase=None)
2025-02-03 14:58:29,097:INFO:Set up data.
2025-02-03 14:58:46,034:INFO:Initializing predict_model()
2025-02-03 14:58:46,034:INFO:predict_model(self=<pycaret.clustering.oop.ClusteringExperiment object at 0x00000192CAC4D810>, estimator=Pipeline(memory=Memory(location=None),
         steps=[('numerical_imputer',
                 TransformerWrapper(include=[], transformer=SimpleImputer())),
                ('categorical_imputer',
                 TransformerWrapper(include=['age', 'edu_level', 'fav_animals',
                                             'fav_place', 'gender'],
                                    transformer=SimpleImputer(strategy='most_frequent'))),
                ('ordinal_encoding',
                 TransformerWrapper(include=['gender'],
                                    transfo...
                                                               mapping=[{'col': 'gender',
                                                                         'data_type': dtype('O'),
                                                                         'mapping': Kobieta      0
Mê¿czyzna    1
NaN         -1
dtype: int64}]))),
                ('onehot_encoding',
                 TransformerWrapper(include=['age', 'edu_level', 'fav_animals',
                                             'fav_place'],
                                    transformer=OneHotEncoder(cols=['age',
                                                                    'edu_level',
                                                                    'fav_animals',
                                                                    'fav_place'],
                                                              handle_missing='return_nan',
                                                              use_cat_names=True))),
                ('trained_model', KMeans(random_state=123))]), ml_usecase=None)
2025-02-03 14:58:46,034:INFO:Set up data.
2025-02-03 14:58:51,268:INFO:Initializing predict_model()
2025-02-03 14:58:51,268:INFO:predict_model(self=<pycaret.clustering.oop.ClusteringExperiment object at 0x00000192CB9812D0>, estimator=Pipeline(memory=Memory(location=None),
         steps=[('numerical_imputer',
                 TransformerWrapper(include=[], transformer=SimpleImputer())),
                ('categorical_imputer',
                 TransformerWrapper(include=['age', 'edu_level', 'fav_animals',
                                             'fav_place', 'gender'],
                                    transformer=SimpleImputer(strategy='most_frequent'))),
                ('ordinal_encoding',
                 TransformerWrapper(include=['gender'],
                                    transfo...
                                                               mapping=[{'col': 'gender',
                                                                         'data_type': dtype('O'),
                                                                         'mapping': Kobieta      0
Mê¿czyzna    1
NaN         -1
dtype: int64}]))),
                ('onehot_encoding',
                 TransformerWrapper(include=['age', 'edu_level', 'fav_animals',
                                             'fav_place'],
                                    transformer=OneHotEncoder(cols=['age',
                                                                    'edu_level',
                                                                    'fav_animals',
                                                                    'fav_place'],
                                                              handle_missing='return_nan',
                                                              use_cat_names=True))),
                ('trained_model', KMeans(random_state=123))]), ml_usecase=None)
2025-02-03 14:58:51,269:INFO:Set up data.
2025-02-03 15:01:15,923:INFO:Initializing predict_model()
2025-02-03 15:01:15,923:INFO:predict_model(self=<pycaret.clustering.oop.ClusteringExperiment object at 0x00000192CBAA2A10>, estimator=Pipeline(memory=Memory(location=None),
         steps=[('numerical_imputer',
                 TransformerWrapper(include=[], transformer=SimpleImputer())),
                ('categorical_imputer',
                 TransformerWrapper(include=['age', 'edu_level', 'fav_animals',
                                             'fav_place', 'gender'],
                                    transformer=SimpleImputer(strategy='most_frequent'))),
                ('ordinal_encoding',
                 TransformerWrapper(include=['gender'],
                                    transfo...
                                                               mapping=[{'col': 'gender',
                                                                         'data_type': dtype('O'),
                                                                         'mapping': Kobieta      0
Mê¿czyzna    1
NaN         -1
dtype: int64}]))),
                ('onehot_encoding',
                 TransformerWrapper(include=['age', 'edu_level', 'fav_animals',
                                             'fav_place'],
                                    transformer=OneHotEncoder(cols=['age',
                                                                    'edu_level',
                                                                    'fav_animals',
                                                                    'fav_place'],
                                                              handle_missing='return_nan',
                                                              use_cat_names=True))),
                ('trained_model', KMeans(random_state=123))]), ml_usecase=None)
2025-02-03 15:01:15,924:INFO:Set up data.
2025-02-03 15:01:28,557:INFO:Initializing predict_model()
2025-02-03 15:01:28,558:INFO:predict_model(self=<pycaret.clustering.oop.ClusteringExperiment object at 0x00000192CAFCFD10>, estimator=Pipeline(memory=Memory(location=None),
         steps=[('numerical_imputer',
                 TransformerWrapper(include=[], transformer=SimpleImputer())),
                ('categorical_imputer',
                 TransformerWrapper(include=['age', 'edu_level', 'fav_animals',
                                             'fav_place', 'gender'],
                                    transformer=SimpleImputer(strategy='most_frequent'))),
                ('ordinal_encoding',
                 TransformerWrapper(include=['gender'],
                                    transfo...
                                                               mapping=[{'col': 'gender',
                                                                         'data_type': dtype('O'),
                                                                         'mapping': Kobieta      0
Mê¿czyzna    1
NaN         -1
dtype: int64}]))),
                ('onehot_encoding',
                 TransformerWrapper(include=['age', 'edu_level', 'fav_animals',
                                             'fav_place'],
                                    transformer=OneHotEncoder(cols=['age',
                                                                    'edu_level',
                                                                    'fav_animals',
                                                                    'fav_place'],
                                                              handle_missing='return_nan',
                                                              use_cat_names=True))),
                ('trained_model', KMeans(random_state=123))]), ml_usecase=None)
2025-02-03 15:01:28,558:INFO:Set up data.
2025-02-03 15:21:04,308:INFO:Initializing predict_model()
2025-02-03 15:21:04,308:INFO:predict_model(self=<pycaret.clustering.oop.ClusteringExperiment object at 0x00000192CB09A250>, estimator=Pipeline(memory=Memory(location=None),
         steps=[('numerical_imputer',
                 TransformerWrapper(include=[], transformer=SimpleImputer())),
                ('categorical_imputer',
                 TransformerWrapper(include=['age', 'edu_level', 'fav_animals',
                                             'fav_place', 'gender'],
                                    transformer=SimpleImputer(strategy='most_frequent'))),
                ('ordinal_encoding',
                 TransformerWrapper(include=['gender'],
                                    transfo...
                                                               mapping=[{'col': 'gender',
                                                                         'data_type': dtype('O'),
                                                                         'mapping': Kobieta      0
Mê¿czyzna    1
NaN         -1
dtype: int64}]))),
                ('onehot_encoding',
                 TransformerWrapper(include=['age', 'edu_level', 'fav_animals',
                                             'fav_place'],
                                    transformer=OneHotEncoder(cols=['age',
                                                                    'edu_level',
                                                                    'fav_animals',
                                                                    'fav_place'],
                                                              handle_missing='return_nan',
                                                              use_cat_names=True))),
                ('trained_model', KMeans(random_state=123))]), ml_usecase=None)
2025-02-03 15:21:04,311:INFO:Set up data.
2025-02-03 15:21:11,426:INFO:Initializing predict_model()
2025-02-03 15:21:11,428:INFO:predict_model(self=<pycaret.clustering.oop.ClusteringExperiment object at 0x00000192C46E7E90>, estimator=Pipeline(memory=Memory(location=None),
         steps=[('numerical_imputer',
                 TransformerWrapper(include=[], transformer=SimpleImputer())),
                ('categorical_imputer',
                 TransformerWrapper(include=['age', 'edu_level', 'fav_animals',
                                             'fav_place', 'gender'],
                                    transformer=SimpleImputer(strategy='most_frequent'))),
                ('ordinal_encoding',
                 TransformerWrapper(include=['gender'],
                                    transfo...
                                                               mapping=[{'col': 'gender',
                                                                         'data_type': dtype('O'),
                                                                         'mapping': Kobieta      0
Mê¿czyzna    1
NaN         -1
dtype: int64}]))),
                ('onehot_encoding',
                 TransformerWrapper(include=['age', 'edu_level', 'fav_animals',
                                             'fav_place'],
                                    transformer=OneHotEncoder(cols=['age',
                                                                    'edu_level',
                                                                    'fav_animals',
                                                                    'fav_place'],
                                                              handle_missing='return_nan',
                                                              use_cat_names=True))),
                ('trained_model', KMeans(random_state=123))]), ml_usecase=None)
2025-02-03 15:21:11,428:INFO:Set up data.
2025-02-03 15:21:32,800:INFO:Initializing predict_model()
2025-02-03 15:21:32,800:INFO:predict_model(self=<pycaret.clustering.oop.ClusteringExperiment object at 0x00000192CAF9A010>, estimator=Pipeline(memory=Memory(location=None),
         steps=[('numerical_imputer',
                 TransformerWrapper(include=[], transformer=SimpleImputer())),
                ('categorical_imputer',
                 TransformerWrapper(include=['age', 'edu_level', 'fav_animals',
                                             'fav_place', 'gender'],
                                    transformer=SimpleImputer(strategy='most_frequent'))),
                ('ordinal_encoding',
                 TransformerWrapper(include=['gender'],
                                    transfo...
                                                               mapping=[{'col': 'gender',
                                                                         'data_type': dtype('O'),
                                                                         'mapping': Kobieta      0
Mê¿czyzna    1
NaN         -1
dtype: int64}]))),
                ('onehot_encoding',
                 TransformerWrapper(include=['age', 'edu_level', 'fav_animals',
                                             'fav_place'],
                                    transformer=OneHotEncoder(cols=['age',
                                                                    'edu_level',
                                                                    'fav_animals',
                                                                    'fav_place'],
                                                              handle_missing='return_nan',
                                                              use_cat_names=True))),
                ('trained_model', KMeans(random_state=123))]), ml_usecase=None)
2025-02-03 15:21:32,805:INFO:Set up data.
2025-02-03 15:21:37,423:INFO:Initializing predict_model()
2025-02-03 15:21:37,423:INFO:predict_model(self=<pycaret.clustering.oop.ClusteringExperiment object at 0x00000192CBBB8B10>, estimator=Pipeline(memory=Memory(location=None),
         steps=[('numerical_imputer',
                 TransformerWrapper(include=[], transformer=SimpleImputer())),
                ('categorical_imputer',
                 TransformerWrapper(include=['age', 'edu_level', 'fav_animals',
                                             'fav_place', 'gender'],
                                    transformer=SimpleImputer(strategy='most_frequent'))),
                ('ordinal_encoding',
                 TransformerWrapper(include=['gender'],
                                    transfo...
                                                               mapping=[{'col': 'gender',
                                                                         'data_type': dtype('O'),
                                                                         'mapping': Kobieta      0
Mê¿czyzna    1
NaN         -1
dtype: int64}]))),
                ('onehot_encoding',
                 TransformerWrapper(include=['age', 'edu_level', 'fav_animals',
                                             'fav_place'],
                                    transformer=OneHotEncoder(cols=['age',
                                                                    'edu_level',
                                                                    'fav_animals',
                                                                    'fav_place'],
                                                              handle_missing='return_nan',
                                                              use_cat_names=True))),
                ('trained_model', KMeans(random_state=123))]), ml_usecase=None)
2025-02-03 15:21:37,429:INFO:Set up data.
2025-02-03 15:21:42,012:INFO:Initializing predict_model()
2025-02-03 15:21:42,012:INFO:predict_model(self=<pycaret.clustering.oop.ClusteringExperiment object at 0x00000192CBDFDBD0>, estimator=Pipeline(memory=Memory(location=None),
         steps=[('numerical_imputer',
                 TransformerWrapper(include=[], transformer=SimpleImputer())),
                ('categorical_imputer',
                 TransformerWrapper(include=['age', 'edu_level', 'fav_animals',
                                             'fav_place', 'gender'],
                                    transformer=SimpleImputer(strategy='most_frequent'))),
                ('ordinal_encoding',
                 TransformerWrapper(include=['gender'],
                                    transfo...
                                                               mapping=[{'col': 'gender',
                                                                         'data_type': dtype('O'),
                                                                         'mapping': Kobieta      0
Mê¿czyzna    1
NaN         -1
dtype: int64}]))),
                ('onehot_encoding',
                 TransformerWrapper(include=['age', 'edu_level', 'fav_animals',
                                             'fav_place'],
                                    transformer=OneHotEncoder(cols=['age',
                                                                    'edu_level',
                                                                    'fav_animals',
                                                                    'fav_place'],
                                                              handle_missing='return_nan',
                                                              use_cat_names=True))),
                ('trained_model', KMeans(random_state=123))]), ml_usecase=None)
2025-02-03 15:21:42,017:INFO:Set up data.
2025-02-03 15:22:39,078:INFO:Initializing predict_model()
2025-02-03 15:22:39,078:INFO:predict_model(self=<pycaret.clustering.oop.ClusteringExperiment object at 0x00000192CBBB9850>, estimator=Pipeline(memory=Memory(location=None),
         steps=[('numerical_imputer',
                 TransformerWrapper(include=[], transformer=SimpleImputer())),
                ('categorical_imputer',
                 TransformerWrapper(include=['age', 'edu_level', 'fav_animals',
                                             'fav_place', 'gender'],
                                    transformer=SimpleImputer(strategy='most_frequent'))),
                ('ordinal_encoding',
                 TransformerWrapper(include=['gender'],
                                    transfo...
                                                               mapping=[{'col': 'gender',
                                                                         'data_type': dtype('O'),
                                                                         'mapping': Kobieta      0
Mê¿czyzna    1
NaN         -1
dtype: int64}]))),
                ('onehot_encoding',
                 TransformerWrapper(include=['age', 'edu_level', 'fav_animals',
                                             'fav_place'],
                                    transformer=OneHotEncoder(cols=['age',
                                                                    'edu_level',
                                                                    'fav_animals',
                                                                    'fav_place'],
                                                              handle_missing='return_nan',
                                                              use_cat_names=True))),
                ('trained_model', KMeans(random_state=123))]), ml_usecase=None)
2025-02-03 15:22:39,082:INFO:Set up data.
2025-02-03 15:24:48,915:INFO:Initializing predict_model()
2025-02-03 15:24:48,915:INFO:predict_model(self=<pycaret.clustering.oop.ClusteringExperiment object at 0x00000192C07D1B90>, estimator=Pipeline(memory=Memory(location=None),
         steps=[('numerical_imputer',
                 TransformerWrapper(include=[], transformer=SimpleImputer())),
                ('categorical_imputer',
                 TransformerWrapper(include=['age', 'edu_level', 'fav_animals',
                                             'fav_place', 'gender'],
                                    transformer=SimpleImputer(strategy='most_frequent'))),
                ('ordinal_encoding',
                 TransformerWrapper(include=['gender'],
                                    transfo...
                                                               mapping=[{'col': 'gender',
                                                                         'data_type': dtype('O'),
                                                                         'mapping': Kobieta      0
Mê¿czyzna    1
NaN         -1
dtype: int64}]))),
                ('onehot_encoding',
                 TransformerWrapper(include=['age', 'edu_level', 'fav_animals',
                                             'fav_place'],
                                    transformer=OneHotEncoder(cols=['age',
                                                                    'edu_level',
                                                                    'fav_animals',
                                                                    'fav_place'],
                                                              handle_missing='return_nan',
                                                              use_cat_names=True))),
                ('trained_model', KMeans(random_state=123))]), ml_usecase=None)
2025-02-03 15:24:48,916:INFO:Set up data.
2025-02-03 15:26:29,311:INFO:Initializing predict_model()
2025-02-03 15:26:29,311:INFO:predict_model(self=<pycaret.clustering.oop.ClusteringExperiment object at 0x00000192CBA632D0>, estimator=Pipeline(memory=Memory(location=None),
         steps=[('numerical_imputer',
                 TransformerWrapper(include=[], transformer=SimpleImputer())),
                ('categorical_imputer',
                 TransformerWrapper(include=['age', 'edu_level', 'fav_animals',
                                             'fav_place', 'gender'],
                                    transformer=SimpleImputer(strategy='most_frequent'))),
                ('ordinal_encoding',
                 TransformerWrapper(include=['gender'],
                                    transfo...
                                                               mapping=[{'col': 'gender',
                                                                         'data_type': dtype('O'),
                                                                         'mapping': Kobieta      0
Mê¿czyzna    1
NaN         -1
dtype: int64}]))),
                ('onehot_encoding',
                 TransformerWrapper(include=['age', 'edu_level', 'fav_animals',
                                             'fav_place'],
                                    transformer=OneHotEncoder(cols=['age',
                                                                    'edu_level',
                                                                    'fav_animals',
                                                                    'fav_place'],
                                                              handle_missing='return_nan',
                                                              use_cat_names=True))),
                ('trained_model', KMeans(random_state=123))]), ml_usecase=None)
2025-02-03 15:26:29,312:INFO:Set up data.
2025-02-03 15:26:39,727:INFO:Initializing predict_model()
2025-02-03 15:26:39,727:INFO:predict_model(self=<pycaret.clustering.oop.ClusteringExperiment object at 0x00000192CBA61F10>, estimator=Pipeline(memory=Memory(location=None),
         steps=[('numerical_imputer',
                 TransformerWrapper(include=[], transformer=SimpleImputer())),
                ('categorical_imputer',
                 TransformerWrapper(include=['age', 'edu_level', 'fav_animals',
                                             'fav_place', 'gender'],
                                    transformer=SimpleImputer(strategy='most_frequent'))),
                ('ordinal_encoding',
                 TransformerWrapper(include=['gender'],
                                    transfo...
                                                               mapping=[{'col': 'gender',
                                                                         'data_type': dtype('O'),
                                                                         'mapping': Kobieta      0
Mê¿czyzna    1
NaN         -1
dtype: int64}]))),
                ('onehot_encoding',
                 TransformerWrapper(include=['age', 'edu_level', 'fav_animals',
                                             'fav_place'],
                                    transformer=OneHotEncoder(cols=['age',
                                                                    'edu_level',
                                                                    'fav_animals',
                                                                    'fav_place'],
                                                              handle_missing='return_nan',
                                                              use_cat_names=True))),
                ('trained_model', KMeans(random_state=123))]), ml_usecase=None)
2025-02-03 15:26:39,731:INFO:Set up data.
2025-02-03 15:26:57,391:INFO:Initializing predict_model()
2025-02-03 15:26:57,392:INFO:predict_model(self=<pycaret.clustering.oop.ClusteringExperiment object at 0x00000192CBB0BF90>, estimator=Pipeline(memory=Memory(location=None),
         steps=[('numerical_imputer',
                 TransformerWrapper(include=[], transformer=SimpleImputer())),
                ('categorical_imputer',
                 TransformerWrapper(include=['age', 'edu_level', 'fav_animals',
                                             'fav_place', 'gender'],
                                    transformer=SimpleImputer(strategy='most_frequent'))),
                ('ordinal_encoding',
                 TransformerWrapper(include=['gender'],
                                    transfo...
                                                               mapping=[{'col': 'gender',
                                                                         'data_type': dtype('O'),
                                                                         'mapping': Kobieta      0
Mê¿czyzna    1
NaN         -1
dtype: int64}]))),
                ('onehot_encoding',
                 TransformerWrapper(include=['age', 'edu_level', 'fav_animals',
                                             'fav_place'],
                                    transformer=OneHotEncoder(cols=['age',
                                                                    'edu_level',
                                                                    'fav_animals',
                                                                    'fav_place'],
                                                              handle_missing='return_nan',
                                                              use_cat_names=True))),
                ('trained_model', KMeans(random_state=123))]), ml_usecase=None)
2025-02-03 15:26:57,392:INFO:Set up data.
2025-02-03 15:26:59,818:INFO:Initializing predict_model()
2025-02-03 15:26:59,819:INFO:predict_model(self=<pycaret.clustering.oop.ClusteringExperiment object at 0x00000192CBCD0990>, estimator=Pipeline(memory=Memory(location=None),
         steps=[('numerical_imputer',
                 TransformerWrapper(include=[], transformer=SimpleImputer())),
                ('categorical_imputer',
                 TransformerWrapper(include=['age', 'edu_level', 'fav_animals',
                                             'fav_place', 'gender'],
                                    transformer=SimpleImputer(strategy='most_frequent'))),
                ('ordinal_encoding',
                 TransformerWrapper(include=['gender'],
                                    transfo...
                                                               mapping=[{'col': 'gender',
                                                                         'data_type': dtype('O'),
                                                                         'mapping': Kobieta      0
Mê¿czyzna    1
NaN         -1
dtype: int64}]))),
                ('onehot_encoding',
                 TransformerWrapper(include=['age', 'edu_level', 'fav_animals',
                                             'fav_place'],
                                    transformer=OneHotEncoder(cols=['age',
                                                                    'edu_level',
                                                                    'fav_animals',
                                                                    'fav_place'],
                                                              handle_missing='return_nan',
                                                              use_cat_names=True))),
                ('trained_model', KMeans(random_state=123))]), ml_usecase=None)
2025-02-03 15:26:59,821:INFO:Set up data.
2025-02-03 15:27:17,939:INFO:Initializing predict_model()
2025-02-03 15:27:17,939:INFO:predict_model(self=<pycaret.clustering.oop.ClusteringExperiment object at 0x00000192CBAAD0D0>, estimator=Pipeline(memory=Memory(location=None),
         steps=[('numerical_imputer',
                 TransformerWrapper(include=[], transformer=SimpleImputer())),
                ('categorical_imputer',
                 TransformerWrapper(include=['age', 'edu_level', 'fav_animals',
                                             'fav_place', 'gender'],
                                    transformer=SimpleImputer(strategy='most_frequent'))),
                ('ordinal_encoding',
                 TransformerWrapper(include=['gender'],
                                    transfo...
                                                               mapping=[{'col': 'gender',
                                                                         'data_type': dtype('O'),
                                                                         'mapping': Kobieta      0
Mê¿czyzna    1
NaN         -1
dtype: int64}]))),
                ('onehot_encoding',
                 TransformerWrapper(include=['age', 'edu_level', 'fav_animals',
                                             'fav_place'],
                                    transformer=OneHotEncoder(cols=['age',
                                                                    'edu_level',
                                                                    'fav_animals',
                                                                    'fav_place'],
                                                              handle_missing='return_nan',
                                                              use_cat_names=True))),
                ('trained_model', KMeans(random_state=123))]), ml_usecase=None)
2025-02-03 15:27:17,939:INFO:Set up data.
2025-02-03 15:27:24,457:INFO:Initializing predict_model()
2025-02-03 15:27:24,459:INFO:predict_model(self=<pycaret.clustering.oop.ClusteringExperiment object at 0x00000192CBDFF890>, estimator=Pipeline(memory=Memory(location=None),
         steps=[('numerical_imputer',
                 TransformerWrapper(include=[], transformer=SimpleImputer())),
                ('categorical_imputer',
                 TransformerWrapper(include=['age', 'edu_level', 'fav_animals',
                                             'fav_place', 'gender'],
                                    transformer=SimpleImputer(strategy='most_frequent'))),
                ('ordinal_encoding',
                 TransformerWrapper(include=['gender'],
                                    transfo...
                                                               mapping=[{'col': 'gender',
                                                                         'data_type': dtype('O'),
                                                                         'mapping': Kobieta      0
Mê¿czyzna    1
NaN         -1
dtype: int64}]))),
                ('onehot_encoding',
                 TransformerWrapper(include=['age', 'edu_level', 'fav_animals',
                                             'fav_place'],
                                    transformer=OneHotEncoder(cols=['age',
                                                                    'edu_level',
                                                                    'fav_animals',
                                                                    'fav_place'],
                                                              handle_missing='return_nan',
                                                              use_cat_names=True))),
                ('trained_model', KMeans(random_state=123))]), ml_usecase=None)
2025-02-03 15:27:24,459:INFO:Set up data.
2025-02-03 15:27:34,121:INFO:Initializing predict_model()
2025-02-03 15:27:34,121:INFO:predict_model(self=<pycaret.clustering.oop.ClusteringExperiment object at 0x00000192CAFDFFD0>, estimator=Pipeline(memory=Memory(location=None),
         steps=[('numerical_imputer',
                 TransformerWrapper(include=[], transformer=SimpleImputer())),
                ('categorical_imputer',
                 TransformerWrapper(include=['age', 'edu_level', 'fav_animals',
                                             'fav_place', 'gender'],
                                    transformer=SimpleImputer(strategy='most_frequent'))),
                ('ordinal_encoding',
                 TransformerWrapper(include=['gender'],
                                    transfo...
                                                               mapping=[{'col': 'gender',
                                                                         'data_type': dtype('O'),
                                                                         'mapping': Kobieta      0
Mê¿czyzna    1
NaN         -1
dtype: int64}]))),
                ('onehot_encoding',
                 TransformerWrapper(include=['age', 'edu_level', 'fav_animals',
                                             'fav_place'],
                                    transformer=OneHotEncoder(cols=['age',
                                                                    'edu_level',
                                                                    'fav_animals',
                                                                    'fav_place'],
                                                              handle_missing='return_nan',
                                                              use_cat_names=True))),
                ('trained_model', KMeans(random_state=123))]), ml_usecase=None)
2025-02-03 15:27:34,123:INFO:Set up data.
2025-02-03 15:27:42,159:INFO:Initializing predict_model()
2025-02-03 15:27:42,159:INFO:predict_model(self=<pycaret.clustering.oop.ClusteringExperiment object at 0x00000192CAB5A7D0>, estimator=Pipeline(memory=Memory(location=None),
         steps=[('numerical_imputer',
                 TransformerWrapper(include=[], transformer=SimpleImputer())),
                ('categorical_imputer',
                 TransformerWrapper(include=['age', 'edu_level', 'fav_animals',
                                             'fav_place', 'gender'],
                                    transformer=SimpleImputer(strategy='most_frequent'))),
                ('ordinal_encoding',
                 TransformerWrapper(include=['gender'],
                                    transfo...
                                                               mapping=[{'col': 'gender',
                                                                         'data_type': dtype('O'),
                                                                         'mapping': Kobieta      0
Mê¿czyzna    1
NaN         -1
dtype: int64}]))),
                ('onehot_encoding',
                 TransformerWrapper(include=['age', 'edu_level', 'fav_animals',
                                             'fav_place'],
                                    transformer=OneHotEncoder(cols=['age',
                                                                    'edu_level',
                                                                    'fav_animals',
                                                                    'fav_place'],
                                                              handle_missing='return_nan',
                                                              use_cat_names=True))),
                ('trained_model', KMeans(random_state=123))]), ml_usecase=None)
2025-02-03 15:27:42,159:INFO:Set up data.
2025-02-03 15:31:41,045:INFO:Initializing predict_model()
2025-02-03 15:31:41,045:INFO:predict_model(self=<pycaret.clustering.oop.ClusteringExperiment object at 0x00000192CB8594D0>, estimator=Pipeline(memory=Memory(location=None),
         steps=[('numerical_imputer',
                 TransformerWrapper(include=[], transformer=SimpleImputer())),
                ('categorical_imputer',
                 TransformerWrapper(include=['age', 'edu_level', 'fav_animals',
                                             'fav_place', 'gender'],
                                    transformer=SimpleImputer(strategy='most_frequent'))),
                ('ordinal_encoding',
                 TransformerWrapper(include=['gender'],
                                    transfo...
                                                               mapping=[{'col': 'gender',
                                                                         'data_type': dtype('O'),
                                                                         'mapping': Kobieta      0
Mê¿czyzna    1
NaN         -1
dtype: int64}]))),
                ('onehot_encoding',
                 TransformerWrapper(include=['age', 'edu_level', 'fav_animals',
                                             'fav_place'],
                                    transformer=OneHotEncoder(cols=['age',
                                                                    'edu_level',
                                                                    'fav_animals',
                                                                    'fav_place'],
                                                              handle_missing='return_nan',
                                                              use_cat_names=True))),
                ('trained_model', KMeans(random_state=123))]), ml_usecase=None)
2025-02-03 15:31:41,047:INFO:Set up data.
2025-02-03 15:32:02,487:INFO:Initializing predict_model()
2025-02-03 15:32:02,487:INFO:predict_model(self=<pycaret.clustering.oop.ClusteringExperiment object at 0x00000192CAEC3D50>, estimator=Pipeline(memory=Memory(location=None),
         steps=[('numerical_imputer',
                 TransformerWrapper(include=[], transformer=SimpleImputer())),
                ('categorical_imputer',
                 TransformerWrapper(include=['age', 'edu_level', 'fav_animals',
                                             'fav_place', 'gender'],
                                    transformer=SimpleImputer(strategy='most_frequent'))),
                ('ordinal_encoding',
                 TransformerWrapper(include=['gender'],
                                    transfo...
                                                               mapping=[{'col': 'gender',
                                                                         'data_type': dtype('O'),
                                                                         'mapping': Kobieta      0
Mê¿czyzna    1
NaN         -1
dtype: int64}]))),
                ('onehot_encoding',
                 TransformerWrapper(include=['age', 'edu_level', 'fav_animals',
                                             'fav_place'],
                                    transformer=OneHotEncoder(cols=['age',
                                                                    'edu_level',
                                                                    'fav_animals',
                                                                    'fav_place'],
                                                              handle_missing='return_nan',
                                                              use_cat_names=True))),
                ('trained_model', KMeans(random_state=123))]), ml_usecase=None)
2025-02-03 15:32:02,487:INFO:Set up data.
2025-02-03 15:32:06,798:INFO:Initializing predict_model()
2025-02-03 15:32:06,798:INFO:predict_model(self=<pycaret.clustering.oop.ClusteringExperiment object at 0x00000192CAC3C2D0>, estimator=Pipeline(memory=Memory(location=None),
         steps=[('numerical_imputer',
                 TransformerWrapper(include=[], transformer=SimpleImputer())),
                ('categorical_imputer',
                 TransformerWrapper(include=['age', 'edu_level', 'fav_animals',
                                             'fav_place', 'gender'],
                                    transformer=SimpleImputer(strategy='most_frequent'))),
                ('ordinal_encoding',
                 TransformerWrapper(include=['gender'],
                                    transfo...
                                                               mapping=[{'col': 'gender',
                                                                         'data_type': dtype('O'),
                                                                         'mapping': Kobieta      0
Mê¿czyzna    1
NaN         -1
dtype: int64}]))),
                ('onehot_encoding',
                 TransformerWrapper(include=['age', 'edu_level', 'fav_animals',
                                             'fav_place'],
                                    transformer=OneHotEncoder(cols=['age',
                                                                    'edu_level',
                                                                    'fav_animals',
                                                                    'fav_place'],
                                                              handle_missing='return_nan',
                                                              use_cat_names=True))),
                ('trained_model', KMeans(random_state=123))]), ml_usecase=None)
2025-02-03 15:32:06,798:INFO:Set up data.
2025-02-03 15:36:54,485:INFO:Initializing predict_model()
2025-02-03 15:36:54,485:INFO:predict_model(self=<pycaret.clustering.oop.ClusteringExperiment object at 0x00000192CCED4090>, estimator=Pipeline(memory=Memory(location=None),
         steps=[('numerical_imputer',
                 TransformerWrapper(include=[], transformer=SimpleImputer())),
                ('categorical_imputer',
                 TransformerWrapper(include=['age', 'edu_level', 'fav_animals',
                                             'fav_place', 'gender'],
                                    transformer=SimpleImputer(strategy='most_frequent'))),
                ('ordinal_encoding',
                 TransformerWrapper(include=['gender'],
                                    transfo...
                                                               mapping=[{'col': 'gender',
                                                                         'data_type': dtype('O'),
                                                                         'mapping': Kobieta      0
Mê¿czyzna    1
NaN         -1
dtype: int64}]))),
                ('onehot_encoding',
                 TransformerWrapper(include=['age', 'edu_level', 'fav_animals',
                                             'fav_place'],
                                    transformer=OneHotEncoder(cols=['age',
                                                                    'edu_level',
                                                                    'fav_animals',
                                                                    'fav_place'],
                                                              handle_missing='return_nan',
                                                              use_cat_names=True))),
                ('trained_model', KMeans(random_state=123))]), ml_usecase=None)
2025-02-03 15:36:54,485:INFO:Set up data.
2025-02-03 15:36:59,469:INFO:Initializing predict_model()
2025-02-03 15:36:59,469:INFO:predict_model(self=<pycaret.clustering.oop.ClusteringExperiment object at 0x00000192CB05F950>, estimator=Pipeline(memory=Memory(location=None),
         steps=[('numerical_imputer',
                 TransformerWrapper(include=[], transformer=SimpleImputer())),
                ('categorical_imputer',
                 TransformerWrapper(include=['age', 'edu_level', 'fav_animals',
                                             'fav_place', 'gender'],
                                    transformer=SimpleImputer(strategy='most_frequent'))),
                ('ordinal_encoding',
                 TransformerWrapper(include=['gender'],
                                    transfo...
                                                               mapping=[{'col': 'gender',
                                                                         'data_type': dtype('O'),
                                                                         'mapping': Kobieta      0
Mê¿czyzna    1
NaN         -1
dtype: int64}]))),
                ('onehot_encoding',
                 TransformerWrapper(include=['age', 'edu_level', 'fav_animals',
                                             'fav_place'],
                                    transformer=OneHotEncoder(cols=['age',
                                                                    'edu_level',
                                                                    'fav_animals',
                                                                    'fav_place'],
                                                              handle_missing='return_nan',
                                                              use_cat_names=True))),
                ('trained_model', KMeans(random_state=123))]), ml_usecase=None)
2025-02-03 15:36:59,469:INFO:Set up data.
2025-02-03 17:25:56,168:WARNING:
'cuml' is a soft dependency and not included in the pycaret installation. Please run: `pip install cuml` to install.
2025-02-03 17:25:56,169:WARNING:
'cuml' is a soft dependency and not included in the pycaret installation. Please run: `pip install cuml` to install.
2025-02-03 17:25:56,169:WARNING:
'cuml' is a soft dependency and not included in the pycaret installation. Please run: `pip install cuml` to install.
2025-02-03 17:25:56,170:WARNING:
'cuml' is a soft dependency and not included in the pycaret installation. Please run: `pip install cuml` to install.
2025-02-03 17:27:10,205:INFO:PyCaret ClusteringExperiment
2025-02-03 17:27:10,205:INFO:Logging name: cluster-default-name
2025-02-03 17:27:10,206:INFO:ML Usecase: MLUsecase.CLUSTERING
2025-02-03 17:27:10,206:INFO:version 3.3.2
2025-02-03 17:27:10,206:INFO:Initializing setup()
2025-02-03 17:27:10,206:INFO:self.USI: 240b
2025-02-03 17:27:10,207:INFO:self._variable_keys: {'seed', 'html_param', 'gpu_n_jobs_param', 'gpu_param', 'exp_id', 'data', '_ml_usecase', 'memory', 'n_jobs_param', 'idx', 'log_plots_param', 'exp_name_log', 'USI', 'X', 'pipeline', '_available_plots', 'logging_param'}
2025-02-03 17:27:10,207:INFO:Checking environment
2025-02-03 17:27:10,207:INFO:python_version: 3.11.10
2025-02-03 17:27:10,207:INFO:python_build: ('main', 'Oct  3 2024 07:22:26')
2025-02-03 17:27:10,207:INFO:machine: AMD64
2025-02-03 17:27:10,207:INFO:platform: Windows-10-10.0.19045-SP0
2025-02-03 17:27:10,208:INFO:Memory: svmem(total=8475541504, available=1667874816, percent=80.3, used=6807666688, free=1667874816)
2025-02-03 17:27:10,208:INFO:Physical Core: 2
2025-02-03 17:27:10,208:INFO:Logical Core: 4
2025-02-03 17:27:10,209:INFO:Checking libraries
2025-02-03 17:27:10,209:INFO:System:
2025-02-03 17:27:10,209:INFO:    python: 3.11.10 | packaged by Anaconda, Inc. | (main, Oct  3 2024, 07:22:26) [MSC v.1929 64 bit (AMD64)]
2025-02-03 17:27:10,209:INFO:executable: c:\Users\User\miniconda3\envs\open_ai\python.exe
2025-02-03 17:27:10,209:INFO:   machine: Windows-10-10.0.19045-SP0
2025-02-03 17:27:10,209:INFO:PyCaret required dependencies:
2025-02-03 17:27:11,440:INFO:                 pip: 24.2
2025-02-03 17:27:11,440:INFO:          setuptools: 75.1.0
2025-02-03 17:27:11,440:INFO:             pycaret: 3.3.2
2025-02-03 17:27:11,440:INFO:             IPython: 8.27.0
2025-02-03 17:27:11,440:INFO:          ipywidgets: 7.8.1
2025-02-03 17:27:11,440:INFO:                tqdm: 4.67.1
2025-02-03 17:27:11,440:INFO:               numpy: 1.26.4
2025-02-03 17:27:11,440:INFO:              pandas: 1.5.3
2025-02-03 17:27:11,440:INFO:              jinja2: 3.1.4
2025-02-03 17:27:11,440:INFO:               scipy: 1.11.4
2025-02-03 17:27:11,440:INFO:              joblib: 1.2.0
2025-02-03 17:27:11,440:INFO:             sklearn: 1.4.2
2025-02-03 17:27:11,441:INFO:                pyod: 2.0.2
2025-02-03 17:27:11,441:INFO:            imblearn: 0.12.3
2025-02-03 17:27:11,441:INFO:   category_encoders: 2.6.3
2025-02-03 17:27:11,441:INFO:            lightgbm: 4.5.0
2025-02-03 17:27:11,441:INFO:               numba: 0.60.0
2025-02-03 17:27:11,441:INFO:            requests: 2.32.3
2025-02-03 17:27:11,441:INFO:          matplotlib: 3.9.2
2025-02-03 17:27:11,441:INFO:          scikitplot: 0.3.7
2025-02-03 17:27:11,441:INFO:         yellowbrick: 1.5
2025-02-03 17:27:11,441:INFO:              plotly: 5.24.1
2025-02-03 17:27:11,441:INFO:    plotly-resampler: Not installed
2025-02-03 17:27:11,441:INFO:             kaleido: 0.2.1
2025-02-03 17:27:11,441:INFO:           schemdraw: 0.15
2025-02-03 17:27:11,441:INFO:         statsmodels: 0.14.4
2025-02-03 17:27:11,441:INFO:              sktime: 0.26.0
2025-02-03 17:27:11,441:INFO:               tbats: 1.1.3
2025-02-03 17:27:11,441:INFO:            pmdarima: 2.0.4
2025-02-03 17:27:11,442:INFO:              psutil: 5.9.0
2025-02-03 17:27:11,442:INFO:          markupsafe: 2.1.3
2025-02-03 17:27:11,442:INFO:             pickle5: Not installed
2025-02-03 17:27:11,442:INFO:         cloudpickle: 3.0.0
2025-02-03 17:27:11,442:INFO:         deprecation: 2.1.0
2025-02-03 17:27:11,442:INFO:              xxhash: 3.5.0
2025-02-03 17:27:11,442:INFO:           wurlitzer: 3.1.1
2025-02-03 17:27:11,442:INFO:PyCaret optional dependencies:
2025-02-03 17:27:11,463:INFO:                shap: Not installed
2025-02-03 17:27:11,463:INFO:           interpret: Not installed
2025-02-03 17:27:11,463:INFO:                umap: Not installed
2025-02-03 17:27:11,463:INFO:     ydata_profiling: Not installed
2025-02-03 17:27:11,463:INFO:  explainerdashboard: Not installed
2025-02-03 17:27:11,463:INFO:             autoviz: Not installed
2025-02-03 17:27:11,463:INFO:           fairlearn: Not installed
2025-02-03 17:27:11,463:INFO:          deepchecks: Not installed
2025-02-03 17:27:11,463:INFO:             xgboost: Not installed
2025-02-03 17:27:11,463:INFO:            catboost: Not installed
2025-02-03 17:27:11,464:INFO:              kmodes: Not installed
2025-02-03 17:27:11,464:INFO:             mlxtend: Not installed
2025-02-03 17:27:11,464:INFO:       statsforecast: Not installed
2025-02-03 17:27:11,464:INFO:        tune_sklearn: Not installed
2025-02-03 17:27:11,464:INFO:                 ray: Not installed
2025-02-03 17:27:11,464:INFO:            hyperopt: Not installed
2025-02-03 17:27:11,464:INFO:              optuna: Not installed
2025-02-03 17:27:11,464:INFO:               skopt: Not installed
2025-02-03 17:27:11,464:INFO:              mlflow: Not installed
2025-02-03 17:27:11,464:INFO:              gradio: Not installed
2025-02-03 17:27:11,464:INFO:             fastapi: Not installed
2025-02-03 17:27:11,464:INFO:             uvicorn: Not installed
2025-02-03 17:27:11,464:INFO:              m2cgen: Not installed
2025-02-03 17:27:11,464:INFO:           evidently: Not installed
2025-02-03 17:27:11,464:INFO:               fugue: Not installed
2025-02-03 17:27:11,464:INFO:           streamlit: 1.41.1
2025-02-03 17:27:11,464:INFO:             prophet: Not installed
2025-02-03 17:27:11,465:INFO:None
2025-02-03 17:27:11,465:INFO:Set up data.
2025-02-03 17:27:11,470:INFO:Set up index.
2025-02-03 17:27:11,470:INFO:Assigning column types.
2025-02-03 17:27:11,487:INFO:Engine successfully changes for model 'kmeans' to 'sklearn'.
2025-02-03 17:27:11,487:INFO:Engine for model 'dbscan' has not been set explicitly, hence returning None.
2025-02-03 17:27:11,488:WARNING:
'kmodes' is a soft dependency and not included in the pycaret installation. Please run: `pip install kmodes` to install.
Alternately, you can install this by running `pip install pycaret[models]`
2025-02-03 17:27:11,488:INFO:Engine for model 'dbscan' has not been set explicitly, hence returning None.
2025-02-03 17:27:11,488:WARNING:
'kmodes' is a soft dependency and not included in the pycaret installation. Please run: `pip install kmodes` to install.
Alternately, you can install this by running `pip install pycaret[models]`
2025-02-03 17:27:11,488:INFO:Engine successfully changes for model 'dbscan' to 'sklearn'.
2025-02-03 17:27:11,488:WARNING:
'kmodes' is a soft dependency and not included in the pycaret installation. Please run: `pip install kmodes` to install.
Alternately, you can install this by running `pip install pycaret[models]`
2025-02-03 17:27:11,488:WARNING:
'kmodes' is a soft dependency and not included in the pycaret installation. Please run: `pip install kmodes` to install.
Alternately, you can install this by running `pip install pycaret[models]`
2025-02-03 17:27:11,497:INFO:Preparing preprocessing pipeline...
2025-02-03 17:27:11,497:INFO:Set up simple imputation.
2025-02-03 17:27:11,499:INFO:Set up encoding of ordinal features.
2025-02-03 17:27:11,501:INFO:Set up encoding of categorical features.
2025-02-03 17:27:11,870:INFO:Finished creating preprocessing pipeline.
2025-02-03 17:27:11,897:INFO:Pipeline: Pipeline(memory=FastMemory(location=C:\Users\User\AppData\Local\Temp\joblib),
         steps=[('numerical_imputer',
                 TransformerWrapper(include=[], transformer=SimpleImputer())),
                ('categorical_imputer',
                 TransformerWrapper(include=['age', 'edu_level', 'fav_animals',
                                             'fav_place', 'gender'],
                                    transformer=SimpleImputer(strategy='most_frequent'))),
                ('ordinal_encoding',
                 Transf...
                                    transformer=OrdinalEncoder(cols=['gender'],
                                                               handle_missing='return_nan',
                                                               mapping=[{'col': 'gender',
                                                                         'data_type': dtype('O'),
                                                                         'mapping': Kobieta      0
MÄ™Å¼czyzna    1
NaN         -1
dtype: int64}]))),
                ('onehot_encoding',
                 TransformerWrapper(include=['age', 'edu_level', 'fav_animals',
                                             'fav_place'],
                                    transformer=OneHotEncoder(cols=['age',
                                                                    'edu_level',
                                                                    'fav_animals',
                                                                    'fav_place'],
                                                              handle_missing='return_nan',
                                                              use_cat_names=True)))])
2025-02-03 17:27:11,897:INFO:Creating final display dataframe.
2025-02-03 17:27:11,977:INFO:Setup _display_container:                  Description                 Value
0                 Session id                   123
1        Original data shape              (140, 5)
2     Transformed data shape             (140, 21)
3       Categorical features                     5
4   Rows with missing values                 11.4%
5                 Preprocess                  True
6            Imputation type                simple
7         Numeric imputation                  mean
8     Categorical imputation                  mode
9   Maximum one-hot encoding                    -1
10           Encoding method                  None
11                  CPU Jobs                    -1
12                   Use GPU                 False
13            Log Experiment                 False
14           Experiment Name  cluster-default-name
15                       USI                  240b
2025-02-03 17:27:11,986:WARNING:
'kmodes' is a soft dependency and not included in the pycaret installation. Please run: `pip install kmodes` to install.
Alternately, you can install this by running `pip install pycaret[models]`
2025-02-03 17:27:11,987:WARNING:
'kmodes' is a soft dependency and not included in the pycaret installation. Please run: `pip install kmodes` to install.
Alternately, you can install this by running `pip install pycaret[models]`
2025-02-03 17:27:11,988:INFO:setup() successfully completed in 1.79s...............
2025-02-03 17:27:36,110:INFO:PyCaret ClusteringExperiment
2025-02-03 17:27:36,110:INFO:Logging name: cluster-default-name
2025-02-03 17:27:36,110:INFO:ML Usecase: MLUsecase.CLUSTERING
2025-02-03 17:27:36,110:INFO:version 3.3.2
2025-02-03 17:27:36,110:INFO:Initializing setup()
2025-02-03 17:27:36,111:INFO:self.USI: 4c62
2025-02-03 17:27:36,111:INFO:self._variable_keys: {'seed', 'html_param', 'gpu_n_jobs_param', 'gpu_param', 'exp_id', 'data', '_ml_usecase', 'memory', 'n_jobs_param', 'idx', 'log_plots_param', 'exp_name_log', 'USI', 'X', 'pipeline', '_available_plots', 'logging_param'}
2025-02-03 17:27:36,111:INFO:Checking environment
2025-02-03 17:27:36,111:INFO:python_version: 3.11.10
2025-02-03 17:27:36,111:INFO:python_build: ('main', 'Oct  3 2024 07:22:26')
2025-02-03 17:27:36,111:INFO:machine: AMD64
2025-02-03 17:27:36,111:INFO:platform: Windows-10-10.0.19045-SP0
2025-02-03 17:27:36,112:INFO:Memory: svmem(total=8475541504, available=1718243328, percent=79.7, used=6757298176, free=1718243328)
2025-02-03 17:27:36,112:INFO:Physical Core: 2
2025-02-03 17:27:36,112:INFO:Logical Core: 4
2025-02-03 17:27:36,112:INFO:Checking libraries
2025-02-03 17:27:36,113:INFO:System:
2025-02-03 17:27:36,113:INFO:    python: 3.11.10 | packaged by Anaconda, Inc. | (main, Oct  3 2024, 07:22:26) [MSC v.1929 64 bit (AMD64)]
2025-02-03 17:27:36,113:INFO:executable: c:\Users\User\miniconda3\envs\open_ai\python.exe
2025-02-03 17:27:36,113:INFO:   machine: Windows-10-10.0.19045-SP0
2025-02-03 17:27:36,113:INFO:PyCaret required dependencies:
2025-02-03 17:27:36,114:INFO:                 pip: 24.2
2025-02-03 17:27:36,114:INFO:          setuptools: 75.1.0
2025-02-03 17:27:36,114:INFO:             pycaret: 3.3.2
2025-02-03 17:27:36,114:INFO:             IPython: 8.27.0
2025-02-03 17:27:36,114:INFO:          ipywidgets: 7.8.1
2025-02-03 17:27:36,114:INFO:                tqdm: 4.67.1
2025-02-03 17:27:36,115:INFO:               numpy: 1.26.4
2025-02-03 17:27:36,115:INFO:              pandas: 1.5.3
2025-02-03 17:27:36,115:INFO:              jinja2: 3.1.4
2025-02-03 17:27:36,115:INFO:               scipy: 1.11.4
2025-02-03 17:27:36,115:INFO:              joblib: 1.2.0
2025-02-03 17:27:36,115:INFO:             sklearn: 1.4.2
2025-02-03 17:27:36,115:INFO:                pyod: 2.0.2
2025-02-03 17:27:36,116:INFO:            imblearn: 0.12.3
2025-02-03 17:27:36,116:INFO:   category_encoders: 2.6.3
2025-02-03 17:27:36,116:INFO:            lightgbm: 4.5.0
2025-02-03 17:27:36,116:INFO:               numba: 0.60.0
2025-02-03 17:27:36,116:INFO:            requests: 2.32.3
2025-02-03 17:27:36,116:INFO:          matplotlib: 3.9.2
2025-02-03 17:27:36,117:INFO:          scikitplot: 0.3.7
2025-02-03 17:27:36,117:INFO:         yellowbrick: 1.5
2025-02-03 17:27:36,117:INFO:              plotly: 5.24.1
2025-02-03 17:27:36,117:INFO:    plotly-resampler: Not installed
2025-02-03 17:27:36,117:INFO:             kaleido: 0.2.1
2025-02-03 17:27:36,117:INFO:           schemdraw: 0.15
2025-02-03 17:27:36,118:INFO:         statsmodels: 0.14.4
2025-02-03 17:27:36,118:INFO:              sktime: 0.26.0
2025-02-03 17:27:36,118:INFO:               tbats: 1.1.3
2025-02-03 17:27:36,118:INFO:            pmdarima: 2.0.4
2025-02-03 17:27:36,118:INFO:              psutil: 5.9.0
2025-02-03 17:27:36,118:INFO:          markupsafe: 2.1.3
2025-02-03 17:27:36,118:INFO:             pickle5: Not installed
2025-02-03 17:27:36,119:INFO:         cloudpickle: 3.0.0
2025-02-03 17:27:36,119:INFO:         deprecation: 2.1.0
2025-02-03 17:27:36,119:INFO:              xxhash: 3.5.0
2025-02-03 17:27:36,119:INFO:           wurlitzer: 3.1.1
2025-02-03 17:27:36,119:INFO:PyCaret optional dependencies:
2025-02-03 17:27:36,119:INFO:                shap: Not installed
2025-02-03 17:27:36,119:INFO:           interpret: Not installed
2025-02-03 17:27:36,120:INFO:                umap: Not installed
2025-02-03 17:27:36,120:INFO:     ydata_profiling: Not installed
2025-02-03 17:27:36,120:INFO:  explainerdashboard: Not installed
2025-02-03 17:27:36,120:INFO:             autoviz: Not installed
2025-02-03 17:27:36,120:INFO:           fairlearn: Not installed
2025-02-03 17:27:36,120:INFO:          deepchecks: Not installed
2025-02-03 17:27:36,121:INFO:             xgboost: Not installed
2025-02-03 17:27:36,121:INFO:            catboost: Not installed
2025-02-03 17:27:36,121:INFO:              kmodes: Not installed
2025-02-03 17:27:36,121:INFO:             mlxtend: Not installed
2025-02-03 17:27:36,121:INFO:       statsforecast: Not installed
2025-02-03 17:27:36,121:INFO:        tune_sklearn: Not installed
2025-02-03 17:27:36,121:INFO:                 ray: Not installed
2025-02-03 17:27:36,122:INFO:            hyperopt: Not installed
2025-02-03 17:27:36,122:INFO:              optuna: Not installed
2025-02-03 17:27:36,122:INFO:               skopt: Not installed
2025-02-03 17:27:36,122:INFO:              mlflow: Not installed
2025-02-03 17:27:36,122:INFO:              gradio: Not installed
2025-02-03 17:27:36,122:INFO:             fastapi: Not installed
2025-02-03 17:27:36,122:INFO:             uvicorn: Not installed
2025-02-03 17:27:36,123:INFO:              m2cgen: Not installed
2025-02-03 17:27:36,123:INFO:           evidently: Not installed
2025-02-03 17:27:36,123:INFO:               fugue: Not installed
2025-02-03 17:27:36,123:INFO:           streamlit: 1.41.1
2025-02-03 17:27:36,123:INFO:             prophet: Not installed
2025-02-03 17:27:36,123:INFO:None
2025-02-03 17:27:36,123:INFO:Set up data.
2025-02-03 17:27:36,131:INFO:Set up index.
2025-02-03 17:27:36,131:INFO:Assigning column types.
2025-02-03 17:27:36,135:INFO:Engine successfully changes for model 'kmeans' to 'sklearn'.
2025-02-03 17:27:36,136:INFO:Engine for model 'dbscan' has not been set explicitly, hence returning None.
2025-02-03 17:27:36,136:WARNING:
'kmodes' is a soft dependency and not included in the pycaret installation. Please run: `pip install kmodes` to install.
Alternately, you can install this by running `pip install pycaret[models]`
2025-02-03 17:27:36,136:INFO:Engine for model 'dbscan' has not been set explicitly, hence returning None.
2025-02-03 17:27:36,138:WARNING:
'kmodes' is a soft dependency and not included in the pycaret installation. Please run: `pip install kmodes` to install.
Alternately, you can install this by running `pip install pycaret[models]`
2025-02-03 17:27:36,138:INFO:Engine successfully changes for model 'dbscan' to 'sklearn'.
2025-02-03 17:27:36,139:WARNING:
'kmodes' is a soft dependency and not included in the pycaret installation. Please run: `pip install kmodes` to install.
Alternately, you can install this by running `pip install pycaret[models]`
2025-02-03 17:27:36,140:WARNING:
'kmodes' is a soft dependency and not included in the pycaret installation. Please run: `pip install kmodes` to install.
Alternately, you can install this by running `pip install pycaret[models]`
2025-02-03 17:27:36,143:INFO:Preparing preprocessing pipeline...
2025-02-03 17:27:36,143:INFO:Set up simple imputation.
2025-02-03 17:27:36,150:INFO:Set up encoding of ordinal features.
2025-02-03 17:27:36,154:INFO:Set up encoding of categorical features.
2025-02-03 17:27:36,294:INFO:Finished creating preprocessing pipeline.
2025-02-03 17:27:36,329:INFO:Pipeline: Pipeline(memory=FastMemory(location=C:\Users\User\AppData\Local\Temp\joblib),
         steps=[('numerical_imputer',
                 TransformerWrapper(include=[], transformer=SimpleImputer())),
                ('categorical_imputer',
                 TransformerWrapper(include=['age', 'edu_level', 'fav_animals',
                                             'fav_place', 'gender'],
                                    transformer=SimpleImputer(strategy='most_frequent'))),
                ('ordinal_encoding',
                 Transf...
                                    transformer=OrdinalEncoder(cols=['gender'],
                                                               handle_missing='return_nan',
                                                               mapping=[{'col': 'gender',
                                                                         'data_type': dtype('O'),
                                                                         'mapping': Kobieta      0
MÄ™Å¼czyzna    1
NaN         -1
dtype: int64}]))),
                ('onehot_encoding',
                 TransformerWrapper(include=['age', 'edu_level', 'fav_animals',
                                             'fav_place'],
                                    transformer=OneHotEncoder(cols=['age',
                                                                    'edu_level',
                                                                    'fav_animals',
                                                                    'fav_place'],
                                                              handle_missing='return_nan',
                                                              use_cat_names=True)))])
2025-02-03 17:27:36,330:INFO:Creating final display dataframe.
2025-02-03 17:27:36,430:INFO:Setup _display_container:                  Description                 Value
0                 Session id                   123
1        Original data shape              (229, 5)
2     Transformed data shape             (229, 21)
3       Categorical features                     5
4   Rows with missing values                 13.1%
5                 Preprocess                  True
6            Imputation type                simple
7         Numeric imputation                  mean
8     Categorical imputation                  mode
9   Maximum one-hot encoding                    -1
10           Encoding method                  None
11                  CPU Jobs                    -1
12                   Use GPU                 False
13            Log Experiment                 False
14           Experiment Name  cluster-default-name
15                       USI                  4c62
2025-02-03 17:27:36,441:WARNING:
'kmodes' is a soft dependency and not included in the pycaret installation. Please run: `pip install kmodes` to install.
Alternately, you can install this by running `pip install pycaret[models]`
2025-02-03 17:27:36,441:WARNING:
'kmodes' is a soft dependency and not included in the pycaret installation. Please run: `pip install kmodes` to install.
Alternately, you can install this by running `pip install pycaret[models]`
2025-02-03 17:27:36,441:INFO:setup() successfully completed in 0.34s...............
2025-02-03 17:34:37,876:INFO:Initializing create_model()
2025-02-03 17:34:37,876:INFO:create_model(self=<pycaret.clustering.oop.ClusteringExperiment object at 0x000002ACA38601D0>, estimator=kmeans, num_clusters=8, fraction=0.05, ground_truth=None, round=4, fit_kwargs=None, experiment_custom_tags=None, verbose=True, system=True, add_to_model_list=True, raise_num_clusters=False, display=None, kwargs={})
2025-02-03 17:34:37,876:INFO:Checking exceptions
2025-02-03 17:34:38,508:INFO:Importing untrained model
2025-02-03 17:34:38,518:INFO:K-Means Clustering Imported successfully
2025-02-03 17:34:38,534:INFO:Fitting Model
2025-02-03 17:34:40,753:WARNING:c:\Users\User\miniconda3\envs\open_ai\Lib\site-packages\sklearn\cluster\_kmeans.py:1446: UserWarning: KMeans is known to have a memory leak on Windows with MKL, when there are less chunks than available threads. You can avoid it by setting the environment variable OMP_NUM_THREADS=1.
  warnings.warn(

2025-02-03 17:34:41,338:INFO:KMeans(random_state=123)
2025-02-03 17:34:41,338:INFO:create_models() successfully completed......................................
2025-02-03 17:34:41,351:INFO:Uploading results into container
2025-02-03 17:34:41,352:INFO:Uploading model into container now
2025-02-03 17:34:41,366:INFO:_master_model_container: 1
2025-02-03 17:34:41,366:INFO:_display_container: 2
2025-02-03 17:34:41,367:INFO:KMeans(random_state=123)
2025-02-03 17:34:41,367:INFO:create_model() successfully completed......................................
2025-02-03 17:35:49,940:INFO:Initializing assign_model()
2025-02-03 17:35:49,940:INFO:assign_model(self=<pycaret.clustering.oop.ClusteringExperiment object at 0x000002ACA38601D0>, model=KMeans(random_state=123), transformation=False, score=True, verbose=True)
2025-02-03 17:35:49,940:INFO:Checking exceptions
2025-02-03 17:35:49,941:INFO:Determining Trained Model
2025-02-03 17:35:49,941:INFO:Trained Model : K-Means Clustering
2025-02-03 17:35:49,942:INFO:Copying data
2025-02-03 17:35:49,944:INFO:(229, 6)
2025-02-03 17:35:49,944:INFO:assign_model() successfully completed......................................
2025-02-03 17:36:47,937:INFO:Initializing plot_model()
2025-02-03 17:36:47,937:INFO:plot_model(self=<pycaret.clustering.oop.ClusteringExperiment object at 0x000002ACA38601D0>, estimator=KMeans(random_state=123), plot=cluster, scale=1, save=False, fold=None, fit_kwargs=None, plot_kwargs=None, groups=None, feature_name=None, label=False, verbose=True, system=True, display=None, display_format=None)
2025-02-03 17:36:47,937:INFO:Checking exceptions
2025-02-03 17:36:47,942:INFO:Preloading libraries
2025-02-03 17:36:47,942:INFO:Copying training dataset
2025-02-03 17:36:47,943:INFO:Plot type: cluster
2025-02-03 17:36:47,944:INFO:SubProcess assign_model() called ==================================
2025-02-03 17:36:47,945:INFO:Initializing assign_model()
2025-02-03 17:36:47,945:INFO:assign_model(self=<pycaret.clustering.oop.ClusteringExperiment object at 0x000002ACA38601D0>, model=KMeans(random_state=123), transformation=True, score=True, verbose=False)
2025-02-03 17:36:47,945:INFO:Checking exceptions
2025-02-03 17:36:47,945:INFO:Determining Trained Model
2025-02-03 17:36:47,946:INFO:Trained Model : K-Means Clustering
2025-02-03 17:36:47,946:INFO:Copying data
2025-02-03 17:36:47,990:INFO:Transformation parameter set to True. Assigned clusters are attached on transformed dataset.
2025-02-03 17:36:47,991:INFO:(229, 22)
2025-02-03 17:36:47,991:INFO:assign_model() successfully completed......................................
2025-02-03 17:36:47,991:INFO:SubProcess assign_model() end ==================================
2025-02-03 17:36:47,994:INFO:Fitting PCA()
2025-02-03 17:36:48,772:INFO:Sorting dataframe
2025-02-03 17:36:48,843:INFO:Rendering Visual
2025-02-03 17:37:35,147:INFO:Visual Rendered Successfully
2025-02-03 17:37:35,253:INFO:plot_model() successfully completed......................................
2025-02-03 17:40:11,838:INFO:Initializing save_model()
2025-02-03 17:40:11,838:INFO:save_model(model=KMeans(random_state=123), model_name=welcome_survey_clustering_pipeline_v2, prep_pipe_=Pipeline(memory=FastMemory(location=C:\Users\User\AppData\Local\Temp\joblib),
         steps=[('numerical_imputer',
                 TransformerWrapper(include=[], transformer=SimpleImputer())),
                ('categorical_imputer',
                 TransformerWrapper(include=['age', 'edu_level', 'fav_animals',
                                             'fav_place', 'gender'],
                                    transformer=SimpleImputer(strategy='most_frequent'))),
                ('ordinal_encoding',
                 Transf...
                                    transformer=OrdinalEncoder(cols=['gender'],
                                                               handle_missing='return_nan',
                                                               mapping=[{'col': 'gender',
                                                                         'data_type': dtype('O'),
                                                                         'mapping': Kobieta      0
MÄ™Å¼czyzna    1
NaN         -1
dtype: int64}]))),
                ('onehot_encoding',
                 TransformerWrapper(include=['age', 'edu_level', 'fav_animals',
                                             'fav_place'],
                                    transformer=OneHotEncoder(cols=['age',
                                                                    'edu_level',
                                                                    'fav_animals',
                                                                    'fav_place'],
                                                              handle_missing='return_nan',
                                                              use_cat_names=True)))]), verbose=False, use_case=MLUsecase.CLUSTERING, kwargs={})
2025-02-03 17:40:11,838:INFO:Adding model into prep_pipe
2025-02-03 17:40:11,861:INFO:welcome_survey_clustering_pipeline_v2.pkl saved in current working directory
2025-02-03 17:40:11,900:INFO:Pipeline(memory=Memory(location=None),
         steps=[('numerical_imputer',
                 TransformerWrapper(include=[], transformer=SimpleImputer())),
                ('categorical_imputer',
                 TransformerWrapper(include=['age', 'edu_level', 'fav_animals',
                                             'fav_place', 'gender'],
                                    transformer=SimpleImputer(strategy='most_frequent'))),
                ('ordinal_encoding',
                 TransformerWrapper(include=['gender'],
                                    transfo...
                                                               mapping=[{'col': 'gender',
                                                                         'data_type': dtype('O'),
                                                                         'mapping': Kobieta      0
MÄ™Å¼czyzna    1
NaN         -1
dtype: int64}]))),
                ('onehot_encoding',
                 TransformerWrapper(include=['age', 'edu_level', 'fav_animals',
                                             'fav_place'],
                                    transformer=OneHotEncoder(cols=['age',
                                                                    'edu_level',
                                                                    'fav_animals',
                                                                    'fav_place'],
                                                              handle_missing='return_nan',
                                                              use_cat_names=True))),
                ('trained_model', KMeans(random_state=123))])
2025-02-03 17:40:11,900:INFO:save_model() successfully completed......................................
2025-02-03 17:40:41,204:INFO:Initializing load_model()
2025-02-03 17:40:41,205:INFO:load_model(model_name=welcome_survey_clustering_pipeline_v2, platform=None, authentication=None, verbose=True)
2025-02-03 17:41:57,100:INFO:Initializing predict_model()
2025-02-03 17:41:57,101:INFO:predict_model(self=<pycaret.clustering.oop.ClusteringExperiment object at 0x000002ACA38601D0>, estimator=Pipeline(memory=FastMemory(location=C:\Users\User\AppData\Local\Temp\joblib),
         steps=[('numerical_imputer',
                 TransformerWrapper(include=[], transformer=SimpleImputer())),
                ('categorical_imputer',
                 TransformerWrapper(include=['age', 'edu_level', 'fav_animals',
                                             'fav_place', 'gender'],
                                    transformer=SimpleImputer(strategy='most_frequent'))),
                ('ordinal_encoding',
                 Transf...
                                                               mapping=[{'col': 'gender',
                                                                         'data_type': dtype('O'),
                                                                         'mapping': Kobieta      0
MÄ™Å¼czyzna    1
NaN         -1
dtype: int64}]))),
                ('onehot_encoding',
                 TransformerWrapper(include=['age', 'edu_level', 'fav_animals',
                                             'fav_place'],
                                    transformer=OneHotEncoder(cols=['age',
                                                                    'edu_level',
                                                                    'fav_animals',
                                                                    'fav_place'],
                                                              handle_missing='return_nan',
                                                              use_cat_names=True))),
                ('trained_model', KMeans(random_state=123))]), ml_usecase=None)
2025-02-03 17:41:57,101:INFO:Set up data.
2025-02-03 17:45:00,575:WARNING:
'cuml' is a soft dependency and not included in the pycaret installation. Please run: `pip install cuml` to install.
2025-02-03 17:45:00,575:WARNING:
'cuml' is a soft dependency and not included in the pycaret installation. Please run: `pip install cuml` to install.
2025-02-03 17:45:00,576:WARNING:
'cuml' is a soft dependency and not included in the pycaret installation. Please run: `pip install cuml` to install.
2025-02-03 17:45:00,576:WARNING:
'cuml' is a soft dependency and not included in the pycaret installation. Please run: `pip install cuml` to install.
2025-02-03 17:45:02,995:INFO:Initializing load_model()
2025-02-03 17:45:02,995:INFO:load_model(model_name=welcome_survey_clustering_pipeline_v1, platform=None, authentication=None, verbose=True)
2025-02-03 17:45:03,202:WARNING:C:\Users\User\miniconda3\envs\open_ai\Lib\site-packages\pycaret\internal\pipeline.py:148: UserWarning: Version mismatch:
current: {'deps_info': {'pip': '24.2', 'setuptools': '75.1.0', 'pycaret': '3.3.2', 'IPython': '8.27.0', 'ipywidgets': '7.8.1', 'tqdm': '4.67.1', 'numpy': '1.26.4', 'pandas': '1.5.3', 'jinja2': '3.1.4', 'scipy': '1.11.4', 'joblib': '1.2.0', 'sklearn': '1.4.2', 'pyod': '2.0.2', 'imblearn': '0.12.3', 'category_encoders': '2.6.3', 'lightgbm': '4.5.0', 'numba': '0.60.0', 'requests': '2.32.3', 'matplotlib': '3.9.2', 'scikitplot': '0.3.7', 'yellowbrick': '1.5', 'plotly': '5.24.1', 'plotly-resampler': 'Not installed', 'kaleido': '0.2.1', 'schemdraw': '0.15', 'statsmodels': '0.14.4', 'sktime': '0.26.0', 'tbats': '1.1.3', 'pmdarima': '2.0.4', 'psutil': '5.9.0', 'markupsafe': '2.1.3', 'pickle5': 'Not installed', 'cloudpickle': '3.0.0', 'deprecation': '2.1.0', 'xxhash': '3.5.0', 'wurlitzer': '3.1.1'}, 'python': {'version': '3.11.10', 'machine': 'AMD64'}}
pickle: {'deps_info': {'pip': '24.0', 'setuptools': '70.3.0', 'pycaret': '3.3.1', 'IPython': '8.26.0', 'ipywidgets': '8.1.3', 'tqdm': '4.66.5', 'numpy': '1.26.4', 'pandas': '1.5.3', 'jinja2': '3.1.4', 'scipy': '1.11.4', 'joblib': '1.3.2', 'sklearn': '1.4.2', 'pyod': '2.0.1', 'imblearn': '0.12.3', 'category_encoders': '2.6.3', 'lightgbm': '4.5.0', 'numba': '0.60.0', 'requests': '2.32.3', 'matplotlib': '3.8.4', 'scikitplot': '0.3.7', 'yellowbrick': '1.5', 'plotly': '5.23.0', 'plotly-resampler': 'Not installed', 'kaleido': '0.2.1', 'schemdraw': '0.15', 'statsmodels': '0.14.2', 'sktime': '0.26.0', 'tbats': '1.1.3', 'pmdarima': '2.0.4', 'psutil': '6.0.0', 'markupsafe': '2.1.5', 'pickle5': 'Not installed', 'cloudpickle': '3.0.0', 'deprecation': '2.1.0', 'xxhash': '3.4.1', 'wurlitzer': '3.1.1'}, 'python': {'version': '3.11.9', 'machine': 'arm64'}}
  warnings.warn(

2025-02-03 17:45:03,272:INFO:Initializing predict_model()
2025-02-03 17:45:03,272:INFO:predict_model(self=<pycaret.clustering.oop.ClusteringExperiment object at 0x0000024044590290>, estimator=Pipeline(memory=Memory(location=None),
         steps=[('numerical_imputer',
                 TransformerWrapper(include=[], transformer=SimpleImputer())),
                ('categorical_imputer',
                 TransformerWrapper(include=['age', 'edu_level', 'fav_animals',
                                             'fav_place', 'gender'],
                                    transformer=SimpleImputer(strategy='most_frequent'))),
                ('ordinal_encoding',
                 TransformerWrapper(include=['gender'],
                                    transfo...
                                                               mapping=[{'col': 'gender',
                                                                         'data_type': dtype('O'),
                                                                         'mapping': Kobieta      0
Mê¿czyzna    1
NaN         -1
dtype: int64}]))),
                ('onehot_encoding',
                 TransformerWrapper(include=['age', 'edu_level', 'fav_animals',
                                             'fav_place'],
                                    transformer=OneHotEncoder(cols=['age',
                                                                    'edu_level',
                                                                    'fav_animals',
                                                                    'fav_place'],
                                                              handle_missing='return_nan',
                                                              use_cat_names=True))),
                ('trained_model', KMeans(random_state=123))]), ml_usecase=None)
2025-02-03 17:45:03,273:INFO:Set up data.
2025-02-03 17:45:03,626:INFO:Initializing predict_model()
2025-02-03 17:45:03,627:INFO:predict_model(self=<pycaret.clustering.oop.ClusteringExperiment object at 0x000002403B046050>, estimator=Pipeline(memory=Memory(location=None),
         steps=[('numerical_imputer',
                 TransformerWrapper(include=[], transformer=SimpleImputer())),
                ('categorical_imputer',
                 TransformerWrapper(include=['age', 'edu_level', 'fav_animals',
                                             'fav_place', 'gender'],
                                    transformer=SimpleImputer(strategy='most_frequent'))),
                ('ordinal_encoding',
                 TransformerWrapper(include=['gender'],
                                    transfo...
                                                               mapping=[{'col': 'gender',
                                                                         'data_type': dtype('O'),
                                                                         'mapping': Kobieta      0
Mê¿czyzna    1
NaN         -1
dtype: int64}]))),
                ('onehot_encoding',
                 TransformerWrapper(include=['age', 'edu_level', 'fav_animals',
                                             'fav_place'],
                                    transformer=OneHotEncoder(cols=['age',
                                                                    'edu_level',
                                                                    'fav_animals',
                                                                    'fav_place'],
                                                              handle_missing='return_nan',
                                                              use_cat_names=True))),
                ('trained_model', KMeans(random_state=123))]), ml_usecase=None)
2025-02-03 17:45:03,627:INFO:Set up data.
2025-02-03 17:48:12,282:INFO:Initializing predict_model()
2025-02-03 17:48:12,283:INFO:predict_model(self=<pycaret.clustering.oop.ClusteringExperiment object at 0x00000240441CE650>, estimator=Pipeline(memory=Memory(location=None),
         steps=[('numerical_imputer',
                 TransformerWrapper(include=[], transformer=SimpleImputer())),
                ('categorical_imputer',
                 TransformerWrapper(include=['age', 'edu_level', 'fav_animals',
                                             'fav_place', 'gender'],
                                    transformer=SimpleImputer(strategy='most_frequent'))),
                ('ordinal_encoding',
                 TransformerWrapper(include=['gender'],
                                    transfo...
                                                               mapping=[{'col': 'gender',
                                                                         'data_type': dtype('O'),
                                                                         'mapping': Kobieta      0
Mê¿czyzna    1
NaN         -1
dtype: int64}]))),
                ('onehot_encoding',
                 TransformerWrapper(include=['age', 'edu_level', 'fav_animals',
                                             'fav_place'],
                                    transformer=OneHotEncoder(cols=['age',
                                                                    'edu_level',
                                                                    'fav_animals',
                                                                    'fav_place'],
                                                              handle_missing='return_nan',
                                                              use_cat_names=True))),
                ('trained_model', KMeans(random_state=123))]), ml_usecase=None)
2025-02-03 17:48:12,283:INFO:Set up data.
2025-02-03 17:48:17,843:INFO:Initializing predict_model()
2025-02-03 17:48:17,843:INFO:predict_model(self=<pycaret.clustering.oop.ClusteringExperiment object at 0x0000024044FA5CD0>, estimator=Pipeline(memory=Memory(location=None),
         steps=[('numerical_imputer',
                 TransformerWrapper(include=[], transformer=SimpleImputer())),
                ('categorical_imputer',
                 TransformerWrapper(include=['age', 'edu_level', 'fav_animals',
                                             'fav_place', 'gender'],
                                    transformer=SimpleImputer(strategy='most_frequent'))),
                ('ordinal_encoding',
                 TransformerWrapper(include=['gender'],
                                    transfo...
                                                               mapping=[{'col': 'gender',
                                                                         'data_type': dtype('O'),
                                                                         'mapping': Kobieta      0
Mê¿czyzna    1
NaN         -1
dtype: int64}]))),
                ('onehot_encoding',
                 TransformerWrapper(include=['age', 'edu_level', 'fav_animals',
                                             'fav_place'],
                                    transformer=OneHotEncoder(cols=['age',
                                                                    'edu_level',
                                                                    'fav_animals',
                                                                    'fav_place'],
                                                              handle_missing='return_nan',
                                                              use_cat_names=True))),
                ('trained_model', KMeans(random_state=123))]), ml_usecase=None)
2025-02-03 17:48:17,843:INFO:Set up data.
2025-02-03 17:48:26,246:INFO:Initializing predict_model()
2025-02-03 17:48:26,247:INFO:predict_model(self=<pycaret.clustering.oop.ClusteringExperiment object at 0x00000240460D8C10>, estimator=Pipeline(memory=Memory(location=None),
         steps=[('numerical_imputer',
                 TransformerWrapper(include=[], transformer=SimpleImputer())),
                ('categorical_imputer',
                 TransformerWrapper(include=['age', 'edu_level', 'fav_animals',
                                             'fav_place', 'gender'],
                                    transformer=SimpleImputer(strategy='most_frequent'))),
                ('ordinal_encoding',
                 TransformerWrapper(include=['gender'],
                                    transfo...
                                                               mapping=[{'col': 'gender',
                                                                         'data_type': dtype('O'),
                                                                         'mapping': Kobieta      0
Mê¿czyzna    1
NaN         -1
dtype: int64}]))),
                ('onehot_encoding',
                 TransformerWrapper(include=['age', 'edu_level', 'fav_animals',
                                             'fav_place'],
                                    transformer=OneHotEncoder(cols=['age',
                                                                    'edu_level',
                                                                    'fav_animals',
                                                                    'fav_place'],
                                                              handle_missing='return_nan',
                                                              use_cat_names=True))),
                ('trained_model', KMeans(random_state=123))]), ml_usecase=None)
2025-02-03 17:48:26,247:INFO:Set up data.
2025-02-03 17:48:30,994:INFO:Initializing predict_model()
2025-02-03 17:48:30,994:INFO:predict_model(self=<pycaret.clustering.oop.ClusteringExperiment object at 0x000002404506EA90>, estimator=Pipeline(memory=Memory(location=None),
         steps=[('numerical_imputer',
                 TransformerWrapper(include=[], transformer=SimpleImputer())),
                ('categorical_imputer',
                 TransformerWrapper(include=['age', 'edu_level', 'fav_animals',
                                             'fav_place', 'gender'],
                                    transformer=SimpleImputer(strategy='most_frequent'))),
                ('ordinal_encoding',
                 TransformerWrapper(include=['gender'],
                                    transfo...
                                                               mapping=[{'col': 'gender',
                                                                         'data_type': dtype('O'),
                                                                         'mapping': Kobieta      0
Mê¿czyzna    1
NaN         -1
dtype: int64}]))),
                ('onehot_encoding',
                 TransformerWrapper(include=['age', 'edu_level', 'fav_animals',
                                             'fav_place'],
                                    transformer=OneHotEncoder(cols=['age',
                                                                    'edu_level',
                                                                    'fav_animals',
                                                                    'fav_place'],
                                                              handle_missing='return_nan',
                                                              use_cat_names=True))),
                ('trained_model', KMeans(random_state=123))]), ml_usecase=None)
2025-02-03 17:48:30,994:INFO:Set up data.
2025-02-03 17:48:40,648:INFO:Initializing predict_model()
2025-02-03 17:48:40,648:INFO:predict_model(self=<pycaret.clustering.oop.ClusteringExperiment object at 0x0000024043EA95D0>, estimator=Pipeline(memory=Memory(location=None),
         steps=[('numerical_imputer',
                 TransformerWrapper(include=[], transformer=SimpleImputer())),
                ('categorical_imputer',
                 TransformerWrapper(include=['age', 'edu_level', 'fav_animals',
                                             'fav_place', 'gender'],
                                    transformer=SimpleImputer(strategy='most_frequent'))),
                ('ordinal_encoding',
                 TransformerWrapper(include=['gender'],
                                    transfo...
                                                               mapping=[{'col': 'gender',
                                                                         'data_type': dtype('O'),
                                                                         'mapping': Kobieta      0
Mê¿czyzna    1
NaN         -1
dtype: int64}]))),
                ('onehot_encoding',
                 TransformerWrapper(include=['age', 'edu_level', 'fav_animals',
                                             'fav_place'],
                                    transformer=OneHotEncoder(cols=['age',
                                                                    'edu_level',
                                                                    'fav_animals',
                                                                    'fav_place'],
                                                              handle_missing='return_nan',
                                                              use_cat_names=True))),
                ('trained_model', KMeans(random_state=123))]), ml_usecase=None)
2025-02-03 17:48:40,649:INFO:Set up data.
2025-02-03 17:48:47,695:INFO:Initializing predict_model()
2025-02-03 17:48:47,695:INFO:predict_model(self=<pycaret.clustering.oop.ClusteringExperiment object at 0x00000240460E6C10>, estimator=Pipeline(memory=Memory(location=None),
         steps=[('numerical_imputer',
                 TransformerWrapper(include=[], transformer=SimpleImputer())),
                ('categorical_imputer',
                 TransformerWrapper(include=['age', 'edu_level', 'fav_animals',
                                             'fav_place', 'gender'],
                                    transformer=SimpleImputer(strategy='most_frequent'))),
                ('ordinal_encoding',
                 TransformerWrapper(include=['gender'],
                                    transfo...
                                                               mapping=[{'col': 'gender',
                                                                         'data_type': dtype('O'),
                                                                         'mapping': Kobieta      0
Mê¿czyzna    1
NaN         -1
dtype: int64}]))),
                ('onehot_encoding',
                 TransformerWrapper(include=['age', 'edu_level', 'fav_animals',
                                             'fav_place'],
                                    transformer=OneHotEncoder(cols=['age',
                                                                    'edu_level',
                                                                    'fav_animals',
                                                                    'fav_place'],
                                                              handle_missing='return_nan',
                                                              use_cat_names=True))),
                ('trained_model', KMeans(random_state=123))]), ml_usecase=None)
2025-02-03 17:48:47,695:INFO:Set up data.
2025-02-03 17:48:56,642:INFO:Initializing predict_model()
2025-02-03 17:48:56,642:INFO:predict_model(self=<pycaret.clustering.oop.ClusteringExperiment object at 0x0000024044FF3150>, estimator=Pipeline(memory=Memory(location=None),
         steps=[('numerical_imputer',
                 TransformerWrapper(include=[], transformer=SimpleImputer())),
                ('categorical_imputer',
                 TransformerWrapper(include=['age', 'edu_level', 'fav_animals',
                                             'fav_place', 'gender'],
                                    transformer=SimpleImputer(strategy='most_frequent'))),
                ('ordinal_encoding',
                 TransformerWrapper(include=['gender'],
                                    transfo...
                                                               mapping=[{'col': 'gender',
                                                                         'data_type': dtype('O'),
                                                                         'mapping': Kobieta      0
Mê¿czyzna    1
NaN         -1
dtype: int64}]))),
                ('onehot_encoding',
                 TransformerWrapper(include=['age', 'edu_level', 'fav_animals',
                                             'fav_place'],
                                    transformer=OneHotEncoder(cols=['age',
                                                                    'edu_level',
                                                                    'fav_animals',
                                                                    'fav_place'],
                                                              handle_missing='return_nan',
                                                              use_cat_names=True))),
                ('trained_model', KMeans(random_state=123))]), ml_usecase=None)
2025-02-03 17:48:56,643:INFO:Set up data.
2025-02-03 17:49:04,909:INFO:Initializing predict_model()
2025-02-03 17:49:04,909:INFO:predict_model(self=<pycaret.clustering.oop.ClusteringExperiment object at 0x00000240441379D0>, estimator=Pipeline(memory=Memory(location=None),
         steps=[('numerical_imputer',
                 TransformerWrapper(include=[], transformer=SimpleImputer())),
                ('categorical_imputer',
                 TransformerWrapper(include=['age', 'edu_level', 'fav_animals',
                                             'fav_place', 'gender'],
                                    transformer=SimpleImputer(strategy='most_frequent'))),
                ('ordinal_encoding',
                 TransformerWrapper(include=['gender'],
                                    transfo...
                                                               mapping=[{'col': 'gender',
                                                                         'data_type': dtype('O'),
                                                                         'mapping': Kobieta      0
Mê¿czyzna    1
NaN         -1
dtype: int64}]))),
                ('onehot_encoding',
                 TransformerWrapper(include=['age', 'edu_level', 'fav_animals',
                                             'fav_place'],
                                    transformer=OneHotEncoder(cols=['age',
                                                                    'edu_level',
                                                                    'fav_animals',
                                                                    'fav_place'],
                                                              handle_missing='return_nan',
                                                              use_cat_names=True))),
                ('trained_model', KMeans(random_state=123))]), ml_usecase=None)
2025-02-03 17:49:04,909:INFO:Set up data.
2025-02-03 17:55:08,945:INFO:Initializing predict_model()
2025-02-03 17:55:08,945:INFO:predict_model(self=<pycaret.clustering.oop.ClusteringExperiment object at 0x0000024044F708D0>, estimator=Pipeline(memory=Memory(location=None),
         steps=[('numerical_imputer',
                 TransformerWrapper(include=[], transformer=SimpleImputer())),
                ('categorical_imputer',
                 TransformerWrapper(include=['age', 'edu_level', 'fav_animals',
                                             'fav_place', 'gender'],
                                    transformer=SimpleImputer(strategy='most_frequent'))),
                ('ordinal_encoding',
                 TransformerWrapper(include=['gender'],
                                    transfo...
                                                               mapping=[{'col': 'gender',
                                                                         'data_type': dtype('O'),
                                                                         'mapping': Kobieta      0
Mê¿czyzna    1
NaN         -1
dtype: int64}]))),
                ('onehot_encoding',
                 TransformerWrapper(include=['age', 'edu_level', 'fav_animals',
                                             'fav_place'],
                                    transformer=OneHotEncoder(cols=['age',
                                                                    'edu_level',
                                                                    'fav_animals',
                                                                    'fav_place'],
                                                              handle_missing='return_nan',
                                                              use_cat_names=True))),
                ('trained_model', KMeans(random_state=123))]), ml_usecase=None)
2025-02-03 17:55:08,946:INFO:Set up data.
2025-02-03 17:55:12,935:INFO:Initializing predict_model()
2025-02-03 17:55:12,935:INFO:predict_model(self=<pycaret.clustering.oop.ClusteringExperiment object at 0x0000024046141E10>, estimator=Pipeline(memory=Memory(location=None),
         steps=[('numerical_imputer',
                 TransformerWrapper(include=[], transformer=SimpleImputer())),
                ('categorical_imputer',
                 TransformerWrapper(include=['age', 'edu_level', 'fav_animals',
                                             'fav_place', 'gender'],
                                    transformer=SimpleImputer(strategy='most_frequent'))),
                ('ordinal_encoding',
                 TransformerWrapper(include=['gender'],
                                    transfo...
                                                               mapping=[{'col': 'gender',
                                                                         'data_type': dtype('O'),
                                                                         'mapping': Kobieta      0
Mê¿czyzna    1
NaN         -1
dtype: int64}]))),
                ('onehot_encoding',
                 TransformerWrapper(include=['age', 'edu_level', 'fav_animals',
                                             'fav_place'],
                                    transformer=OneHotEncoder(cols=['age',
                                                                    'edu_level',
                                                                    'fav_animals',
                                                                    'fav_place'],
                                                              handle_missing='return_nan',
                                                              use_cat_names=True))),
                ('trained_model', KMeans(random_state=123))]), ml_usecase=None)
2025-02-03 17:55:12,935:INFO:Set up data.
2025-02-03 18:04:58,961:WARNING:
'cuml' is a soft dependency and not included in the pycaret installation. Please run: `pip install cuml` to install.
2025-02-03 18:04:58,961:WARNING:
'cuml' is a soft dependency and not included in the pycaret installation. Please run: `pip install cuml` to install.
2025-02-03 18:04:58,961:WARNING:
'cuml' is a soft dependency and not included in the pycaret installation. Please run: `pip install cuml` to install.
2025-02-03 18:04:58,961:WARNING:
'cuml' is a soft dependency and not included in the pycaret installation. Please run: `pip install cuml` to install.
2025-02-03 18:07:16,311:INFO:Initializing load_model()
2025-02-03 18:07:16,311:INFO:load_model(model_name=welcome_survey_clustering_pipeline_v2, platform=None, authentication=None, verbose=True)
2025-02-03 18:07:35,028:INFO:Initializing predict_model()
2025-02-03 18:07:35,028:INFO:predict_model(self=<pycaret.clustering.oop.ClusteringExperiment object at 0x00000258A2AAA650>, estimator=Pipeline(memory=Memory(location=None),
         steps=[('numerical_imputer',
                 TransformerWrapper(include=[], transformer=SimpleImputer())),
                ('categorical_imputer',
                 TransformerWrapper(include=['age', 'edu_level', 'fav_animals',
                                             'fav_place', 'gender'],
                                    transformer=SimpleImputer(strategy='most_frequent'))),
                ('ordinal_encoding',
                 TransformerWrapper(include=['gender'],
                                    transfo...
                                                               mapping=[{'col': 'gender',
                                                                         'data_type': dtype('O'),
                                                                         'mapping': Kobieta      0
MÄ™Å¼czyzna    1
NaN         -1
dtype: int64}]))),
                ('onehot_encoding',
                 TransformerWrapper(include=['age', 'edu_level', 'fav_animals',
                                             'fav_place'],
                                    transformer=OneHotEncoder(cols=['age',
                                                                    'edu_level',
                                                                    'fav_animals',
                                                                    'fav_place'],
                                                              handle_missing='return_nan',
                                                              use_cat_names=True))),
                ('trained_model', KMeans(random_state=123))]), ml_usecase=None)
2025-02-03 18:07:35,028:INFO:Set up data.
2025-02-03 18:11:51,618:INFO:Initializing predict_model()
2025-02-03 18:11:51,618:INFO:predict_model(self=<pycaret.clustering.oop.ClusteringExperiment object at 0x0000024044E0B450>, estimator=Pipeline(memory=Memory(location=None),
         steps=[('numerical_imputer',
                 TransformerWrapper(include=[], transformer=SimpleImputer())),
                ('categorical_imputer',
                 TransformerWrapper(include=['age', 'edu_level', 'fav_animals',
                                             'fav_place', 'gender'],
                                    transformer=SimpleImputer(strategy='most_frequent'))),
                ('ordinal_encoding',
                 TransformerWrapper(include=['gender'],
                                    transfo...
                                                               mapping=[{'col': 'gender',
                                                                         'data_type': dtype('O'),
                                                                         'mapping': Kobieta      0
Mê¿czyzna    1
NaN         -1
dtype: int64}]))),
                ('onehot_encoding',
                 TransformerWrapper(include=['age', 'edu_level', 'fav_animals',
                                             'fav_place'],
                                    transformer=OneHotEncoder(cols=['age',
                                                                    'edu_level',
                                                                    'fav_animals',
                                                                    'fav_place'],
                                                              handle_missing='return_nan',
                                                              use_cat_names=True))),
                ('trained_model', KMeans(random_state=123))]), ml_usecase=None)
2025-02-03 18:11:51,618:INFO:Set up data.
2025-02-03 18:11:57,205:INFO:Initializing predict_model()
2025-02-03 18:11:57,205:INFO:predict_model(self=<pycaret.clustering.oop.ClusteringExperiment object at 0x0000024045055E10>, estimator=Pipeline(memory=Memory(location=None),
         steps=[('numerical_imputer',
                 TransformerWrapper(include=[], transformer=SimpleImputer())),
                ('categorical_imputer',
                 TransformerWrapper(include=['age', 'edu_level', 'fav_animals',
                                             'fav_place', 'gender'],
                                    transformer=SimpleImputer(strategy='most_frequent'))),
                ('ordinal_encoding',
                 TransformerWrapper(include=['gender'],
                                    transfo...
                                                               mapping=[{'col': 'gender',
                                                                         'data_type': dtype('O'),
                                                                         'mapping': Kobieta      0
Mê¿czyzna    1
NaN         -1
dtype: int64}]))),
                ('onehot_encoding',
                 TransformerWrapper(include=['age', 'edu_level', 'fav_animals',
                                             'fav_place'],
                                    transformer=OneHotEncoder(cols=['age',
                                                                    'edu_level',
                                                                    'fav_animals',
                                                                    'fav_place'],
                                                              handle_missing='return_nan',
                                                              use_cat_names=True))),
                ('trained_model', KMeans(random_state=123))]), ml_usecase=None)
2025-02-03 18:11:57,205:INFO:Set up data.
2025-02-03 18:12:02,641:INFO:Initializing predict_model()
2025-02-03 18:12:02,641:INFO:predict_model(self=<pycaret.clustering.oop.ClusteringExperiment object at 0x0000024045056010>, estimator=Pipeline(memory=Memory(location=None),
         steps=[('numerical_imputer',
                 TransformerWrapper(include=[], transformer=SimpleImputer())),
                ('categorical_imputer',
                 TransformerWrapper(include=['age', 'edu_level', 'fav_animals',
                                             'fav_place', 'gender'],
                                    transformer=SimpleImputer(strategy='most_frequent'))),
                ('ordinal_encoding',
                 TransformerWrapper(include=['gender'],
                                    transfo...
                                                               mapping=[{'col': 'gender',
                                                                         'data_type': dtype('O'),
                                                                         'mapping': Kobieta      0
Mê¿czyzna    1
NaN         -1
dtype: int64}]))),
                ('onehot_encoding',
                 TransformerWrapper(include=['age', 'edu_level', 'fav_animals',
                                             'fav_place'],
                                    transformer=OneHotEncoder(cols=['age',
                                                                    'edu_level',
                                                                    'fav_animals',
                                                                    'fav_place'],
                                                              handle_missing='return_nan',
                                                              use_cat_names=True))),
                ('trained_model', KMeans(random_state=123))]), ml_usecase=None)
2025-02-03 18:12:02,644:INFO:Set up data.
2025-02-03 18:12:05,165:INFO:Initializing predict_model()
2025-02-03 18:12:05,165:INFO:predict_model(self=<pycaret.clustering.oop.ClusteringExperiment object at 0x00000240443B4050>, estimator=Pipeline(memory=Memory(location=None),
         steps=[('numerical_imputer',
                 TransformerWrapper(include=[], transformer=SimpleImputer())),
                ('categorical_imputer',
                 TransformerWrapper(include=['age', 'edu_level', 'fav_animals',
                                             'fav_place', 'gender'],
                                    transformer=SimpleImputer(strategy='most_frequent'))),
                ('ordinal_encoding',
                 TransformerWrapper(include=['gender'],
                                    transfo...
                                                               mapping=[{'col': 'gender',
                                                                         'data_type': dtype('O'),
                                                                         'mapping': Kobieta      0
Mê¿czyzna    1
NaN         -1
dtype: int64}]))),
                ('onehot_encoding',
                 TransformerWrapper(include=['age', 'edu_level', 'fav_animals',
                                             'fav_place'],
                                    transformer=OneHotEncoder(cols=['age',
                                                                    'edu_level',
                                                                    'fav_animals',
                                                                    'fav_place'],
                                                              handle_missing='return_nan',
                                                              use_cat_names=True))),
                ('trained_model', KMeans(random_state=123))]), ml_usecase=None)
2025-02-03 18:12:05,165:INFO:Set up data.
2025-02-03 18:12:17,896:INFO:Initializing predict_model()
2025-02-03 18:12:17,896:INFO:predict_model(self=<pycaret.clustering.oop.ClusteringExperiment object at 0x00000240460EC610>, estimator=Pipeline(memory=Memory(location=None),
         steps=[('numerical_imputer',
                 TransformerWrapper(include=[], transformer=SimpleImputer())),
                ('categorical_imputer',
                 TransformerWrapper(include=['age', 'edu_level', 'fav_animals',
                                             'fav_place', 'gender'],
                                    transformer=SimpleImputer(strategy='most_frequent'))),
                ('ordinal_encoding',
                 TransformerWrapper(include=['gender'],
                                    transfo...
                                                               mapping=[{'col': 'gender',
                                                                         'data_type': dtype('O'),
                                                                         'mapping': Kobieta      0
Mê¿czyzna    1
NaN         -1
dtype: int64}]))),
                ('onehot_encoding',
                 TransformerWrapper(include=['age', 'edu_level', 'fav_animals',
                                             'fav_place'],
                                    transformer=OneHotEncoder(cols=['age',
                                                                    'edu_level',
                                                                    'fav_animals',
                                                                    'fav_place'],
                                                              handle_missing='return_nan',
                                                              use_cat_names=True))),
                ('trained_model', KMeans(random_state=123))]), ml_usecase=None)
2025-02-03 18:12:17,896:INFO:Set up data.
2025-02-03 18:12:21,122:INFO:Initializing predict_model()
2025-02-03 18:12:21,122:INFO:predict_model(self=<pycaret.clustering.oop.ClusteringExperiment object at 0x00000240443B18D0>, estimator=Pipeline(memory=Memory(location=None),
         steps=[('numerical_imputer',
                 TransformerWrapper(include=[], transformer=SimpleImputer())),
                ('categorical_imputer',
                 TransformerWrapper(include=['age', 'edu_level', 'fav_animals',
                                             'fav_place', 'gender'],
                                    transformer=SimpleImputer(strategy='most_frequent'))),
                ('ordinal_encoding',
                 TransformerWrapper(include=['gender'],
                                    transfo...
                                                               mapping=[{'col': 'gender',
                                                                         'data_type': dtype('O'),
                                                                         'mapping': Kobieta      0
Mê¿czyzna    1
NaN         -1
dtype: int64}]))),
                ('onehot_encoding',
                 TransformerWrapper(include=['age', 'edu_level', 'fav_animals',
                                             'fav_place'],
                                    transformer=OneHotEncoder(cols=['age',
                                                                    'edu_level',
                                                                    'fav_animals',
                                                                    'fav_place'],
                                                              handle_missing='return_nan',
                                                              use_cat_names=True))),
                ('trained_model', KMeans(random_state=123))]), ml_usecase=None)
2025-02-03 18:12:21,122:INFO:Set up data.
2025-02-03 18:14:22,380:INFO:Initializing predict_model()
2025-02-03 18:14:22,380:INFO:predict_model(self=<pycaret.clustering.oop.ClusteringExperiment object at 0x000002403C479050>, estimator=Pipeline(memory=Memory(location=None),
         steps=[('numerical_imputer',
                 TransformerWrapper(include=[], transformer=SimpleImputer())),
                ('categorical_imputer',
                 TransformerWrapper(include=['age', 'edu_level', 'fav_animals',
                                             'fav_place', 'gender'],
                                    transformer=SimpleImputer(strategy='most_frequent'))),
                ('ordinal_encoding',
                 TransformerWrapper(include=['gender'],
                                    transfo...
                                                               mapping=[{'col': 'gender',
                                                                         'data_type': dtype('O'),
                                                                         'mapping': Kobieta      0
Mê¿czyzna    1
NaN         -1
dtype: int64}]))),
                ('onehot_encoding',
                 TransformerWrapper(include=['age', 'edu_level', 'fav_animals',
                                             'fav_place'],
                                    transformer=OneHotEncoder(cols=['age',
                                                                    'edu_level',
                                                                    'fav_animals',
                                                                    'fav_place'],
                                                              handle_missing='return_nan',
                                                              use_cat_names=True))),
                ('trained_model', KMeans(random_state=123))]), ml_usecase=None)
2025-02-03 18:14:22,380:INFO:Set up data.
2025-02-03 18:14:53,424:INFO:Initializing predict_model()
2025-02-03 18:14:53,424:INFO:predict_model(self=<pycaret.clustering.oop.ClusteringExperiment object at 0x000002403CA01650>, estimator=Pipeline(memory=Memory(location=None),
         steps=[('numerical_imputer',
                 TransformerWrapper(include=[], transformer=SimpleImputer())),
                ('categorical_imputer',
                 TransformerWrapper(include=['age', 'edu_level', 'fav_animals',
                                             'fav_place', 'gender'],
                                    transformer=SimpleImputer(strategy='most_frequent'))),
                ('ordinal_encoding',
                 TransformerWrapper(include=['gender'],
                                    transfo...
                                                               mapping=[{'col': 'gender',
                                                                         'data_type': dtype('O'),
                                                                         'mapping': Kobieta      0
Mê¿czyzna    1
NaN         -1
dtype: int64}]))),
                ('onehot_encoding',
                 TransformerWrapper(include=['age', 'edu_level', 'fav_animals',
                                             'fav_place'],
                                    transformer=OneHotEncoder(cols=['age',
                                                                    'edu_level',
                                                                    'fav_animals',
                                                                    'fav_place'],
                                                              handle_missing='return_nan',
                                                              use_cat_names=True))),
                ('trained_model', KMeans(random_state=123))]), ml_usecase=None)
2025-02-03 18:14:53,424:INFO:Set up data.
2025-02-03 18:14:56,058:INFO:Initializing predict_model()
2025-02-03 18:14:56,058:INFO:predict_model(self=<pycaret.clustering.oop.ClusteringExperiment object at 0x00000240460F9ED0>, estimator=Pipeline(memory=Memory(location=None),
         steps=[('numerical_imputer',
                 TransformerWrapper(include=[], transformer=SimpleImputer())),
                ('categorical_imputer',
                 TransformerWrapper(include=['age', 'edu_level', 'fav_animals',
                                             'fav_place', 'gender'],
                                    transformer=SimpleImputer(strategy='most_frequent'))),
                ('ordinal_encoding',
                 TransformerWrapper(include=['gender'],
                                    transfo...
                                                               mapping=[{'col': 'gender',
                                                                         'data_type': dtype('O'),
                                                                         'mapping': Kobieta      0
Mê¿czyzna    1
NaN         -1
dtype: int64}]))),
                ('onehot_encoding',
                 TransformerWrapper(include=['age', 'edu_level', 'fav_animals',
                                             'fav_place'],
                                    transformer=OneHotEncoder(cols=['age',
                                                                    'edu_level',
                                                                    'fav_animals',
                                                                    'fav_place'],
                                                              handle_missing='return_nan',
                                                              use_cat_names=True))),
                ('trained_model', KMeans(random_state=123))]), ml_usecase=None)
2025-02-03 18:14:56,059:INFO:Set up data.
2025-02-03 18:15:44,456:INFO:Initializing predict_model()
2025-02-03 18:15:44,456:INFO:predict_model(self=<pycaret.clustering.oop.ClusteringExperiment object at 0x00000240445F6B10>, estimator=Pipeline(memory=Memory(location=None),
         steps=[('numerical_imputer',
                 TransformerWrapper(include=[], transformer=SimpleImputer())),
                ('categorical_imputer',
                 TransformerWrapper(include=['age', 'edu_level', 'fav_animals',
                                             'fav_place', 'gender'],
                                    transformer=SimpleImputer(strategy='most_frequent'))),
                ('ordinal_encoding',
                 TransformerWrapper(include=['gender'],
                                    transfo...
                                                               mapping=[{'col': 'gender',
                                                                         'data_type': dtype('O'),
                                                                         'mapping': Kobieta      0
Mê¿czyzna    1
NaN         -1
dtype: int64}]))),
                ('onehot_encoding',
                 TransformerWrapper(include=['age', 'edu_level', 'fav_animals',
                                             'fav_place'],
                                    transformer=OneHotEncoder(cols=['age',
                                                                    'edu_level',
                                                                    'fav_animals',
                                                                    'fav_place'],
                                                              handle_missing='return_nan',
                                                              use_cat_names=True))),
                ('trained_model', KMeans(random_state=123))]), ml_usecase=None)
2025-02-03 18:15:44,463:INFO:Set up data.
2025-02-03 18:15:59,292:INFO:Initializing predict_model()
2025-02-03 18:15:59,292:INFO:predict_model(self=<pycaret.clustering.oop.ClusteringExperiment object at 0x000002403947DA10>, estimator=Pipeline(memory=Memory(location=None),
         steps=[('numerical_imputer',
                 TransformerWrapper(include=[], transformer=SimpleImputer())),
                ('categorical_imputer',
                 TransformerWrapper(include=['age', 'edu_level', 'fav_animals',
                                             'fav_place', 'gender'],
                                    transformer=SimpleImputer(strategy='most_frequent'))),
                ('ordinal_encoding',
                 TransformerWrapper(include=['gender'],
                                    transfo...
                                                               mapping=[{'col': 'gender',
                                                                         'data_type': dtype('O'),
                                                                         'mapping': Kobieta      0
Mê¿czyzna    1
NaN         -1
dtype: int64}]))),
                ('onehot_encoding',
                 TransformerWrapper(include=['age', 'edu_level', 'fav_animals',
                                             'fav_place'],
                                    transformer=OneHotEncoder(cols=['age',
                                                                    'edu_level',
                                                                    'fav_animals',
                                                                    'fav_place'],
                                                              handle_missing='return_nan',
                                                              use_cat_names=True))),
                ('trained_model', KMeans(random_state=123))]), ml_usecase=None)
2025-02-03 18:15:59,293:INFO:Set up data.
2025-02-03 18:16:02,362:INFO:Initializing predict_model()
2025-02-03 18:16:02,362:INFO:predict_model(self=<pycaret.clustering.oop.ClusteringExperiment object at 0x00000240443B3310>, estimator=Pipeline(memory=Memory(location=None),
         steps=[('numerical_imputer',
                 TransformerWrapper(include=[], transformer=SimpleImputer())),
                ('categorical_imputer',
                 TransformerWrapper(include=['age', 'edu_level', 'fav_animals',
                                             'fav_place', 'gender'],
                                    transformer=SimpleImputer(strategy='most_frequent'))),
                ('ordinal_encoding',
                 TransformerWrapper(include=['gender'],
                                    transfo...
                                                               mapping=[{'col': 'gender',
                                                                         'data_type': dtype('O'),
                                                                         'mapping': Kobieta      0
Mê¿czyzna    1
NaN         -1
dtype: int64}]))),
                ('onehot_encoding',
                 TransformerWrapper(include=['age', 'edu_level', 'fav_animals',
                                             'fav_place'],
                                    transformer=OneHotEncoder(cols=['age',
                                                                    'edu_level',
                                                                    'fav_animals',
                                                                    'fav_place'],
                                                              handle_missing='return_nan',
                                                              use_cat_names=True))),
                ('trained_model', KMeans(random_state=123))]), ml_usecase=None)
2025-02-03 18:16:02,362:INFO:Set up data.
2025-02-03 18:20:07,293:INFO:Initializing predict_model()
2025-02-03 18:20:07,293:INFO:predict_model(self=<pycaret.clustering.oop.ClusteringExperiment object at 0x0000024044F13190>, estimator=Pipeline(memory=Memory(location=None),
         steps=[('numerical_imputer',
                 TransformerWrapper(include=[], transformer=SimpleImputer())),
                ('categorical_imputer',
                 TransformerWrapper(include=['age', 'edu_level', 'fav_animals',
                                             'fav_place', 'gender'],
                                    transformer=SimpleImputer(strategy='most_frequent'))),
                ('ordinal_encoding',
                 TransformerWrapper(include=['gender'],
                                    transfo...
                                                               mapping=[{'col': 'gender',
                                                                         'data_type': dtype('O'),
                                                                         'mapping': Kobieta      0
Mê¿czyzna    1
NaN         -1
dtype: int64}]))),
                ('onehot_encoding',
                 TransformerWrapper(include=['age', 'edu_level', 'fav_animals',
                                             'fav_place'],
                                    transformer=OneHotEncoder(cols=['age',
                                                                    'edu_level',
                                                                    'fav_animals',
                                                                    'fav_place'],
                                                              handle_missing='return_nan',
                                                              use_cat_names=True))),
                ('trained_model', KMeans(random_state=123))]), ml_usecase=None)
2025-02-03 18:20:07,294:INFO:Set up data.
2025-02-03 18:20:51,688:INFO:Initializing predict_model()
2025-02-03 18:20:51,690:INFO:predict_model(self=<pycaret.clustering.oop.ClusteringExperiment object at 0x0000024044DAFF50>, estimator=Pipeline(memory=Memory(location=None),
         steps=[('numerical_imputer',
                 TransformerWrapper(include=[], transformer=SimpleImputer())),
                ('categorical_imputer',
                 TransformerWrapper(include=['age', 'edu_level', 'fav_animals',
                                             'fav_place', 'gender'],
                                    transformer=SimpleImputer(strategy='most_frequent'))),
                ('ordinal_encoding',
                 TransformerWrapper(include=['gender'],
                                    transfo...
                                                               mapping=[{'col': 'gender',
                                                                         'data_type': dtype('O'),
                                                                         'mapping': Kobieta      0
Mê¿czyzna    1
NaN         -1
dtype: int64}]))),
                ('onehot_encoding',
                 TransformerWrapper(include=['age', 'edu_level', 'fav_animals',
                                             'fav_place'],
                                    transformer=OneHotEncoder(cols=['age',
                                                                    'edu_level',
                                                                    'fav_animals',
                                                                    'fav_place'],
                                                              handle_missing='return_nan',
                                                              use_cat_names=True))),
                ('trained_model', KMeans(random_state=123))]), ml_usecase=None)
2025-02-03 18:20:51,690:INFO:Set up data.
2025-02-03 18:25:00,761:INFO:Initializing predict_model()
2025-02-03 18:25:00,762:INFO:predict_model(self=<pycaret.clustering.oop.ClusteringExperiment object at 0x000002403AD1AA90>, estimator=Pipeline(memory=Memory(location=None),
         steps=[('numerical_imputer',
                 TransformerWrapper(include=[], transformer=SimpleImputer())),
                ('categorical_imputer',
                 TransformerWrapper(include=['age', 'edu_level', 'fav_animals',
                                             'fav_place', 'gender'],
                                    transformer=SimpleImputer(strategy='most_frequent'))),
                ('ordinal_encoding',
                 TransformerWrapper(include=['gender'],
                                    transfo...
                                                               mapping=[{'col': 'gender',
                                                                         'data_type': dtype('O'),
                                                                         'mapping': Kobieta      0
Mê¿czyzna    1
NaN         -1
dtype: int64}]))),
                ('onehot_encoding',
                 TransformerWrapper(include=['age', 'edu_level', 'fav_animals',
                                             'fav_place'],
                                    transformer=OneHotEncoder(cols=['age',
                                                                    'edu_level',
                                                                    'fav_animals',
                                                                    'fav_place'],
                                                              handle_missing='return_nan',
                                                              use_cat_names=True))),
                ('trained_model', KMeans(random_state=123))]), ml_usecase=None)
2025-02-03 18:25:00,762:INFO:Set up data.
2025-02-03 18:27:02,443:INFO:Initializing predict_model()
2025-02-03 18:27:02,445:INFO:predict_model(self=<pycaret.clustering.oop.ClusteringExperiment object at 0x00000240443B4B90>, estimator=Pipeline(memory=Memory(location=None),
         steps=[('numerical_imputer',
                 TransformerWrapper(include=[], transformer=SimpleImputer())),
                ('categorical_imputer',
                 TransformerWrapper(include=['age', 'edu_level', 'fav_animals',
                                             'fav_place', 'gender'],
                                    transformer=SimpleImputer(strategy='most_frequent'))),
                ('ordinal_encoding',
                 TransformerWrapper(include=['gender'],
                                    transfo...
                                                               mapping=[{'col': 'gender',
                                                                         'data_type': dtype('O'),
                                                                         'mapping': Kobieta      0
Mê¿czyzna    1
NaN         -1
dtype: int64}]))),
                ('onehot_encoding',
                 TransformerWrapper(include=['age', 'edu_level', 'fav_animals',
                                             'fav_place'],
                                    transformer=OneHotEncoder(cols=['age',
                                                                    'edu_level',
                                                                    'fav_animals',
                                                                    'fav_place'],
                                                              handle_missing='return_nan',
                                                              use_cat_names=True))),
                ('trained_model', KMeans(random_state=123))]), ml_usecase=None)
2025-02-03 18:27:02,445:INFO:Set up data.
2025-02-03 18:27:04,795:INFO:Initializing predict_model()
2025-02-03 18:27:04,798:INFO:predict_model(self=<pycaret.clustering.oop.ClusteringExperiment object at 0x0000024044E0A890>, estimator=Pipeline(memory=Memory(location=None),
         steps=[('numerical_imputer',
                 TransformerWrapper(include=[], transformer=SimpleImputer())),
                ('categorical_imputer',
                 TransformerWrapper(include=['age', 'edu_level', 'fav_animals',
                                             'fav_place', 'gender'],
                                    transformer=SimpleImputer(strategy='most_frequent'))),
                ('ordinal_encoding',
                 TransformerWrapper(include=['gender'],
                                    transfo...
                                                               mapping=[{'col': 'gender',
                                                                         'data_type': dtype('O'),
                                                                         'mapping': Kobieta      0
Mê¿czyzna    1
NaN         -1
dtype: int64}]))),
                ('onehot_encoding',
                 TransformerWrapper(include=['age', 'edu_level', 'fav_animals',
                                             'fav_place'],
                                    transformer=OneHotEncoder(cols=['age',
                                                                    'edu_level',
                                                                    'fav_animals',
                                                                    'fav_place'],
                                                              handle_missing='return_nan',
                                                              use_cat_names=True))),
                ('trained_model', KMeans(random_state=123))]), ml_usecase=None)
2025-02-03 18:27:04,798:INFO:Set up data.
2025-02-03 18:27:07,958:INFO:Initializing predict_model()
2025-02-03 18:27:07,958:INFO:predict_model(self=<pycaret.clustering.oop.ClusteringExperiment object at 0x000002404419B110>, estimator=Pipeline(memory=Memory(location=None),
         steps=[('numerical_imputer',
                 TransformerWrapper(include=[], transformer=SimpleImputer())),
                ('categorical_imputer',
                 TransformerWrapper(include=['age', 'edu_level', 'fav_animals',
                                             'fav_place', 'gender'],
                                    transformer=SimpleImputer(strategy='most_frequent'))),
                ('ordinal_encoding',
                 TransformerWrapper(include=['gender'],
                                    transfo...
                                                               mapping=[{'col': 'gender',
                                                                         'data_type': dtype('O'),
                                                                         'mapping': Kobieta      0
Mê¿czyzna    1
NaN         -1
dtype: int64}]))),
                ('onehot_encoding',
                 TransformerWrapper(include=['age', 'edu_level', 'fav_animals',
                                             'fav_place'],
                                    transformer=OneHotEncoder(cols=['age',
                                                                    'edu_level',
                                                                    'fav_animals',
                                                                    'fav_place'],
                                                              handle_missing='return_nan',
                                                              use_cat_names=True))),
                ('trained_model', KMeans(random_state=123))]), ml_usecase=None)
2025-02-03 18:27:07,959:INFO:Set up data.
2025-02-03 18:32:29,768:INFO:Initializing predict_model()
2025-02-03 18:32:29,768:INFO:predict_model(self=<pycaret.clustering.oop.ClusteringExperiment object at 0x00000240460E5DD0>, estimator=Pipeline(memory=Memory(location=None),
         steps=[('numerical_imputer',
                 TransformerWrapper(include=[], transformer=SimpleImputer())),
                ('categorical_imputer',
                 TransformerWrapper(include=['age', 'edu_level', 'fav_animals',
                                             'fav_place', 'gender'],
                                    transformer=SimpleImputer(strategy='most_frequent'))),
                ('ordinal_encoding',
                 TransformerWrapper(include=['gender'],
                                    transfo...
                                                               mapping=[{'col': 'gender',
                                                                         'data_type': dtype('O'),
                                                                         'mapping': Kobieta      0
Mê¿czyzna    1
NaN         -1
dtype: int64}]))),
                ('onehot_encoding',
                 TransformerWrapper(include=['age', 'edu_level', 'fav_animals',
                                             'fav_place'],
                                    transformer=OneHotEncoder(cols=['age',
                                                                    'edu_level',
                                                                    'fav_animals',
                                                                    'fav_place'],
                                                              handle_missing='return_nan',
                                                              use_cat_names=True))),
                ('trained_model', KMeans(random_state=123))]), ml_usecase=None)
2025-02-03 18:32:29,769:INFO:Set up data.
2025-02-03 18:35:47,424:WARNING:
'cuml' is a soft dependency and not included in the pycaret installation. Please run: `pip install cuml` to install.
2025-02-03 18:35:47,424:WARNING:
'cuml' is a soft dependency and not included in the pycaret installation. Please run: `pip install cuml` to install.
2025-02-03 18:35:47,424:WARNING:
'cuml' is a soft dependency and not included in the pycaret installation. Please run: `pip install cuml` to install.
2025-02-03 18:35:47,424:WARNING:
'cuml' is a soft dependency and not included in the pycaret installation. Please run: `pip install cuml` to install.
2025-02-03 18:36:29,600:INFO:Initializing load_model()
2025-02-03 18:36:29,600:INFO:load_model(model_name=welcome_survey_clustering_pipeline_v2, platform=None, authentication=None, verbose=True)
2025-02-03 18:36:31,716:INFO:Initializing predict_model()
2025-02-03 18:36:31,716:INFO:predict_model(self=<pycaret.clustering.oop.ClusteringExperiment object at 0x0000019D12AE41D0>, estimator=Pipeline(memory=Memory(location=None),
         steps=[('numerical_imputer',
                 TransformerWrapper(include=[], transformer=SimpleImputer())),
                ('categorical_imputer',
                 TransformerWrapper(include=['age', 'edu_level', 'fav_animals',
                                             'fav_place', 'gender'],
                                    transformer=SimpleImputer(strategy='most_frequent'))),
                ('ordinal_encoding',
                 TransformerWrapper(include=['gender'],
                                    transfo...
                                                               mapping=[{'col': 'gender',
                                                                         'data_type': dtype('O'),
                                                                         'mapping': Kobieta      0
MÄ™Å¼czyzna    1
NaN         -1
dtype: int64}]))),
                ('onehot_encoding',
                 TransformerWrapper(include=['age', 'edu_level', 'fav_animals',
                                             'fav_place'],
                                    transformer=OneHotEncoder(cols=['age',
                                                                    'edu_level',
                                                                    'fav_animals',
                                                                    'fav_place'],
                                                              handle_missing='return_nan',
                                                              use_cat_names=True))),
                ('trained_model', KMeans(random_state=123))]), ml_usecase=None)
2025-02-03 18:36:31,716:INFO:Set up data.
2025-02-03 18:51:24,164:INFO:Initializing predict_model()
2025-02-03 18:51:24,164:INFO:predict_model(self=<pycaret.clustering.oop.ClusteringExperiment object at 0x0000024044E1D8D0>, estimator=Pipeline(memory=Memory(location=None),
         steps=[('numerical_imputer',
                 TransformerWrapper(include=[], transformer=SimpleImputer())),
                ('categorical_imputer',
                 TransformerWrapper(include=['age', 'edu_level', 'fav_animals',
                                             'fav_place', 'gender'],
                                    transformer=SimpleImputer(strategy='most_frequent'))),
                ('ordinal_encoding',
                 TransformerWrapper(include=['gender'],
                                    transfo...
                                                               mapping=[{'col': 'gender',
                                                                         'data_type': dtype('O'),
                                                                         'mapping': Kobieta      0
Mê¿czyzna    1
NaN         -1
dtype: int64}]))),
                ('onehot_encoding',
                 TransformerWrapper(include=['age', 'edu_level', 'fav_animals',
                                             'fav_place'],
                                    transformer=OneHotEncoder(cols=['age',
                                                                    'edu_level',
                                                                    'fav_animals',
                                                                    'fav_place'],
                                                              handle_missing='return_nan',
                                                              use_cat_names=True))),
                ('trained_model', KMeans(random_state=123))]), ml_usecase=None)
2025-02-03 18:51:24,167:INFO:Set up data.
2025-02-03 18:52:24,923:INFO:Initializing predict_model()
2025-02-03 18:52:24,924:INFO:predict_model(self=<pycaret.clustering.oop.ClusteringExperiment object at 0x0000024044EAA010>, estimator=Pipeline(memory=Memory(location=None),
         steps=[('numerical_imputer',
                 TransformerWrapper(include=[], transformer=SimpleImputer())),
                ('categorical_imputer',
                 TransformerWrapper(include=['age', 'edu_level', 'fav_animals',
                                             'fav_place', 'gender'],
                                    transformer=SimpleImputer(strategy='most_frequent'))),
                ('ordinal_encoding',
                 TransformerWrapper(include=['gender'],
                                    transfo...
                                                               mapping=[{'col': 'gender',
                                                                         'data_type': dtype('O'),
                                                                         'mapping': Kobieta      0
Mê¿czyzna    1
NaN         -1
dtype: int64}]))),
                ('onehot_encoding',
                 TransformerWrapper(include=['age', 'edu_level', 'fav_animals',
                                             'fav_place'],
                                    transformer=OneHotEncoder(cols=['age',
                                                                    'edu_level',
                                                                    'fav_animals',
                                                                    'fav_place'],
                                                              handle_missing='return_nan',
                                                              use_cat_names=True))),
                ('trained_model', KMeans(random_state=123))]), ml_usecase=None)
2025-02-03 18:52:24,925:INFO:Set up data.
2025-02-03 19:08:15,464:INFO:Initializing predict_model()
2025-02-03 19:08:15,464:INFO:predict_model(self=<pycaret.clustering.oop.ClusteringExperiment object at 0x0000024044FF3CD0>, estimator=Pipeline(memory=Memory(location=None),
         steps=[('numerical_imputer',
                 TransformerWrapper(include=[], transformer=SimpleImputer())),
                ('categorical_imputer',
                 TransformerWrapper(include=['age', 'edu_level', 'fav_animals',
                                             'fav_place', 'gender'],
                                    transformer=SimpleImputer(strategy='most_frequent'))),
                ('ordinal_encoding',
                 TransformerWrapper(include=['gender'],
                                    transfo...
                                                               mapping=[{'col': 'gender',
                                                                         'data_type': dtype('O'),
                                                                         'mapping': Kobieta      0
Mê¿czyzna    1
NaN         -1
dtype: int64}]))),
                ('onehot_encoding',
                 TransformerWrapper(include=['age', 'edu_level', 'fav_animals',
                                             'fav_place'],
                                    transformer=OneHotEncoder(cols=['age',
                                                                    'edu_level',
                                                                    'fav_animals',
                                                                    'fav_place'],
                                                              handle_missing='return_nan',
                                                              use_cat_names=True))),
                ('trained_model', KMeans(random_state=123))]), ml_usecase=None)
2025-02-03 19:08:15,467:INFO:Set up data.
2025-02-03 19:09:09,764:INFO:Initializing predict_model()
2025-02-03 19:09:09,765:INFO:predict_model(self=<pycaret.clustering.oop.ClusteringExperiment object at 0x000002403AD1B110>, estimator=Pipeline(memory=Memory(location=None),
         steps=[('numerical_imputer',
                 TransformerWrapper(include=[], transformer=SimpleImputer())),
                ('categorical_imputer',
                 TransformerWrapper(include=['age', 'edu_level', 'fav_animals',
                                             'fav_place', 'gender'],
                                    transformer=SimpleImputer(strategy='most_frequent'))),
                ('ordinal_encoding',
                 TransformerWrapper(include=['gender'],
                                    transfo...
                                                               mapping=[{'col': 'gender',
                                                                         'data_type': dtype('O'),
                                                                         'mapping': Kobieta      0
Mê¿czyzna    1
NaN         -1
dtype: int64}]))),
                ('onehot_encoding',
                 TransformerWrapper(include=['age', 'edu_level', 'fav_animals',
                                             'fav_place'],
                                    transformer=OneHotEncoder(cols=['age',
                                                                    'edu_level',
                                                                    'fav_animals',
                                                                    'fav_place'],
                                                              handle_missing='return_nan',
                                                              use_cat_names=True))),
                ('trained_model', KMeans(random_state=123))]), ml_usecase=None)
2025-02-03 19:09:09,765:INFO:Set up data.
2025-02-03 19:12:28,708:INFO:Initializing predict_model()
2025-02-03 19:12:28,709:INFO:predict_model(self=<pycaret.clustering.oop.ClusteringExperiment object at 0x0000024044EA8AD0>, estimator=Pipeline(memory=Memory(location=None),
         steps=[('numerical_imputer',
                 TransformerWrapper(include=[], transformer=SimpleImputer())),
                ('categorical_imputer',
                 TransformerWrapper(include=['age', 'edu_level', 'fav_animals',
                                             'fav_place', 'gender'],
                                    transformer=SimpleImputer(strategy='most_frequent'))),
                ('ordinal_encoding',
                 TransformerWrapper(include=['gender'],
                                    transfo...
                                                               mapping=[{'col': 'gender',
                                                                         'data_type': dtype('O'),
                                                                         'mapping': Kobieta      0
Mê¿czyzna    1
NaN         -1
dtype: int64}]))),
                ('onehot_encoding',
                 TransformerWrapper(include=['age', 'edu_level', 'fav_animals',
                                             'fav_place'],
                                    transformer=OneHotEncoder(cols=['age',
                                                                    'edu_level',
                                                                    'fav_animals',
                                                                    'fav_place'],
                                                              handle_missing='return_nan',
                                                              use_cat_names=True))),
                ('trained_model', KMeans(random_state=123))]), ml_usecase=None)
2025-02-03 19:12:28,709:INFO:Set up data.
2025-02-03 19:12:30,631:INFO:Initializing predict_model()
2025-02-03 19:12:30,632:INFO:predict_model(self=<pycaret.clustering.oop.ClusteringExperiment object at 0x0000024043EA9550>, estimator=Pipeline(memory=Memory(location=None),
         steps=[('numerical_imputer',
                 TransformerWrapper(include=[], transformer=SimpleImputer())),
                ('categorical_imputer',
                 TransformerWrapper(include=['age', 'edu_level', 'fav_animals',
                                             'fav_place', 'gender'],
                                    transformer=SimpleImputer(strategy='most_frequent'))),
                ('ordinal_encoding',
                 TransformerWrapper(include=['gender'],
                                    transfo...
                                                               mapping=[{'col': 'gender',
                                                                         'data_type': dtype('O'),
                                                                         'mapping': Kobieta      0
Mê¿czyzna    1
NaN         -1
dtype: int64}]))),
                ('onehot_encoding',
                 TransformerWrapper(include=['age', 'edu_level', 'fav_animals',
                                             'fav_place'],
                                    transformer=OneHotEncoder(cols=['age',
                                                                    'edu_level',
                                                                    'fav_animals',
                                                                    'fav_place'],
                                                              handle_missing='return_nan',
                                                              use_cat_names=True))),
                ('trained_model', KMeans(random_state=123))]), ml_usecase=None)
2025-02-03 19:12:30,632:INFO:Set up data.
2025-02-03 19:12:45,113:INFO:Initializing predict_model()
2025-02-03 19:12:45,114:INFO:predict_model(self=<pycaret.clustering.oop.ClusteringExperiment object at 0x0000024044F4CDD0>, estimator=Pipeline(memory=Memory(location=None),
         steps=[('numerical_imputer',
                 TransformerWrapper(include=[], transformer=SimpleImputer())),
                ('categorical_imputer',
                 TransformerWrapper(include=['age', 'edu_level', 'fav_animals',
                                             'fav_place', 'gender'],
                                    transformer=SimpleImputer(strategy='most_frequent'))),
                ('ordinal_encoding',
                 TransformerWrapper(include=['gender'],
                                    transfo...
                                                               mapping=[{'col': 'gender',
                                                                         'data_type': dtype('O'),
                                                                         'mapping': Kobieta      0
Mê¿czyzna    1
NaN         -1
dtype: int64}]))),
                ('onehot_encoding',
                 TransformerWrapper(include=['age', 'edu_level', 'fav_animals',
                                             'fav_place'],
                                    transformer=OneHotEncoder(cols=['age',
                                                                    'edu_level',
                                                                    'fav_animals',
                                                                    'fav_place'],
                                                              handle_missing='return_nan',
                                                              use_cat_names=True))),
                ('trained_model', KMeans(random_state=123))]), ml_usecase=None)
2025-02-03 19:12:45,114:INFO:Set up data.
2025-02-03 19:12:49,970:INFO:Initializing predict_model()
2025-02-03 19:12:49,972:INFO:predict_model(self=<pycaret.clustering.oop.ClusteringExperiment object at 0x00000240460F4CD0>, estimator=Pipeline(memory=Memory(location=None),
         steps=[('numerical_imputer',
                 TransformerWrapper(include=[], transformer=SimpleImputer())),
                ('categorical_imputer',
                 TransformerWrapper(include=['age', 'edu_level', 'fav_animals',
                                             'fav_place', 'gender'],
                                    transformer=SimpleImputer(strategy='most_frequent'))),
                ('ordinal_encoding',
                 TransformerWrapper(include=['gender'],
                                    transfo...
                                                               mapping=[{'col': 'gender',
                                                                         'data_type': dtype('O'),
                                                                         'mapping': Kobieta      0
Mê¿czyzna    1
NaN         -1
dtype: int64}]))),
                ('onehot_encoding',
                 TransformerWrapper(include=['age', 'edu_level', 'fav_animals',
                                             'fav_place'],
                                    transformer=OneHotEncoder(cols=['age',
                                                                    'edu_level',
                                                                    'fav_animals',
                                                                    'fav_place'],
                                                              handle_missing='return_nan',
                                                              use_cat_names=True))),
                ('trained_model', KMeans(random_state=123))]), ml_usecase=None)
2025-02-03 19:12:49,972:INFO:Set up data.
2025-02-03 19:12:54,096:INFO:Initializing predict_model()
2025-02-03 19:12:54,096:INFO:predict_model(self=<pycaret.clustering.oop.ClusteringExperiment object at 0x00000240445E1B10>, estimator=Pipeline(memory=Memory(location=None),
         steps=[('numerical_imputer',
                 TransformerWrapper(include=[], transformer=SimpleImputer())),
                ('categorical_imputer',
                 TransformerWrapper(include=['age', 'edu_level', 'fav_animals',
                                             'fav_place', 'gender'],
                                    transformer=SimpleImputer(strategy='most_frequent'))),
                ('ordinal_encoding',
                 TransformerWrapper(include=['gender'],
                                    transfo...
                                                               mapping=[{'col': 'gender',
                                                                         'data_type': dtype('O'),
                                                                         'mapping': Kobieta      0
Mê¿czyzna    1
NaN         -1
dtype: int64}]))),
                ('onehot_encoding',
                 TransformerWrapper(include=['age', 'edu_level', 'fav_animals',
                                             'fav_place'],
                                    transformer=OneHotEncoder(cols=['age',
                                                                    'edu_level',
                                                                    'fav_animals',
                                                                    'fav_place'],
                                                              handle_missing='return_nan',
                                                              use_cat_names=True))),
                ('trained_model', KMeans(random_state=123))]), ml_usecase=None)
2025-02-03 19:12:54,098:INFO:Set up data.
2025-02-03 19:12:56,152:INFO:Initializing predict_model()
2025-02-03 19:12:56,152:INFO:predict_model(self=<pycaret.clustering.oop.ClusteringExperiment object at 0x000002403C74DE50>, estimator=Pipeline(memory=Memory(location=None),
         steps=[('numerical_imputer',
                 TransformerWrapper(include=[], transformer=SimpleImputer())),
                ('categorical_imputer',
                 TransformerWrapper(include=['age', 'edu_level', 'fav_animals',
                                             'fav_place', 'gender'],
                                    transformer=SimpleImputer(strategy='most_frequent'))),
                ('ordinal_encoding',
                 TransformerWrapper(include=['gender'],
                                    transfo...
                                                               mapping=[{'col': 'gender',
                                                                         'data_type': dtype('O'),
                                                                         'mapping': Kobieta      0
Mê¿czyzna    1
NaN         -1
dtype: int64}]))),
                ('onehot_encoding',
                 TransformerWrapper(include=['age', 'edu_level', 'fav_animals',
                                             'fav_place'],
                                    transformer=OneHotEncoder(cols=['age',
                                                                    'edu_level',
                                                                    'fav_animals',
                                                                    'fav_place'],
                                                              handle_missing='return_nan',
                                                              use_cat_names=True))),
                ('trained_model', KMeans(random_state=123))]), ml_usecase=None)
2025-02-03 19:12:56,152:INFO:Set up data.
2025-02-03 19:13:25,685:INFO:Initializing predict_model()
2025-02-03 19:13:25,685:INFO:predict_model(self=<pycaret.clustering.oop.ClusteringExperiment object at 0x0000024039C60C10>, estimator=Pipeline(memory=Memory(location=None),
         steps=[('numerical_imputer',
                 TransformerWrapper(include=[], transformer=SimpleImputer())),
                ('categorical_imputer',
                 TransformerWrapper(include=['age', 'edu_level', 'fav_animals',
                                             'fav_place', 'gender'],
                                    transformer=SimpleImputer(strategy='most_frequent'))),
                ('ordinal_encoding',
                 TransformerWrapper(include=['gender'],
                                    transfo...
                                                               mapping=[{'col': 'gender',
                                                                         'data_type': dtype('O'),
                                                                         'mapping': Kobieta      0
Mê¿czyzna    1
NaN         -1
dtype: int64}]))),
                ('onehot_encoding',
                 TransformerWrapper(include=['age', 'edu_level', 'fav_animals',
                                             'fav_place'],
                                    transformer=OneHotEncoder(cols=['age',
                                                                    'edu_level',
                                                                    'fav_animals',
                                                                    'fav_place'],
                                                              handle_missing='return_nan',
                                                              use_cat_names=True))),
                ('trained_model', KMeans(random_state=123))]), ml_usecase=None)
2025-02-03 19:13:25,685:INFO:Set up data.
2025-02-03 19:13:29,101:INFO:Initializing predict_model()
2025-02-03 19:13:29,102:INFO:predict_model(self=<pycaret.clustering.oop.ClusteringExperiment object at 0x0000024045067410>, estimator=Pipeline(memory=Memory(location=None),
         steps=[('numerical_imputer',
                 TransformerWrapper(include=[], transformer=SimpleImputer())),
                ('categorical_imputer',
                 TransformerWrapper(include=['age', 'edu_level', 'fav_animals',
                                             'fav_place', 'gender'],
                                    transformer=SimpleImputer(strategy='most_frequent'))),
                ('ordinal_encoding',
                 TransformerWrapper(include=['gender'],
                                    transfo...
                                                               mapping=[{'col': 'gender',
                                                                         'data_type': dtype('O'),
                                                                         'mapping': Kobieta      0
Mê¿czyzna    1
NaN         -1
dtype: int64}]))),
                ('onehot_encoding',
                 TransformerWrapper(include=['age', 'edu_level', 'fav_animals',
                                             'fav_place'],
                                    transformer=OneHotEncoder(cols=['age',
                                                                    'edu_level',
                                                                    'fav_animals',
                                                                    'fav_place'],
                                                              handle_missing='return_nan',
                                                              use_cat_names=True))),
                ('trained_model', KMeans(random_state=123))]), ml_usecase=None)
2025-02-03 19:13:29,102:INFO:Set up data.
2025-02-03 19:13:56,241:INFO:Initializing predict_model()
2025-02-03 19:13:56,241:INFO:predict_model(self=<pycaret.clustering.oop.ClusteringExperiment object at 0x0000024039B10ED0>, estimator=Pipeline(memory=Memory(location=None),
         steps=[('numerical_imputer',
                 TransformerWrapper(include=[], transformer=SimpleImputer())),
                ('categorical_imputer',
                 TransformerWrapper(include=['age', 'edu_level', 'fav_animals',
                                             'fav_place', 'gender'],
                                    transformer=SimpleImputer(strategy='most_frequent'))),
                ('ordinal_encoding',
                 TransformerWrapper(include=['gender'],
                                    transfo...
                                                               mapping=[{'col': 'gender',
                                                                         'data_type': dtype('O'),
                                                                         'mapping': Kobieta      0
Mê¿czyzna    1
NaN         -1
dtype: int64}]))),
                ('onehot_encoding',
                 TransformerWrapper(include=['age', 'edu_level', 'fav_animals',
                                             'fav_place'],
                                    transformer=OneHotEncoder(cols=['age',
                                                                    'edu_level',
                                                                    'fav_animals',
                                                                    'fav_place'],
                                                              handle_missing='return_nan',
                                                              use_cat_names=True))),
                ('trained_model', KMeans(random_state=123))]), ml_usecase=None)
2025-02-03 19:13:56,242:INFO:Set up data.
2025-02-03 19:13:59,479:INFO:Initializing predict_model()
2025-02-03 19:13:59,479:INFO:predict_model(self=<pycaret.clustering.oop.ClusteringExperiment object at 0x000002403AD1B590>, estimator=Pipeline(memory=Memory(location=None),
         steps=[('numerical_imputer',
                 TransformerWrapper(include=[], transformer=SimpleImputer())),
                ('categorical_imputer',
                 TransformerWrapper(include=['age', 'edu_level', 'fav_animals',
                                             'fav_place', 'gender'],
                                    transformer=SimpleImputer(strategy='most_frequent'))),
                ('ordinal_encoding',
                 TransformerWrapper(include=['gender'],
                                    transfo...
                                                               mapping=[{'col': 'gender',
                                                                         'data_type': dtype('O'),
                                                                         'mapping': Kobieta      0
Mê¿czyzna    1
NaN         -1
dtype: int64}]))),
                ('onehot_encoding',
                 TransformerWrapper(include=['age', 'edu_level', 'fav_animals',
                                             'fav_place'],
                                    transformer=OneHotEncoder(cols=['age',
                                                                    'edu_level',
                                                                    'fav_animals',
                                                                    'fav_place'],
                                                              handle_missing='return_nan',
                                                              use_cat_names=True))),
                ('trained_model', KMeans(random_state=123))]), ml_usecase=None)
2025-02-03 19:13:59,479:INFO:Set up data.
2025-02-03 19:14:03,764:INFO:Initializing predict_model()
2025-02-03 19:14:03,764:INFO:predict_model(self=<pycaret.clustering.oop.ClusteringExperiment object at 0x000002403DC772D0>, estimator=Pipeline(memory=Memory(location=None),
         steps=[('numerical_imputer',
                 TransformerWrapper(include=[], transformer=SimpleImputer())),
                ('categorical_imputer',
                 TransformerWrapper(include=['age', 'edu_level', 'fav_animals',
                                             'fav_place', 'gender'],
                                    transformer=SimpleImputer(strategy='most_frequent'))),
                ('ordinal_encoding',
                 TransformerWrapper(include=['gender'],
                                    transfo...
                                                               mapping=[{'col': 'gender',
                                                                         'data_type': dtype('O'),
                                                                         'mapping': Kobieta      0
Mê¿czyzna    1
NaN         -1
dtype: int64}]))),
                ('onehot_encoding',
                 TransformerWrapper(include=['age', 'edu_level', 'fav_animals',
                                             'fav_place'],
                                    transformer=OneHotEncoder(cols=['age',
                                                                    'edu_level',
                                                                    'fav_animals',
                                                                    'fav_place'],
                                                              handle_missing='return_nan',
                                                              use_cat_names=True))),
                ('trained_model', KMeans(random_state=123))]), ml_usecase=None)
2025-02-03 19:14:03,764:INFO:Set up data.
2025-02-03 19:14:10,986:INFO:Initializing predict_model()
2025-02-03 19:14:10,987:INFO:predict_model(self=<pycaret.clustering.oop.ClusteringExperiment object at 0x00000240460DDCD0>, estimator=Pipeline(memory=Memory(location=None),
         steps=[('numerical_imputer',
                 TransformerWrapper(include=[], transformer=SimpleImputer())),
                ('categorical_imputer',
                 TransformerWrapper(include=['age', 'edu_level', 'fav_animals',
                                             'fav_place', 'gender'],
                                    transformer=SimpleImputer(strategy='most_frequent'))),
                ('ordinal_encoding',
                 TransformerWrapper(include=['gender'],
                                    transfo...
                                                               mapping=[{'col': 'gender',
                                                                         'data_type': dtype('O'),
                                                                         'mapping': Kobieta      0
Mê¿czyzna    1
NaN         -1
dtype: int64}]))),
                ('onehot_encoding',
                 TransformerWrapper(include=['age', 'edu_level', 'fav_animals',
                                             'fav_place'],
                                    transformer=OneHotEncoder(cols=['age',
                                                                    'edu_level',
                                                                    'fav_animals',
                                                                    'fav_place'],
                                                              handle_missing='return_nan',
                                                              use_cat_names=True))),
                ('trained_model', KMeans(random_state=123))]), ml_usecase=None)
2025-02-03 19:14:10,987:INFO:Set up data.
2025-02-03 19:14:13,612:INFO:Initializing predict_model()
2025-02-03 19:14:13,613:INFO:predict_model(self=<pycaret.clustering.oop.ClusteringExperiment object at 0x0000024044EB0F90>, estimator=Pipeline(memory=Memory(location=None),
         steps=[('numerical_imputer',
                 TransformerWrapper(include=[], transformer=SimpleImputer())),
                ('categorical_imputer',
                 TransformerWrapper(include=['age', 'edu_level', 'fav_animals',
                                             'fav_place', 'gender'],
                                    transformer=SimpleImputer(strategy='most_frequent'))),
                ('ordinal_encoding',
                 TransformerWrapper(include=['gender'],
                                    transfo...
                                                               mapping=[{'col': 'gender',
                                                                         'data_type': dtype('O'),
                                                                         'mapping': Kobieta      0
Mê¿czyzna    1
NaN         -1
dtype: int64}]))),
                ('onehot_encoding',
                 TransformerWrapper(include=['age', 'edu_level', 'fav_animals',
                                             'fav_place'],
                                    transformer=OneHotEncoder(cols=['age',
                                                                    'edu_level',
                                                                    'fav_animals',
                                                                    'fav_place'],
                                                              handle_missing='return_nan',
                                                              use_cat_names=True))),
                ('trained_model', KMeans(random_state=123))]), ml_usecase=None)
2025-02-03 19:14:13,613:INFO:Set up data.
2025-02-03 19:15:29,089:WARNING:
'cuml' is a soft dependency and not included in the pycaret installation. Please run: `pip install cuml` to install.
2025-02-03 19:15:29,089:WARNING:
'cuml' is a soft dependency and not included in the pycaret installation. Please run: `pip install cuml` to install.
2025-02-03 19:15:29,089:WARNING:
'cuml' is a soft dependency and not included in the pycaret installation. Please run: `pip install cuml` to install.
2025-02-03 19:15:29,089:WARNING:
'cuml' is a soft dependency and not included in the pycaret installation. Please run: `pip install cuml` to install.
2025-02-03 19:15:32,977:INFO:Initializing load_model()
2025-02-03 19:15:32,978:INFO:load_model(model_name=welcome_survey_clustering_pipeline_v2, platform=None, authentication=None, verbose=True)
2025-02-03 19:15:33,261:INFO:Initializing predict_model()
2025-02-03 19:15:33,262:INFO:predict_model(self=<pycaret.clustering.oop.ClusteringExperiment object at 0x000001DD1DE76450>, estimator=Pipeline(memory=Memory(location=None),
         steps=[('numerical_imputer',
                 TransformerWrapper(include=[], transformer=SimpleImputer())),
                ('categorical_imputer',
                 TransformerWrapper(include=['age', 'edu_level', 'fav_animals',
                                             'fav_place', 'gender'],
                                    transformer=SimpleImputer(strategy='most_frequent'))),
                ('ordinal_encoding',
                 TransformerWrapper(include=['gender'],
                                    transfo...
                                                               mapping=[{'col': 'gender',
                                                                         'data_type': dtype('O'),
                                                                         'mapping': Kobieta      0
Mê¿czyzna    1
NaN         -1
dtype: int64}]))),
                ('onehot_encoding',
                 TransformerWrapper(include=['age', 'edu_level', 'fav_animals',
                                             'fav_place'],
                                    transformer=OneHotEncoder(cols=['age',
                                                                    'edu_level',
                                                                    'fav_animals',
                                                                    'fav_place'],
                                                              handle_missing='return_nan',
                                                              use_cat_names=True))),
                ('trained_model', KMeans(random_state=123))]), ml_usecase=None)
2025-02-03 19:15:33,262:INFO:Set up data.
2025-02-03 19:15:33,580:INFO:Initializing predict_model()
2025-02-03 19:15:33,580:INFO:predict_model(self=<pycaret.clustering.oop.ClusteringExperiment object at 0x000001DD27024710>, estimator=Pipeline(memory=Memory(location=None),
         steps=[('numerical_imputer',
                 TransformerWrapper(include=[], transformer=SimpleImputer())),
                ('categorical_imputer',
                 TransformerWrapper(include=['age', 'edu_level', 'fav_animals',
                                             'fav_place', 'gender'],
                                    transformer=SimpleImputer(strategy='most_frequent'))),
                ('ordinal_encoding',
                 TransformerWrapper(include=['gender'],
                                    transfo...
                                                               mapping=[{'col': 'gender',
                                                                         'data_type': dtype('O'),
                                                                         'mapping': Kobieta      0
Mê¿czyzna    1
NaN         -1
dtype: int64}]))),
                ('onehot_encoding',
                 TransformerWrapper(include=['age', 'edu_level', 'fav_animals',
                                             'fav_place'],
                                    transformer=OneHotEncoder(cols=['age',
                                                                    'edu_level',
                                                                    'fav_animals',
                                                                    'fav_place'],
                                                              handle_missing='return_nan',
                                                              use_cat_names=True))),
                ('trained_model', KMeans(random_state=123))]), ml_usecase=None)
2025-02-03 19:15:33,581:INFO:Set up data.
2025-02-03 19:15:46,208:INFO:Initializing predict_model()
2025-02-03 19:15:46,209:INFO:predict_model(self=<pycaret.clustering.oop.ClusteringExperiment object at 0x000001DD274CBD10>, estimator=Pipeline(memory=Memory(location=None),
         steps=[('numerical_imputer',
                 TransformerWrapper(include=[], transformer=SimpleImputer())),
                ('categorical_imputer',
                 TransformerWrapper(include=['age', 'edu_level', 'fav_animals',
                                             'fav_place', 'gender'],
                                    transformer=SimpleImputer(strategy='most_frequent'))),
                ('ordinal_encoding',
                 TransformerWrapper(include=['gender'],
                                    transfo...
                                                               mapping=[{'col': 'gender',
                                                                         'data_type': dtype('O'),
                                                                         'mapping': Kobieta      0
Mê¿czyzna    1
NaN         -1
dtype: int64}]))),
                ('onehot_encoding',
                 TransformerWrapper(include=['age', 'edu_level', 'fav_animals',
                                             'fav_place'],
                                    transformer=OneHotEncoder(cols=['age',
                                                                    'edu_level',
                                                                    'fav_animals',
                                                                    'fav_place'],
                                                              handle_missing='return_nan',
                                                              use_cat_names=True))),
                ('trained_model', KMeans(random_state=123))]), ml_usecase=None)
2025-02-03 19:15:46,210:INFO:Set up data.
2025-02-03 19:15:48,579:INFO:Initializing predict_model()
2025-02-03 19:15:48,579:INFO:predict_model(self=<pycaret.clustering.oop.ClusteringExperiment object at 0x000001DD1DE76450>, estimator=Pipeline(memory=Memory(location=None),
         steps=[('numerical_imputer',
                 TransformerWrapper(include=[], transformer=SimpleImputer())),
                ('categorical_imputer',
                 TransformerWrapper(include=['age', 'edu_level', 'fav_animals',
                                             'fav_place', 'gender'],
                                    transformer=SimpleImputer(strategy='most_frequent'))),
                ('ordinal_encoding',
                 TransformerWrapper(include=['gender'],
                                    transfo...
                                                               mapping=[{'col': 'gender',
                                                                         'data_type': dtype('O'),
                                                                         'mapping': Kobieta      0
Mê¿czyzna    1
NaN         -1
dtype: int64}]))),
                ('onehot_encoding',
                 TransformerWrapper(include=['age', 'edu_level', 'fav_animals',
                                             'fav_place'],
                                    transformer=OneHotEncoder(cols=['age',
                                                                    'edu_level',
                                                                    'fav_animals',
                                                                    'fav_place'],
                                                              handle_missing='return_nan',
                                                              use_cat_names=True))),
                ('trained_model', KMeans(random_state=123))]), ml_usecase=None)
2025-02-03 19:15:48,579:INFO:Set up data.
2025-02-03 19:15:49,686:INFO:Initializing predict_model()
2025-02-03 19:15:49,686:INFO:predict_model(self=<pycaret.clustering.oop.ClusteringExperiment object at 0x000001DD27C4A050>, estimator=Pipeline(memory=Memory(location=None),
         steps=[('numerical_imputer',
                 TransformerWrapper(include=[], transformer=SimpleImputer())),
                ('categorical_imputer',
                 TransformerWrapper(include=['age', 'edu_level', 'fav_animals',
                                             'fav_place', 'gender'],
                                    transformer=SimpleImputer(strategy='most_frequent'))),
                ('ordinal_encoding',
                 TransformerWrapper(include=['gender'],
                                    transfo...
                                                               mapping=[{'col': 'gender',
                                                                         'data_type': dtype('O'),
                                                                         'mapping': Kobieta      0
Mê¿czyzna    1
NaN         -1
dtype: int64}]))),
                ('onehot_encoding',
                 TransformerWrapper(include=['age', 'edu_level', 'fav_animals',
                                             'fav_place'],
                                    transformer=OneHotEncoder(cols=['age',
                                                                    'edu_level',
                                                                    'fav_animals',
                                                                    'fav_place'],
                                                              handle_missing='return_nan',
                                                              use_cat_names=True))),
                ('trained_model', KMeans(random_state=123))]), ml_usecase=None)
2025-02-03 19:15:49,686:INFO:Set up data.
2025-02-03 19:16:19,692:INFO:Initializing predict_model()
2025-02-03 19:16:19,692:INFO:predict_model(self=<pycaret.clustering.oop.ClusteringExperiment object at 0x000001DD27468790>, estimator=Pipeline(memory=Memory(location=None),
         steps=[('numerical_imputer',
                 TransformerWrapper(include=[], transformer=SimpleImputer())),
                ('categorical_imputer',
                 TransformerWrapper(include=['age', 'edu_level', 'fav_animals',
                                             'fav_place', 'gender'],
                                    transformer=SimpleImputer(strategy='most_frequent'))),
                ('ordinal_encoding',
                 TransformerWrapper(include=['gender'],
                                    transfo...
                                                               mapping=[{'col': 'gender',
                                                                         'data_type': dtype('O'),
                                                                         'mapping': Kobieta      0
Mê¿czyzna    1
NaN         -1
dtype: int64}]))),
                ('onehot_encoding',
                 TransformerWrapper(include=['age', 'edu_level', 'fav_animals',
                                             'fav_place'],
                                    transformer=OneHotEncoder(cols=['age',
                                                                    'edu_level',
                                                                    'fav_animals',
                                                                    'fav_place'],
                                                              handle_missing='return_nan',
                                                              use_cat_names=True))),
                ('trained_model', KMeans(random_state=123))]), ml_usecase=None)
2025-02-03 19:16:19,693:INFO:Set up data.
2025-02-03 19:17:07,825:INFO:Initializing predict_model()
2025-02-03 19:17:07,825:INFO:predict_model(self=<pycaret.clustering.oop.ClusteringExperiment object at 0x000001DD27C85890>, estimator=Pipeline(memory=Memory(location=None),
         steps=[('numerical_imputer',
                 TransformerWrapper(include=[], transformer=SimpleImputer())),
                ('categorical_imputer',
                 TransformerWrapper(include=['age', 'edu_level', 'fav_animals',
                                             'fav_place', 'gender'],
                                    transformer=SimpleImputer(strategy='most_frequent'))),
                ('ordinal_encoding',
                 TransformerWrapper(include=['gender'],
                                    transfo...
                                                               mapping=[{'col': 'gender',
                                                                         'data_type': dtype('O'),
                                                                         'mapping': Kobieta      0
Mê¿czyzna    1
NaN         -1
dtype: int64}]))),
                ('onehot_encoding',
                 TransformerWrapper(include=['age', 'edu_level', 'fav_animals',
                                             'fav_place'],
                                    transformer=OneHotEncoder(cols=['age',
                                                                    'edu_level',
                                                                    'fav_animals',
                                                                    'fav_place'],
                                                              handle_missing='return_nan',
                                                              use_cat_names=True))),
                ('trained_model', KMeans(random_state=123))]), ml_usecase=None)
2025-02-03 19:17:07,826:INFO:Set up data.
2025-02-03 19:19:43,792:INFO:Initializing predict_model()
2025-02-03 19:19:43,793:INFO:predict_model(self=<pycaret.clustering.oop.ClusteringExperiment object at 0x000001DD273EAB90>, estimator=Pipeline(memory=Memory(location=None),
         steps=[('numerical_imputer',
                 TransformerWrapper(include=[], transformer=SimpleImputer())),
                ('categorical_imputer',
                 TransformerWrapper(include=['age', 'edu_level', 'fav_animals',
                                             'fav_place', 'gender'],
                                    transformer=SimpleImputer(strategy='most_frequent'))),
                ('ordinal_encoding',
                 TransformerWrapper(include=['gender'],
                                    transfo...
                                                               mapping=[{'col': 'gender',
                                                                         'data_type': dtype('O'),
                                                                         'mapping': Kobieta      0
Mê¿czyzna    1
NaN         -1
dtype: int64}]))),
                ('onehot_encoding',
                 TransformerWrapper(include=['age', 'edu_level', 'fav_animals',
                                             'fav_place'],
                                    transformer=OneHotEncoder(cols=['age',
                                                                    'edu_level',
                                                                    'fav_animals',
                                                                    'fav_place'],
                                                              handle_missing='return_nan',
                                                              use_cat_names=True))),
                ('trained_model', KMeans(random_state=123))]), ml_usecase=None)
2025-02-03 19:19:43,793:INFO:Set up data.
2025-02-03 19:19:51,777:INFO:Initializing predict_model()
2025-02-03 19:19:51,777:INFO:predict_model(self=<pycaret.clustering.oop.ClusteringExperiment object at 0x000001DD274210D0>, estimator=Pipeline(memory=Memory(location=None),
         steps=[('numerical_imputer',
                 TransformerWrapper(include=[], transformer=SimpleImputer())),
                ('categorical_imputer',
                 TransformerWrapper(include=['age', 'edu_level', 'fav_animals',
                                             'fav_place', 'gender'],
                                    transformer=SimpleImputer(strategy='most_frequent'))),
                ('ordinal_encoding',
                 TransformerWrapper(include=['gender'],
                                    transfo...
                                                               mapping=[{'col': 'gender',
                                                                         'data_type': dtype('O'),
                                                                         'mapping': Kobieta      0
Mê¿czyzna    1
NaN         -1
dtype: int64}]))),
                ('onehot_encoding',
                 TransformerWrapper(include=['age', 'edu_level', 'fav_animals',
                                             'fav_place'],
                                    transformer=OneHotEncoder(cols=['age',
                                                                    'edu_level',
                                                                    'fav_animals',
                                                                    'fav_place'],
                                                              handle_missing='return_nan',
                                                              use_cat_names=True))),
                ('trained_model', KMeans(random_state=123))]), ml_usecase=None)
2025-02-03 19:19:51,778:INFO:Set up data.
2025-02-03 19:19:57,005:INFO:Initializing predict_model()
2025-02-03 19:19:57,005:INFO:predict_model(self=<pycaret.clustering.oop.ClusteringExperiment object at 0x000001DD27032410>, estimator=Pipeline(memory=Memory(location=None),
         steps=[('numerical_imputer',
                 TransformerWrapper(include=[], transformer=SimpleImputer())),
                ('categorical_imputer',
                 TransformerWrapper(include=['age', 'edu_level', 'fav_animals',
                                             'fav_place', 'gender'],
                                    transformer=SimpleImputer(strategy='most_frequent'))),
                ('ordinal_encoding',
                 TransformerWrapper(include=['gender'],
                                    transfo...
                                                               mapping=[{'col': 'gender',
                                                                         'data_type': dtype('O'),
                                                                         'mapping': Kobieta      0
Mê¿czyzna    1
NaN         -1
dtype: int64}]))),
                ('onehot_encoding',
                 TransformerWrapper(include=['age', 'edu_level', 'fav_animals',
                                             'fav_place'],
                                    transformer=OneHotEncoder(cols=['age',
                                                                    'edu_level',
                                                                    'fav_animals',
                                                                    'fav_place'],
                                                              handle_missing='return_nan',
                                                              use_cat_names=True))),
                ('trained_model', KMeans(random_state=123))]), ml_usecase=None)
2025-02-03 19:19:57,006:INFO:Set up data.
2025-02-03 19:19:59,565:INFO:Initializing predict_model()
2025-02-03 19:19:59,565:INFO:predict_model(self=<pycaret.clustering.oop.ClusteringExperiment object at 0x000001DD27F5A390>, estimator=Pipeline(memory=Memory(location=None),
         steps=[('numerical_imputer',
                 TransformerWrapper(include=[], transformer=SimpleImputer())),
                ('categorical_imputer',
                 TransformerWrapper(include=['age', 'edu_level', 'fav_animals',
                                             'fav_place', 'gender'],
                                    transformer=SimpleImputer(strategy='most_frequent'))),
                ('ordinal_encoding',
                 TransformerWrapper(include=['gender'],
                                    transfo...
                                                               mapping=[{'col': 'gender',
                                                                         'data_type': dtype('O'),
                                                                         'mapping': Kobieta      0
Mê¿czyzna    1
NaN         -1
dtype: int64}]))),
                ('onehot_encoding',
                 TransformerWrapper(include=['age', 'edu_level', 'fav_animals',
                                             'fav_place'],
                                    transformer=OneHotEncoder(cols=['age',
                                                                    'edu_level',
                                                                    'fav_animals',
                                                                    'fav_place'],
                                                              handle_missing='return_nan',
                                                              use_cat_names=True))),
                ('trained_model', KMeans(random_state=123))]), ml_usecase=None)
2025-02-03 19:19:59,566:INFO:Set up data.
2025-02-03 19:20:13,933:INFO:Initializing predict_model()
2025-02-03 19:20:13,934:INFO:predict_model(self=<pycaret.clustering.oop.ClusteringExperiment object at 0x000001DD27242090>, estimator=Pipeline(memory=Memory(location=None),
         steps=[('numerical_imputer',
                 TransformerWrapper(include=[], transformer=SimpleImputer())),
                ('categorical_imputer',
                 TransformerWrapper(include=['age', 'edu_level', 'fav_animals',
                                             'fav_place', 'gender'],
                                    transformer=SimpleImputer(strategy='most_frequent'))),
                ('ordinal_encoding',
                 TransformerWrapper(include=['gender'],
                                    transfo...
                                                               mapping=[{'col': 'gender',
                                                                         'data_type': dtype('O'),
                                                                         'mapping': Kobieta      0
Mê¿czyzna    1
NaN         -1
dtype: int64}]))),
                ('onehot_encoding',
                 TransformerWrapper(include=['age', 'edu_level', 'fav_animals',
                                             'fav_place'],
                                    transformer=OneHotEncoder(cols=['age',
                                                                    'edu_level',
                                                                    'fav_animals',
                                                                    'fav_place'],
                                                              handle_missing='return_nan',
                                                              use_cat_names=True))),
                ('trained_model', KMeans(random_state=123))]), ml_usecase=None)
2025-02-03 19:20:13,934:INFO:Set up data.
2025-02-03 19:20:18,028:INFO:Initializing predict_model()
2025-02-03 19:20:18,028:INFO:predict_model(self=<pycaret.clustering.oop.ClusteringExperiment object at 0x000001DD271FB650>, estimator=Pipeline(memory=Memory(location=None),
         steps=[('numerical_imputer',
                 TransformerWrapper(include=[], transformer=SimpleImputer())),
                ('categorical_imputer',
                 TransformerWrapper(include=['age', 'edu_level', 'fav_animals',
                                             'fav_place', 'gender'],
                                    transformer=SimpleImputer(strategy='most_frequent'))),
                ('ordinal_encoding',
                 TransformerWrapper(include=['gender'],
                                    transfo...
                                                               mapping=[{'col': 'gender',
                                                                         'data_type': dtype('O'),
                                                                         'mapping': Kobieta      0
Mê¿czyzna    1
NaN         -1
dtype: int64}]))),
                ('onehot_encoding',
                 TransformerWrapper(include=['age', 'edu_level', 'fav_animals',
                                             'fav_place'],
                                    transformer=OneHotEncoder(cols=['age',
                                                                    'edu_level',
                                                                    'fav_animals',
                                                                    'fav_place'],
                                                              handle_missing='return_nan',
                                                              use_cat_names=True))),
                ('trained_model', KMeans(random_state=123))]), ml_usecase=None)
2025-02-03 19:20:18,028:INFO:Set up data.
2025-02-03 19:20:22,536:INFO:Initializing predict_model()
2025-02-03 19:20:22,537:INFO:predict_model(self=<pycaret.clustering.oop.ClusteringExperiment object at 0x000001DD27D431D0>, estimator=Pipeline(memory=Memory(location=None),
         steps=[('numerical_imputer',
                 TransformerWrapper(include=[], transformer=SimpleImputer())),
                ('categorical_imputer',
                 TransformerWrapper(include=['age', 'edu_level', 'fav_animals',
                                             'fav_place', 'gender'],
                                    transformer=SimpleImputer(strategy='most_frequent'))),
                ('ordinal_encoding',
                 TransformerWrapper(include=['gender'],
                                    transfo...
                                                               mapping=[{'col': 'gender',
                                                                         'data_type': dtype('O'),
                                                                         'mapping': Kobieta      0
Mê¿czyzna    1
NaN         -1
dtype: int64}]))),
                ('onehot_encoding',
                 TransformerWrapper(include=['age', 'edu_level', 'fav_animals',
                                             'fav_place'],
                                    transformer=OneHotEncoder(cols=['age',
                                                                    'edu_level',
                                                                    'fav_animals',
                                                                    'fav_place'],
                                                              handle_missing='return_nan',
                                                              use_cat_names=True))),
                ('trained_model', KMeans(random_state=123))]), ml_usecase=None)
2025-02-03 19:20:22,537:INFO:Set up data.
2025-02-03 19:20:58,256:INFO:Initializing predict_model()
2025-02-03 19:20:58,257:INFO:predict_model(self=<pycaret.clustering.oop.ClusteringExperiment object at 0x000001DD27EEA3D0>, estimator=Pipeline(memory=Memory(location=None),
         steps=[('numerical_imputer',
                 TransformerWrapper(include=[], transformer=SimpleImputer())),
                ('categorical_imputer',
                 TransformerWrapper(include=['age', 'edu_level', 'fav_animals',
                                             'fav_place', 'gender'],
                                    transformer=SimpleImputer(strategy='most_frequent'))),
                ('ordinal_encoding',
                 TransformerWrapper(include=['gender'],
                                    transfo...
                                                               mapping=[{'col': 'gender',
                                                                         'data_type': dtype('O'),
                                                                         'mapping': Kobieta      0
Mê¿czyzna    1
NaN         -1
dtype: int64}]))),
                ('onehot_encoding',
                 TransformerWrapper(include=['age', 'edu_level', 'fav_animals',
                                             'fav_place'],
                                    transformer=OneHotEncoder(cols=['age',
                                                                    'edu_level',
                                                                    'fav_animals',
                                                                    'fav_place'],
                                                              handle_missing='return_nan',
                                                              use_cat_names=True))),
                ('trained_model', KMeans(random_state=123))]), ml_usecase=None)
2025-02-03 19:20:58,257:INFO:Set up data.
2025-02-03 19:21:02,501:INFO:Initializing predict_model()
2025-02-03 19:21:02,501:INFO:predict_model(self=<pycaret.clustering.oop.ClusteringExperiment object at 0x000001DD27D7EDD0>, estimator=Pipeline(memory=Memory(location=None),
         steps=[('numerical_imputer',
                 TransformerWrapper(include=[], transformer=SimpleImputer())),
                ('categorical_imputer',
                 TransformerWrapper(include=['age', 'edu_level', 'fav_animals',
                                             'fav_place', 'gender'],
                                    transformer=SimpleImputer(strategy='most_frequent'))),
                ('ordinal_encoding',
                 TransformerWrapper(include=['gender'],
                                    transfo...
                                                               mapping=[{'col': 'gender',
                                                                         'data_type': dtype('O'),
                                                                         'mapping': Kobieta      0
Mê¿czyzna    1
NaN         -1
dtype: int64}]))),
                ('onehot_encoding',
                 TransformerWrapper(include=['age', 'edu_level', 'fav_animals',
                                             'fav_place'],
                                    transformer=OneHotEncoder(cols=['age',
                                                                    'edu_level',
                                                                    'fav_animals',
                                                                    'fav_place'],
                                                              handle_missing='return_nan',
                                                              use_cat_names=True))),
                ('trained_model', KMeans(random_state=123))]), ml_usecase=None)
2025-02-03 19:21:02,502:INFO:Set up data.
2025-02-03 19:21:07,260:INFO:Initializing predict_model()
2025-02-03 19:21:07,260:INFO:predict_model(self=<pycaret.clustering.oop.ClusteringExperiment object at 0x000001DD27D59850>, estimator=Pipeline(memory=Memory(location=None),
         steps=[('numerical_imputer',
                 TransformerWrapper(include=[], transformer=SimpleImputer())),
                ('categorical_imputer',
                 TransformerWrapper(include=['age', 'edu_level', 'fav_animals',
                                             'fav_place', 'gender'],
                                    transformer=SimpleImputer(strategy='most_frequent'))),
                ('ordinal_encoding',
                 TransformerWrapper(include=['gender'],
                                    transfo...
                                                               mapping=[{'col': 'gender',
                                                                         'data_type': dtype('O'),
                                                                         'mapping': Kobieta      0
Mê¿czyzna    1
NaN         -1
dtype: int64}]))),
                ('onehot_encoding',
                 TransformerWrapper(include=['age', 'edu_level', 'fav_animals',
                                             'fav_place'],
                                    transformer=OneHotEncoder(cols=['age',
                                                                    'edu_level',
                                                                    'fav_animals',
                                                                    'fav_place'],
                                                              handle_missing='return_nan',
                                                              use_cat_names=True))),
                ('trained_model', KMeans(random_state=123))]), ml_usecase=None)
2025-02-03 19:21:07,260:INFO:Set up data.
2025-02-04 10:47:22,190:WARNING:
'cuml' is a soft dependency and not included in the pycaret installation. Please run: `pip install cuml` to install.
2025-02-04 10:47:22,220:WARNING:
'cuml' is a soft dependency and not included in the pycaret installation. Please run: `pip install cuml` to install.
2025-02-04 10:47:22,221:WARNING:
'cuml' is a soft dependency and not included in the pycaret installation. Please run: `pip install cuml` to install.
2025-02-04 10:47:22,221:WARNING:
'cuml' is a soft dependency and not included in the pycaret installation. Please run: `pip install cuml` to install.
2025-02-04 10:47:56,388:INFO:Initializing load_model()
2025-02-04 10:47:56,389:INFO:load_model(model_name=welcome_survey_clustering_pipeline_v2, platform=None, authentication=None, verbose=True)
2025-02-04 10:47:57,615:INFO:Initializing predict_model()
2025-02-04 10:47:57,615:INFO:predict_model(self=<pycaret.clustering.oop.ClusteringExperiment object at 0x0000016CE020FA50>, estimator=Pipeline(memory=Memory(location=None),
         steps=[('numerical_imputer',
                 TransformerWrapper(include=[], transformer=SimpleImputer())),
                ('categorical_imputer',
                 TransformerWrapper(include=['age', 'edu_level', 'fav_animals',
                                             'fav_place', 'gender'],
                                    transformer=SimpleImputer(strategy='most_frequent'))),
                ('ordinal_encoding',
                 TransformerWrapper(include=['gender'],
                                    transfo...
                                                               mapping=[{'col': 'gender',
                                                                         'data_type': dtype('O'),
                                                                         'mapping': Kobieta      0
Mê¿czyzna    1
NaN         -1
dtype: int64}]))),
                ('onehot_encoding',
                 TransformerWrapper(include=['age', 'edu_level', 'fav_animals',
                                             'fav_place'],
                                    transformer=OneHotEncoder(cols=['age',
                                                                    'edu_level',
                                                                    'fav_animals',
                                                                    'fav_place'],
                                                              handle_missing='return_nan',
                                                              use_cat_names=True))),
                ('trained_model', KMeans(random_state=123))]), ml_usecase=None)
2025-02-04 10:47:57,615:INFO:Set up data.
2025-02-04 10:47:59,104:INFO:Initializing predict_model()
2025-02-04 10:47:59,104:INFO:predict_model(self=<pycaret.clustering.oop.ClusteringExperiment object at 0x0000016CE79B08D0>, estimator=Pipeline(memory=Memory(location=None),
         steps=[('numerical_imputer',
                 TransformerWrapper(include=[], transformer=SimpleImputer())),
                ('categorical_imputer',
                 TransformerWrapper(include=['age', 'edu_level', 'fav_animals',
                                             'fav_place', 'gender'],
                                    transformer=SimpleImputer(strategy='most_frequent'))),
                ('ordinal_encoding',
                 TransformerWrapper(include=['gender'],
                                    transfo...
                                                               mapping=[{'col': 'gender',
                                                                         'data_type': dtype('O'),
                                                                         'mapping': Kobieta      0
Mê¿czyzna    1
NaN         -1
dtype: int64}]))),
                ('onehot_encoding',
                 TransformerWrapper(include=['age', 'edu_level', 'fav_animals',
                                             'fav_place'],
                                    transformer=OneHotEncoder(cols=['age',
                                                                    'edu_level',
                                                                    'fav_animals',
                                                                    'fav_place'],
                                                              handle_missing='return_nan',
                                                              use_cat_names=True))),
                ('trained_model', KMeans(random_state=123))]), ml_usecase=None)
2025-02-04 10:47:59,105:INFO:Set up data.
2025-02-04 10:49:37,472:INFO:Initializing predict_model()
2025-02-04 10:49:37,472:INFO:predict_model(self=<pycaret.clustering.oop.ClusteringExperiment object at 0x0000016CE8630310>, estimator=Pipeline(memory=Memory(location=None),
         steps=[('numerical_imputer',
                 TransformerWrapper(include=[], transformer=SimpleImputer())),
                ('categorical_imputer',
                 TransformerWrapper(include=['age', 'edu_level', 'fav_animals',
                                             'fav_place', 'gender'],
                                    transformer=SimpleImputer(strategy='most_frequent'))),
                ('ordinal_encoding',
                 TransformerWrapper(include=['gender'],
                                    transfo...
                                                               mapping=[{'col': 'gender',
                                                                         'data_type': dtype('O'),
                                                                         'mapping': Kobieta      0
Mê¿czyzna    1
NaN         -1
dtype: int64}]))),
                ('onehot_encoding',
                 TransformerWrapper(include=['age', 'edu_level', 'fav_animals',
                                             'fav_place'],
                                    transformer=OneHotEncoder(cols=['age',
                                                                    'edu_level',
                                                                    'fav_animals',
                                                                    'fav_place'],
                                                              handle_missing='return_nan',
                                                              use_cat_names=True))),
                ('trained_model', KMeans(random_state=123))]), ml_usecase=None)
2025-02-04 10:49:37,473:INFO:Set up data.
2025-02-04 10:49:39,325:INFO:Initializing predict_model()
2025-02-04 10:49:39,325:INFO:predict_model(self=<pycaret.clustering.oop.ClusteringExperiment object at 0x0000016CE7DDC190>, estimator=Pipeline(memory=Memory(location=None),
         steps=[('numerical_imputer',
                 TransformerWrapper(include=[], transformer=SimpleImputer())),
                ('categorical_imputer',
                 TransformerWrapper(include=['age', 'edu_level', 'fav_animals',
                                             'fav_place', 'gender'],
                                    transformer=SimpleImputer(strategy='most_frequent'))),
                ('ordinal_encoding',
                 TransformerWrapper(include=['gender'],
                                    transfo...
                                                               mapping=[{'col': 'gender',
                                                                         'data_type': dtype('O'),
                                                                         'mapping': Kobieta      0
Mê¿czyzna    1
NaN         -1
dtype: int64}]))),
                ('onehot_encoding',
                 TransformerWrapper(include=['age', 'edu_level', 'fav_animals',
                                             'fav_place'],
                                    transformer=OneHotEncoder(cols=['age',
                                                                    'edu_level',
                                                                    'fav_animals',
                                                                    'fav_place'],
                                                              handle_missing='return_nan',
                                                              use_cat_names=True))),
                ('trained_model', KMeans(random_state=123))]), ml_usecase=None)
2025-02-04 10:49:39,325:INFO:Set up data.
2025-02-04 10:49:44,211:INFO:Initializing predict_model()
2025-02-04 10:49:44,211:INFO:predict_model(self=<pycaret.clustering.oop.ClusteringExperiment object at 0x0000016CE98A46D0>, estimator=Pipeline(memory=Memory(location=None),
         steps=[('numerical_imputer',
                 TransformerWrapper(include=[], transformer=SimpleImputer())),
                ('categorical_imputer',
                 TransformerWrapper(include=['age', 'edu_level', 'fav_animals',
                                             'fav_place', 'gender'],
                                    transformer=SimpleImputer(strategy='most_frequent'))),
                ('ordinal_encoding',
                 TransformerWrapper(include=['gender'],
                                    transfo...
                                                               mapping=[{'col': 'gender',
                                                                         'data_type': dtype('O'),
                                                                         'mapping': Kobieta      0
Mê¿czyzna    1
NaN         -1
dtype: int64}]))),
                ('onehot_encoding',
                 TransformerWrapper(include=['age', 'edu_level', 'fav_animals',
                                             'fav_place'],
                                    transformer=OneHotEncoder(cols=['age',
                                                                    'edu_level',
                                                                    'fav_animals',
                                                                    'fav_place'],
                                                              handle_missing='return_nan',
                                                              use_cat_names=True))),
                ('trained_model', KMeans(random_state=123))]), ml_usecase=None)
2025-02-04 10:49:44,212:INFO:Set up data.
2025-02-04 10:49:48,858:INFO:Initializing predict_model()
2025-02-04 10:49:48,858:INFO:predict_model(self=<pycaret.clustering.oop.ClusteringExperiment object at 0x0000016CE9909ED0>, estimator=Pipeline(memory=Memory(location=None),
         steps=[('numerical_imputer',
                 TransformerWrapper(include=[], transformer=SimpleImputer())),
                ('categorical_imputer',
                 TransformerWrapper(include=['age', 'edu_level', 'fav_animals',
                                             'fav_place', 'gender'],
                                    transformer=SimpleImputer(strategy='most_frequent'))),
                ('ordinal_encoding',
                 TransformerWrapper(include=['gender'],
                                    transfo...
                                                               mapping=[{'col': 'gender',
                                                                         'data_type': dtype('O'),
                                                                         'mapping': Kobieta      0
Mê¿czyzna    1
NaN         -1
dtype: int64}]))),
                ('onehot_encoding',
                 TransformerWrapper(include=['age', 'edu_level', 'fav_animals',
                                             'fav_place'],
                                    transformer=OneHotEncoder(cols=['age',
                                                                    'edu_level',
                                                                    'fav_animals',
                                                                    'fav_place'],
                                                              handle_missing='return_nan',
                                                              use_cat_names=True))),
                ('trained_model', KMeans(random_state=123))]), ml_usecase=None)
2025-02-04 10:49:48,859:INFO:Set up data.
2025-02-04 10:49:54,762:INFO:Initializing predict_model()
2025-02-04 10:49:54,762:INFO:predict_model(self=<pycaret.clustering.oop.ClusteringExperiment object at 0x0000016CE8844810>, estimator=Pipeline(memory=Memory(location=None),
         steps=[('numerical_imputer',
                 TransformerWrapper(include=[], transformer=SimpleImputer())),
                ('categorical_imputer',
                 TransformerWrapper(include=['age', 'edu_level', 'fav_animals',
                                             'fav_place', 'gender'],
                                    transformer=SimpleImputer(strategy='most_frequent'))),
                ('ordinal_encoding',
                 TransformerWrapper(include=['gender'],
                                    transfo...
                                                               mapping=[{'col': 'gender',
                                                                         'data_type': dtype('O'),
                                                                         'mapping': Kobieta      0
Mê¿czyzna    1
NaN         -1
dtype: int64}]))),
                ('onehot_encoding',
                 TransformerWrapper(include=['age', 'edu_level', 'fav_animals',
                                             'fav_place'],
                                    transformer=OneHotEncoder(cols=['age',
                                                                    'edu_level',
                                                                    'fav_animals',
                                                                    'fav_place'],
                                                              handle_missing='return_nan',
                                                              use_cat_names=True))),
                ('trained_model', KMeans(random_state=123))]), ml_usecase=None)
2025-02-04 10:49:54,763:INFO:Set up data.
2025-02-04 10:50:17,283:INFO:Initializing predict_model()
2025-02-04 10:50:17,283:INFO:predict_model(self=<pycaret.clustering.oop.ClusteringExperiment object at 0x0000016CE98A6190>, estimator=Pipeline(memory=Memory(location=None),
         steps=[('numerical_imputer',
                 TransformerWrapper(include=[], transformer=SimpleImputer())),
                ('categorical_imputer',
                 TransformerWrapper(include=['age', 'edu_level', 'fav_animals',
                                             'fav_place', 'gender'],
                                    transformer=SimpleImputer(strategy='most_frequent'))),
                ('ordinal_encoding',
                 TransformerWrapper(include=['gender'],
                                    transfo...
                                                               mapping=[{'col': 'gender',
                                                                         'data_type': dtype('O'),
                                                                         'mapping': Kobieta      0
Mê¿czyzna    1
NaN         -1
dtype: int64}]))),
                ('onehot_encoding',
                 TransformerWrapper(include=['age', 'edu_level', 'fav_animals',
                                             'fav_place'],
                                    transformer=OneHotEncoder(cols=['age',
                                                                    'edu_level',
                                                                    'fav_animals',
                                                                    'fav_place'],
                                                              handle_missing='return_nan',
                                                              use_cat_names=True))),
                ('trained_model', KMeans(random_state=123))]), ml_usecase=None)
2025-02-04 10:50:17,283:INFO:Set up data.
2025-02-04 10:51:23,761:INFO:Initializing predict_model()
2025-02-04 10:51:23,761:INFO:predict_model(self=<pycaret.clustering.oop.ClusteringExperiment object at 0x0000016CE87E7150>, estimator=Pipeline(memory=Memory(location=None),
         steps=[('numerical_imputer',
                 TransformerWrapper(include=[], transformer=SimpleImputer())),
                ('categorical_imputer',
                 TransformerWrapper(include=['age', 'edu_level', 'fav_animals',
                                             'fav_place', 'gender'],
                                    transformer=SimpleImputer(strategy='most_frequent'))),
                ('ordinal_encoding',
                 TransformerWrapper(include=['gender'],
                                    transfo...
                                                               mapping=[{'col': 'gender',
                                                                         'data_type': dtype('O'),
                                                                         'mapping': Kobieta      0
Mê¿czyzna    1
NaN         -1
dtype: int64}]))),
                ('onehot_encoding',
                 TransformerWrapper(include=['age', 'edu_level', 'fav_animals',
                                             'fav_place'],
                                    transformer=OneHotEncoder(cols=['age',
                                                                    'edu_level',
                                                                    'fav_animals',
                                                                    'fav_place'],
                                                              handle_missing='return_nan',
                                                              use_cat_names=True))),
                ('trained_model', KMeans(random_state=123))]), ml_usecase=None)
2025-02-04 10:51:23,762:INFO:Set up data.
2025-02-04 10:51:25,369:INFO:Initializing predict_model()
2025-02-04 10:51:25,369:INFO:predict_model(self=<pycaret.clustering.oop.ClusteringExperiment object at 0x0000016CDD558B50>, estimator=Pipeline(memory=Memory(location=None),
         steps=[('numerical_imputer',
                 TransformerWrapper(include=[], transformer=SimpleImputer())),
                ('categorical_imputer',
                 TransformerWrapper(include=['age', 'edu_level', 'fav_animals',
                                             'fav_place', 'gender'],
                                    transformer=SimpleImputer(strategy='most_frequent'))),
                ('ordinal_encoding',
                 TransformerWrapper(include=['gender'],
                                    transfo...
                                                               mapping=[{'col': 'gender',
                                                                         'data_type': dtype('O'),
                                                                         'mapping': Kobieta      0
Mê¿czyzna    1
NaN         -1
dtype: int64}]))),
                ('onehot_encoding',
                 TransformerWrapper(include=['age', 'edu_level', 'fav_animals',
                                             'fav_place'],
                                    transformer=OneHotEncoder(cols=['age',
                                                                    'edu_level',
                                                                    'fav_animals',
                                                                    'fav_place'],
                                                              handle_missing='return_nan',
                                                              use_cat_names=True))),
                ('trained_model', KMeans(random_state=123))]), ml_usecase=None)
2025-02-04 10:51:25,369:INFO:Set up data.
2025-02-04 10:52:30,412:INFO:Initializing predict_model()
2025-02-04 10:52:30,412:INFO:predict_model(self=<pycaret.clustering.oop.ClusteringExperiment object at 0x0000016CE8846D50>, estimator=Pipeline(memory=Memory(location=None),
         steps=[('numerical_imputer',
                 TransformerWrapper(include=[], transformer=SimpleImputer())),
                ('categorical_imputer',
                 TransformerWrapper(include=['age', 'edu_level', 'fav_animals',
                                             'fav_place', 'gender'],
                                    transformer=SimpleImputer(strategy='most_frequent'))),
                ('ordinal_encoding',
                 TransformerWrapper(include=['gender'],
                                    transfo...
                                                               mapping=[{'col': 'gender',
                                                                         'data_type': dtype('O'),
                                                                         'mapping': Kobieta      0
Mê¿czyzna    1
NaN         -1
dtype: int64}]))),
                ('onehot_encoding',
                 TransformerWrapper(include=['age', 'edu_level', 'fav_animals',
                                             'fav_place'],
                                    transformer=OneHotEncoder(cols=['age',
                                                                    'edu_level',
                                                                    'fav_animals',
                                                                    'fav_place'],
                                                              handle_missing='return_nan',
                                                              use_cat_names=True))),
                ('trained_model', KMeans(random_state=123))]), ml_usecase=None)
2025-02-04 10:52:30,413:INFO:Set up data.
2025-02-04 10:52:34,317:INFO:Initializing predict_model()
2025-02-04 10:52:34,318:INFO:predict_model(self=<pycaret.clustering.oop.ClusteringExperiment object at 0x0000016CE8670050>, estimator=Pipeline(memory=Memory(location=None),
         steps=[('numerical_imputer',
                 TransformerWrapper(include=[], transformer=SimpleImputer())),
                ('categorical_imputer',
                 TransformerWrapper(include=['age', 'edu_level', 'fav_animals',
                                             'fav_place', 'gender'],
                                    transformer=SimpleImputer(strategy='most_frequent'))),
                ('ordinal_encoding',
                 TransformerWrapper(include=['gender'],
                                    transfo...
                                                               mapping=[{'col': 'gender',
                                                                         'data_type': dtype('O'),
                                                                         'mapping': Kobieta      0
Mê¿czyzna    1
NaN         -1
dtype: int64}]))),
                ('onehot_encoding',
                 TransformerWrapper(include=['age', 'edu_level', 'fav_animals',
                                             'fav_place'],
                                    transformer=OneHotEncoder(cols=['age',
                                                                    'edu_level',
                                                                    'fav_animals',
                                                                    'fav_place'],
                                                              handle_missing='return_nan',
                                                              use_cat_names=True))),
                ('trained_model', KMeans(random_state=123))]), ml_usecase=None)
2025-02-04 10:52:34,318:INFO:Set up data.
2025-02-04 10:52:39,595:INFO:Initializing predict_model()
2025-02-04 10:52:39,595:INFO:predict_model(self=<pycaret.clustering.oop.ClusteringExperiment object at 0x0000016CE79C2890>, estimator=Pipeline(memory=Memory(location=None),
         steps=[('numerical_imputer',
                 TransformerWrapper(include=[], transformer=SimpleImputer())),
                ('categorical_imputer',
                 TransformerWrapper(include=['age', 'edu_level', 'fav_animals',
                                             'fav_place', 'gender'],
                                    transformer=SimpleImputer(strategy='most_frequent'))),
                ('ordinal_encoding',
                 TransformerWrapper(include=['gender'],
                                    transfo...
                                                               mapping=[{'col': 'gender',
                                                                         'data_type': dtype('O'),
                                                                         'mapping': Kobieta      0
Mê¿czyzna    1
NaN         -1
dtype: int64}]))),
                ('onehot_encoding',
                 TransformerWrapper(include=['age', 'edu_level', 'fav_animals',
                                             'fav_place'],
                                    transformer=OneHotEncoder(cols=['age',
                                                                    'edu_level',
                                                                    'fav_animals',
                                                                    'fav_place'],
                                                              handle_missing='return_nan',
                                                              use_cat_names=True))),
                ('trained_model', KMeans(random_state=123))]), ml_usecase=None)
2025-02-04 10:52:39,595:INFO:Set up data.
2025-02-04 10:52:41,738:INFO:Initializing predict_model()
2025-02-04 10:52:41,738:INFO:predict_model(self=<pycaret.clustering.oop.ClusteringExperiment object at 0x0000016CE98C1C90>, estimator=Pipeline(memory=Memory(location=None),
         steps=[('numerical_imputer',
                 TransformerWrapper(include=[], transformer=SimpleImputer())),
                ('categorical_imputer',
                 TransformerWrapper(include=['age', 'edu_level', 'fav_animals',
                                             'fav_place', 'gender'],
                                    transformer=SimpleImputer(strategy='most_frequent'))),
                ('ordinal_encoding',
                 TransformerWrapper(include=['gender'],
                                    transfo...
                                                               mapping=[{'col': 'gender',
                                                                         'data_type': dtype('O'),
                                                                         'mapping': Kobieta      0
Mê¿czyzna    1
NaN         -1
dtype: int64}]))),
                ('onehot_encoding',
                 TransformerWrapper(include=['age', 'edu_level', 'fav_animals',
                                             'fav_place'],
                                    transformer=OneHotEncoder(cols=['age',
                                                                    'edu_level',
                                                                    'fav_animals',
                                                                    'fav_place'],
                                                              handle_missing='return_nan',
                                                              use_cat_names=True))),
                ('trained_model', KMeans(random_state=123))]), ml_usecase=None)
2025-02-04 10:52:41,738:INFO:Set up data.
2025-02-04 10:53:58,818:INFO:Initializing predict_model()
2025-02-04 10:53:58,818:INFO:predict_model(self=<pycaret.clustering.oop.ClusteringExperiment object at 0x0000016CE870F810>, estimator=Pipeline(memory=Memory(location=None),
         steps=[('numerical_imputer',
                 TransformerWrapper(include=[], transformer=SimpleImputer())),
                ('categorical_imputer',
                 TransformerWrapper(include=['age', 'edu_level', 'fav_animals',
                                             'fav_place', 'gender'],
                                    transformer=SimpleImputer(strategy='most_frequent'))),
                ('ordinal_encoding',
                 TransformerWrapper(include=['gender'],
                                    transfo...
                                                               mapping=[{'col': 'gender',
                                                                         'data_type': dtype('O'),
                                                                         'mapping': Kobieta      0
Mê¿czyzna    1
NaN         -1
dtype: int64}]))),
                ('onehot_encoding',
                 TransformerWrapper(include=['age', 'edu_level', 'fav_animals',
                                             'fav_place'],
                                    transformer=OneHotEncoder(cols=['age',
                                                                    'edu_level',
                                                                    'fav_animals',
                                                                    'fav_place'],
                                                              handle_missing='return_nan',
                                                              use_cat_names=True))),
                ('trained_model', KMeans(random_state=123))]), ml_usecase=None)
2025-02-04 10:53:58,818:INFO:Set up data.
2025-02-04 10:54:46,500:INFO:Initializing predict_model()
2025-02-04 10:54:46,500:INFO:predict_model(self=<pycaret.clustering.oop.ClusteringExperiment object at 0x0000016CE7E9E250>, estimator=Pipeline(memory=Memory(location=None),
         steps=[('numerical_imputer',
                 TransformerWrapper(include=[], transformer=SimpleImputer())),
                ('categorical_imputer',
                 TransformerWrapper(include=['age', 'edu_level', 'fav_animals',
                                             'fav_place', 'gender'],
                                    transformer=SimpleImputer(strategy='most_frequent'))),
                ('ordinal_encoding',
                 TransformerWrapper(include=['gender'],
                                    transfo...
                                                               mapping=[{'col': 'gender',
                                                                         'data_type': dtype('O'),
                                                                         'mapping': Kobieta      0
Mê¿czyzna    1
NaN         -1
dtype: int64}]))),
                ('onehot_encoding',
                 TransformerWrapper(include=['age', 'edu_level', 'fav_animals',
                                             'fav_place'],
                                    transformer=OneHotEncoder(cols=['age',
                                                                    'edu_level',
                                                                    'fav_animals',
                                                                    'fav_place'],
                                                              handle_missing='return_nan',
                                                              use_cat_names=True))),
                ('trained_model', KMeans(random_state=123))]), ml_usecase=None)
2025-02-04 10:54:46,501:INFO:Set up data.
2025-02-04 10:55:06,870:INFO:Initializing predict_model()
2025-02-04 10:55:06,870:INFO:predict_model(self=<pycaret.clustering.oop.ClusteringExperiment object at 0x0000016CE79B9610>, estimator=Pipeline(memory=Memory(location=None),
         steps=[('numerical_imputer',
                 TransformerWrapper(include=[], transformer=SimpleImputer())),
                ('categorical_imputer',
                 TransformerWrapper(include=['age', 'edu_level', 'fav_animals',
                                             'fav_place', 'gender'],
                                    transformer=SimpleImputer(strategy='most_frequent'))),
                ('ordinal_encoding',
                 TransformerWrapper(include=['gender'],
                                    transfo...
                                                               mapping=[{'col': 'gender',
                                                                         'data_type': dtype('O'),
                                                                         'mapping': Kobieta      0
Mê¿czyzna    1
NaN         -1
dtype: int64}]))),
                ('onehot_encoding',
                 TransformerWrapper(include=['age', 'edu_level', 'fav_animals',
                                             'fav_place'],
                                    transformer=OneHotEncoder(cols=['age',
                                                                    'edu_level',
                                                                    'fav_animals',
                                                                    'fav_place'],
                                                              handle_missing='return_nan',
                                                              use_cat_names=True))),
                ('trained_model', KMeans(random_state=123))]), ml_usecase=None)
2025-02-04 10:55:06,871:INFO:Set up data.
2025-02-04 10:55:16,289:INFO:Initializing predict_model()
2025-02-04 10:55:16,290:INFO:predict_model(self=<pycaret.clustering.oop.ClusteringExperiment object at 0x0000016CE8663750>, estimator=Pipeline(memory=Memory(location=None),
         steps=[('numerical_imputer',
                 TransformerWrapper(include=[], transformer=SimpleImputer())),
                ('categorical_imputer',
                 TransformerWrapper(include=['age', 'edu_level', 'fav_animals',
                                             'fav_place', 'gender'],
                                    transformer=SimpleImputer(strategy='most_frequent'))),
                ('ordinal_encoding',
                 TransformerWrapper(include=['gender'],
                                    transfo...
                                                               mapping=[{'col': 'gender',
                                                                         'data_type': dtype('O'),
                                                                         'mapping': Kobieta      0
Mê¿czyzna    1
NaN         -1
dtype: int64}]))),
                ('onehot_encoding',
                 TransformerWrapper(include=['age', 'edu_level', 'fav_animals',
                                             'fav_place'],
                                    transformer=OneHotEncoder(cols=['age',
                                                                    'edu_level',
                                                                    'fav_animals',
                                                                    'fav_place'],
                                                              handle_missing='return_nan',
                                                              use_cat_names=True))),
                ('trained_model', KMeans(random_state=123))]), ml_usecase=None)
2025-02-04 10:55:16,290:INFO:Set up data.
2025-02-04 10:55:18,988:INFO:Initializing predict_model()
2025-02-04 10:55:18,988:INFO:predict_model(self=<pycaret.clustering.oop.ClusteringExperiment object at 0x0000016CE858F910>, estimator=Pipeline(memory=Memory(location=None),
         steps=[('numerical_imputer',
                 TransformerWrapper(include=[], transformer=SimpleImputer())),
                ('categorical_imputer',
                 TransformerWrapper(include=['age', 'edu_level', 'fav_animals',
                                             'fav_place', 'gender'],
                                    transformer=SimpleImputer(strategy='most_frequent'))),
                ('ordinal_encoding',
                 TransformerWrapper(include=['gender'],
                                    transfo...
                                                               mapping=[{'col': 'gender',
                                                                         'data_type': dtype('O'),
                                                                         'mapping': Kobieta      0
Mê¿czyzna    1
NaN         -1
dtype: int64}]))),
                ('onehot_encoding',
                 TransformerWrapper(include=['age', 'edu_level', 'fav_animals',
                                             'fav_place'],
                                    transformer=OneHotEncoder(cols=['age',
                                                                    'edu_level',
                                                                    'fav_animals',
                                                                    'fav_place'],
                                                              handle_missing='return_nan',
                                                              use_cat_names=True))),
                ('trained_model', KMeans(random_state=123))]), ml_usecase=None)
2025-02-04 10:55:18,988:INFO:Set up data.
2025-02-04 10:56:10,410:INFO:Initializing predict_model()
2025-02-04 10:56:10,410:INFO:predict_model(self=<pycaret.clustering.oop.ClusteringExperiment object at 0x0000016CE7DDE710>, estimator=Pipeline(memory=Memory(location=None),
         steps=[('numerical_imputer',
                 TransformerWrapper(include=[], transformer=SimpleImputer())),
                ('categorical_imputer',
                 TransformerWrapper(include=['age', 'edu_level', 'fav_animals',
                                             'fav_place', 'gender'],
                                    transformer=SimpleImputer(strategy='most_frequent'))),
                ('ordinal_encoding',
                 TransformerWrapper(include=['gender'],
                                    transfo...
                                                               mapping=[{'col': 'gender',
                                                                         'data_type': dtype('O'),
                                                                         'mapping': Kobieta      0
Mê¿czyzna    1
NaN         -1
dtype: int64}]))),
                ('onehot_encoding',
                 TransformerWrapper(include=['age', 'edu_level', 'fav_animals',
                                             'fav_place'],
                                    transformer=OneHotEncoder(cols=['age',
                                                                    'edu_level',
                                                                    'fav_animals',
                                                                    'fav_place'],
                                                              handle_missing='return_nan',
                                                              use_cat_names=True))),
                ('trained_model', KMeans(random_state=123))]), ml_usecase=None)
2025-02-04 10:56:10,410:INFO:Set up data.
2025-02-04 10:56:14,830:INFO:Initializing predict_model()
2025-02-04 10:56:14,831:INFO:predict_model(self=<pycaret.clustering.oop.ClusteringExperiment object at 0x0000016CE79BAF10>, estimator=Pipeline(memory=Memory(location=None),
         steps=[('numerical_imputer',
                 TransformerWrapper(include=[], transformer=SimpleImputer())),
                ('categorical_imputer',
                 TransformerWrapper(include=['age', 'edu_level', 'fav_animals',
                                             'fav_place', 'gender'],
                                    transformer=SimpleImputer(strategy='most_frequent'))),
                ('ordinal_encoding',
                 TransformerWrapper(include=['gender'],
                                    transfo...
                                                               mapping=[{'col': 'gender',
                                                                         'data_type': dtype('O'),
                                                                         'mapping': Kobieta      0
Mê¿czyzna    1
NaN         -1
dtype: int64}]))),
                ('onehot_encoding',
                 TransformerWrapper(include=['age', 'edu_level', 'fav_animals',
                                             'fav_place'],
                                    transformer=OneHotEncoder(cols=['age',
                                                                    'edu_level',
                                                                    'fav_animals',
                                                                    'fav_place'],
                                                              handle_missing='return_nan',
                                                              use_cat_names=True))),
                ('trained_model', KMeans(random_state=123))]), ml_usecase=None)
2025-02-04 10:56:14,831:INFO:Set up data.
2025-02-04 10:56:16,321:INFO:Initializing predict_model()
2025-02-04 10:56:16,322:INFO:predict_model(self=<pycaret.clustering.oop.ClusteringExperiment object at 0x0000016CE7698990>, estimator=Pipeline(memory=Memory(location=None),
         steps=[('numerical_imputer',
                 TransformerWrapper(include=[], transformer=SimpleImputer())),
                ('categorical_imputer',
                 TransformerWrapper(include=['age', 'edu_level', 'fav_animals',
                                             'fav_place', 'gender'],
                                    transformer=SimpleImputer(strategy='most_frequent'))),
                ('ordinal_encoding',
                 TransformerWrapper(include=['gender'],
                                    transfo...
                                                               mapping=[{'col': 'gender',
                                                                         'data_type': dtype('O'),
                                                                         'mapping': Kobieta      0
Mê¿czyzna    1
NaN         -1
dtype: int64}]))),
                ('onehot_encoding',
                 TransformerWrapper(include=['age', 'edu_level', 'fav_animals',
                                             'fav_place'],
                                    transformer=OneHotEncoder(cols=['age',
                                                                    'edu_level',
                                                                    'fav_animals',
                                                                    'fav_place'],
                                                              handle_missing='return_nan',
                                                              use_cat_names=True))),
                ('trained_model', KMeans(random_state=123))]), ml_usecase=None)
2025-02-04 10:56:16,322:INFO:Set up data.
2025-02-04 10:56:50,119:INFO:Initializing predict_model()
2025-02-04 10:56:50,120:INFO:predict_model(self=<pycaret.clustering.oop.ClusteringExperiment object at 0x0000016CE8663890>, estimator=Pipeline(memory=Memory(location=None),
         steps=[('numerical_imputer',
                 TransformerWrapper(include=[], transformer=SimpleImputer())),
                ('categorical_imputer',
                 TransformerWrapper(include=['age', 'edu_level', 'fav_animals',
                                             'fav_place', 'gender'],
                                    transformer=SimpleImputer(strategy='most_frequent'))),
                ('ordinal_encoding',
                 TransformerWrapper(include=['gender'],
                                    transfo...
                                                               mapping=[{'col': 'gender',
                                                                         'data_type': dtype('O'),
                                                                         'mapping': Kobieta      0
Mê¿czyzna    1
NaN         -1
dtype: int64}]))),
                ('onehot_encoding',
                 TransformerWrapper(include=['age', 'edu_level', 'fav_animals',
                                             'fav_place'],
                                    transformer=OneHotEncoder(cols=['age',
                                                                    'edu_level',
                                                                    'fav_animals',
                                                                    'fav_place'],
                                                              handle_missing='return_nan',
                                                              use_cat_names=True))),
                ('trained_model', KMeans(random_state=123))]), ml_usecase=None)
2025-02-04 10:56:50,120:INFO:Set up data.
2025-02-04 10:57:22,078:INFO:Initializing predict_model()
2025-02-04 10:57:22,079:INFO:predict_model(self=<pycaret.clustering.oop.ClusteringExperiment object at 0x0000016CE86703D0>, estimator=Pipeline(memory=Memory(location=None),
         steps=[('numerical_imputer',
                 TransformerWrapper(include=[], transformer=SimpleImputer())),
                ('categorical_imputer',
                 TransformerWrapper(include=['age', 'edu_level', 'fav_animals',
                                             'fav_place', 'gender'],
                                    transformer=SimpleImputer(strategy='most_frequent'))),
                ('ordinal_encoding',
                 TransformerWrapper(include=['gender'],
                                    transfo...
                                                               mapping=[{'col': 'gender',
                                                                         'data_type': dtype('O'),
                                                                         'mapping': Kobieta      0
Mê¿czyzna    1
NaN         -1
dtype: int64}]))),
                ('onehot_encoding',
                 TransformerWrapper(include=['age', 'edu_level', 'fav_animals',
                                             'fav_place'],
                                    transformer=OneHotEncoder(cols=['age',
                                                                    'edu_level',
                                                                    'fav_animals',
                                                                    'fav_place'],
                                                              handle_missing='return_nan',
                                                              use_cat_names=True))),
                ('trained_model', KMeans(random_state=123))]), ml_usecase=None)
2025-02-04 10:57:22,079:INFO:Set up data.
2025-02-04 10:57:28,215:INFO:Initializing predict_model()
2025-02-04 10:57:28,215:INFO:predict_model(self=<pycaret.clustering.oop.ClusteringExperiment object at 0x0000016CE8670650>, estimator=Pipeline(memory=Memory(location=None),
         steps=[('numerical_imputer',
                 TransformerWrapper(include=[], transformer=SimpleImputer())),
                ('categorical_imputer',
                 TransformerWrapper(include=['age', 'edu_level', 'fav_animals',
                                             'fav_place', 'gender'],
                                    transformer=SimpleImputer(strategy='most_frequent'))),
                ('ordinal_encoding',
                 TransformerWrapper(include=['gender'],
                                    transfo...
                                                               mapping=[{'col': 'gender',
                                                                         'data_type': dtype('O'),
                                                                         'mapping': Kobieta      0
Mê¿czyzna    1
NaN         -1
dtype: int64}]))),
                ('onehot_encoding',
                 TransformerWrapper(include=['age', 'edu_level', 'fav_animals',
                                             'fav_place'],
                                    transformer=OneHotEncoder(cols=['age',
                                                                    'edu_level',
                                                                    'fav_animals',
                                                                    'fav_place'],
                                                              handle_missing='return_nan',
                                                              use_cat_names=True))),
                ('trained_model', KMeans(random_state=123))]), ml_usecase=None)
2025-02-04 10:57:28,215:INFO:Set up data.
2025-02-04 10:57:32,387:INFO:Initializing predict_model()
2025-02-04 10:57:32,387:INFO:predict_model(self=<pycaret.clustering.oop.ClusteringExperiment object at 0x0000016CE87F9890>, estimator=Pipeline(memory=Memory(location=None),
         steps=[('numerical_imputer',
                 TransformerWrapper(include=[], transformer=SimpleImputer())),
                ('categorical_imputer',
                 TransformerWrapper(include=['age', 'edu_level', 'fav_animals',
                                             'fav_place', 'gender'],
                                    transformer=SimpleImputer(strategy='most_frequent'))),
                ('ordinal_encoding',
                 TransformerWrapper(include=['gender'],
                                    transfo...
                                                               mapping=[{'col': 'gender',
                                                                         'data_type': dtype('O'),
                                                                         'mapping': Kobieta      0
Mê¿czyzna    1
NaN         -1
dtype: int64}]))),
                ('onehot_encoding',
                 TransformerWrapper(include=['age', 'edu_level', 'fav_animals',
                                             'fav_place'],
                                    transformer=OneHotEncoder(cols=['age',
                                                                    'edu_level',
                                                                    'fav_animals',
                                                                    'fav_place'],
                                                              handle_missing='return_nan',
                                                              use_cat_names=True))),
                ('trained_model', KMeans(random_state=123))]), ml_usecase=None)
2025-02-04 10:57:32,388:INFO:Set up data.
2025-02-04 10:57:34,552:INFO:Initializing predict_model()
2025-02-04 10:57:34,552:INFO:predict_model(self=<pycaret.clustering.oop.ClusteringExperiment object at 0x0000016CE98C0750>, estimator=Pipeline(memory=Memory(location=None),
         steps=[('numerical_imputer',
                 TransformerWrapper(include=[], transformer=SimpleImputer())),
                ('categorical_imputer',
                 TransformerWrapper(include=['age', 'edu_level', 'fav_animals',
                                             'fav_place', 'gender'],
                                    transformer=SimpleImputer(strategy='most_frequent'))),
                ('ordinal_encoding',
                 TransformerWrapper(include=['gender'],
                                    transfo...
                                                               mapping=[{'col': 'gender',
                                                                         'data_type': dtype('O'),
                                                                         'mapping': Kobieta      0
Mê¿czyzna    1
NaN         -1
dtype: int64}]))),
                ('onehot_encoding',
                 TransformerWrapper(include=['age', 'edu_level', 'fav_animals',
                                             'fav_place'],
                                    transformer=OneHotEncoder(cols=['age',
                                                                    'edu_level',
                                                                    'fav_animals',
                                                                    'fav_place'],
                                                              handle_missing='return_nan',
                                                              use_cat_names=True))),
                ('trained_model', KMeans(random_state=123))]), ml_usecase=None)
2025-02-04 10:57:34,554:INFO:Set up data.
2025-02-04 10:57:51,590:INFO:Initializing predict_model()
2025-02-04 10:57:51,590:INFO:predict_model(self=<pycaret.clustering.oop.ClusteringExperiment object at 0x0000016CE7D95C90>, estimator=Pipeline(memory=Memory(location=None),
         steps=[('numerical_imputer',
                 TransformerWrapper(include=[], transformer=SimpleImputer())),
                ('categorical_imputer',
                 TransformerWrapper(include=['age', 'edu_level', 'fav_animals',
                                             'fav_place', 'gender'],
                                    transformer=SimpleImputer(strategy='most_frequent'))),
                ('ordinal_encoding',
                 TransformerWrapper(include=['gender'],
                                    transfo...
                                                               mapping=[{'col': 'gender',
                                                                         'data_type': dtype('O'),
                                                                         'mapping': Kobieta      0
Mê¿czyzna    1
NaN         -1
dtype: int64}]))),
                ('onehot_encoding',
                 TransformerWrapper(include=['age', 'edu_level', 'fav_animals',
                                             'fav_place'],
                                    transformer=OneHotEncoder(cols=['age',
                                                                    'edu_level',
                                                                    'fav_animals',
                                                                    'fav_place'],
                                                              handle_missing='return_nan',
                                                              use_cat_names=True))),
                ('trained_model', KMeans(random_state=123))]), ml_usecase=None)
2025-02-04 10:57:51,591:INFO:Set up data.
2025-02-04 10:57:53,209:INFO:Initializing predict_model()
2025-02-04 10:57:53,209:INFO:predict_model(self=<pycaret.clustering.oop.ClusteringExperiment object at 0x0000016CDD5BDE10>, estimator=Pipeline(memory=Memory(location=None),
         steps=[('numerical_imputer',
                 TransformerWrapper(include=[], transformer=SimpleImputer())),
                ('categorical_imputer',
                 TransformerWrapper(include=['age', 'edu_level', 'fav_animals',
                                             'fav_place', 'gender'],
                                    transformer=SimpleImputer(strategy='most_frequent'))),
                ('ordinal_encoding',
                 TransformerWrapper(include=['gender'],
                                    transfo...
                                                               mapping=[{'col': 'gender',
                                                                         'data_type': dtype('O'),
                                                                         'mapping': Kobieta      0
Mê¿czyzna    1
NaN         -1
dtype: int64}]))),
                ('onehot_encoding',
                 TransformerWrapper(include=['age', 'edu_level', 'fav_animals',
                                             'fav_place'],
                                    transformer=OneHotEncoder(cols=['age',
                                                                    'edu_level',
                                                                    'fav_animals',
                                                                    'fav_place'],
                                                              handle_missing='return_nan',
                                                              use_cat_names=True))),
                ('trained_model', KMeans(random_state=123))]), ml_usecase=None)
2025-02-04 10:57:53,209:INFO:Set up data.
2025-02-04 11:04:30,827:INFO:Initializing predict_model()
2025-02-04 11:04:30,827:INFO:predict_model(self=<pycaret.clustering.oop.ClusteringExperiment object at 0x0000016CE9886010>, estimator=Pipeline(memory=Memory(location=None),
         steps=[('numerical_imputer',
                 TransformerWrapper(include=[], transformer=SimpleImputer())),
                ('categorical_imputer',
                 TransformerWrapper(include=['age', 'edu_level', 'fav_animals',
                                             'fav_place', 'gender'],
                                    transformer=SimpleImputer(strategy='most_frequent'))),
                ('ordinal_encoding',
                 TransformerWrapper(include=['gender'],
                                    transfo...
                                                               mapping=[{'col': 'gender',
                                                                         'data_type': dtype('O'),
                                                                         'mapping': Kobieta      0
Mê¿czyzna    1
NaN         -1
dtype: int64}]))),
                ('onehot_encoding',
                 TransformerWrapper(include=['age', 'edu_level', 'fav_animals',
                                             'fav_place'],
                                    transformer=OneHotEncoder(cols=['age',
                                                                    'edu_level',
                                                                    'fav_animals',
                                                                    'fav_place'],
                                                              handle_missing='return_nan',
                                                              use_cat_names=True))),
                ('trained_model', KMeans(random_state=123))]), ml_usecase=None)
2025-02-04 11:04:30,828:INFO:Set up data.
2025-02-04 11:05:03,626:INFO:Initializing predict_model()
2025-02-04 11:05:03,626:INFO:predict_model(self=<pycaret.clustering.oop.ClusteringExperiment object at 0x0000016CE79BDB10>, estimator=Pipeline(memory=Memory(location=None),
         steps=[('numerical_imputer',
                 TransformerWrapper(include=[], transformer=SimpleImputer())),
                ('categorical_imputer',
                 TransformerWrapper(include=['age', 'edu_level', 'fav_animals',
                                             'fav_place', 'gender'],
                                    transformer=SimpleImputer(strategy='most_frequent'))),
                ('ordinal_encoding',
                 TransformerWrapper(include=['gender'],
                                    transfo...
                                                               mapping=[{'col': 'gender',
                                                                         'data_type': dtype('O'),
                                                                         'mapping': Kobieta      0
Mê¿czyzna    1
NaN         -1
dtype: int64}]))),
                ('onehot_encoding',
                 TransformerWrapper(include=['age', 'edu_level', 'fav_animals',
                                             'fav_place'],
                                    transformer=OneHotEncoder(cols=['age',
                                                                    'edu_level',
                                                                    'fav_animals',
                                                                    'fav_place'],
                                                              handle_missing='return_nan',
                                                              use_cat_names=True))),
                ('trained_model', KMeans(random_state=123))]), ml_usecase=None)
2025-02-04 11:05:03,627:INFO:Set up data.
2025-02-04 11:05:59,589:INFO:Initializing predict_model()
2025-02-04 11:05:59,589:INFO:predict_model(self=<pycaret.clustering.oop.ClusteringExperiment object at 0x0000016CE870D0D0>, estimator=Pipeline(memory=Memory(location=None),
         steps=[('numerical_imputer',
                 TransformerWrapper(include=[], transformer=SimpleImputer())),
                ('categorical_imputer',
                 TransformerWrapper(include=['age', 'edu_level', 'fav_animals',
                                             'fav_place', 'gender'],
                                    transformer=SimpleImputer(strategy='most_frequent'))),
                ('ordinal_encoding',
                 TransformerWrapper(include=['gender'],
                                    transfo...
                                                               mapping=[{'col': 'gender',
                                                                         'data_type': dtype('O'),
                                                                         'mapping': Kobieta      0
Mê¿czyzna    1
NaN         -1
dtype: int64}]))),
                ('onehot_encoding',
                 TransformerWrapper(include=['age', 'edu_level', 'fav_animals',
                                             'fav_place'],
                                    transformer=OneHotEncoder(cols=['age',
                                                                    'edu_level',
                                                                    'fav_animals',
                                                                    'fav_place'],
                                                              handle_missing='return_nan',
                                                              use_cat_names=True))),
                ('trained_model', KMeans(random_state=123))]), ml_usecase=None)
2025-02-04 11:05:59,589:INFO:Set up data.
2025-02-04 11:06:10,580:INFO:Initializing predict_model()
2025-02-04 11:06:10,580:INFO:predict_model(self=<pycaret.clustering.oop.ClusteringExperiment object at 0x0000016CE87C25D0>, estimator=Pipeline(memory=Memory(location=None),
         steps=[('numerical_imputer',
                 TransformerWrapper(include=[], transformer=SimpleImputer())),
                ('categorical_imputer',
                 TransformerWrapper(include=['age', 'edu_level', 'fav_animals',
                                             'fav_place', 'gender'],
                                    transformer=SimpleImputer(strategy='most_frequent'))),
                ('ordinal_encoding',
                 TransformerWrapper(include=['gender'],
                                    transfo...
                                                               mapping=[{'col': 'gender',
                                                                         'data_type': dtype('O'),
                                                                         'mapping': Kobieta      0
Mê¿czyzna    1
NaN         -1
dtype: int64}]))),
                ('onehot_encoding',
                 TransformerWrapper(include=['age', 'edu_level', 'fav_animals',
                                             'fav_place'],
                                    transformer=OneHotEncoder(cols=['age',
                                                                    'edu_level',
                                                                    'fav_animals',
                                                                    'fav_place'],
                                                              handle_missing='return_nan',
                                                              use_cat_names=True))),
                ('trained_model', KMeans(random_state=123))]), ml_usecase=None)
2025-02-04 11:06:10,580:INFO:Set up data.
2025-02-04 11:06:15,686:INFO:Initializing predict_model()
2025-02-04 11:06:15,686:INFO:predict_model(self=<pycaret.clustering.oop.ClusteringExperiment object at 0x0000016CE79A6D50>, estimator=Pipeline(memory=Memory(location=None),
         steps=[('numerical_imputer',
                 TransformerWrapper(include=[], transformer=SimpleImputer())),
                ('categorical_imputer',
                 TransformerWrapper(include=['age', 'edu_level', 'fav_animals',
                                             'fav_place', 'gender'],
                                    transformer=SimpleImputer(strategy='most_frequent'))),
                ('ordinal_encoding',
                 TransformerWrapper(include=['gender'],
                                    transfo...
                                                               mapping=[{'col': 'gender',
                                                                         'data_type': dtype('O'),
                                                                         'mapping': Kobieta      0
Mê¿czyzna    1
NaN         -1
dtype: int64}]))),
                ('onehot_encoding',
                 TransformerWrapper(include=['age', 'edu_level', 'fav_animals',
                                             'fav_place'],
                                    transformer=OneHotEncoder(cols=['age',
                                                                    'edu_level',
                                                                    'fav_animals',
                                                                    'fav_place'],
                                                              handle_missing='return_nan',
                                                              use_cat_names=True))),
                ('trained_model', KMeans(random_state=123))]), ml_usecase=None)
2025-02-04 11:06:15,686:INFO:Set up data.
2025-02-04 11:06:21,398:INFO:Initializing predict_model()
2025-02-04 11:06:21,398:INFO:predict_model(self=<pycaret.clustering.oop.ClusteringExperiment object at 0x0000016CE870E090>, estimator=Pipeline(memory=Memory(location=None),
         steps=[('numerical_imputer',
                 TransformerWrapper(include=[], transformer=SimpleImputer())),
                ('categorical_imputer',
                 TransformerWrapper(include=['age', 'edu_level', 'fav_animals',
                                             'fav_place', 'gender'],
                                    transformer=SimpleImputer(strategy='most_frequent'))),
                ('ordinal_encoding',
                 TransformerWrapper(include=['gender'],
                                    transfo...
                                                               mapping=[{'col': 'gender',
                                                                         'data_type': dtype('O'),
                                                                         'mapping': Kobieta      0
Mê¿czyzna    1
NaN         -1
dtype: int64}]))),
                ('onehot_encoding',
                 TransformerWrapper(include=['age', 'edu_level', 'fav_animals',
                                             'fav_place'],
                                    transformer=OneHotEncoder(cols=['age',
                                                                    'edu_level',
                                                                    'fav_animals',
                                                                    'fav_place'],
                                                              handle_missing='return_nan',
                                                              use_cat_names=True))),
                ('trained_model', KMeans(random_state=123))]), ml_usecase=None)
2025-02-04 11:06:21,399:INFO:Set up data.
2025-02-04 11:13:16,435:INFO:Initializing predict_model()
2025-02-04 11:13:16,435:INFO:predict_model(self=<pycaret.clustering.oop.ClusteringExperiment object at 0x0000016CE7E9E150>, estimator=Pipeline(memory=Memory(location=None),
         steps=[('numerical_imputer',
                 TransformerWrapper(include=[], transformer=SimpleImputer())),
                ('categorical_imputer',
                 TransformerWrapper(include=['age', 'edu_level', 'fav_animals',
                                             'fav_place', 'gender'],
                                    transformer=SimpleImputer(strategy='most_frequent'))),
                ('ordinal_encoding',
                 TransformerWrapper(include=['gender'],
                                    transfo...
                                                               mapping=[{'col': 'gender',
                                                                         'data_type': dtype('O'),
                                                                         'mapping': Kobieta      0
Mê¿czyzna    1
NaN         -1
dtype: int64}]))),
                ('onehot_encoding',
                 TransformerWrapper(include=['age', 'edu_level', 'fav_animals',
                                             'fav_place'],
                                    transformer=OneHotEncoder(cols=['age',
                                                                    'edu_level',
                                                                    'fav_animals',
                                                                    'fav_place'],
                                                              handle_missing='return_nan',
                                                              use_cat_names=True))),
                ('trained_model', KMeans(random_state=123))]), ml_usecase=None)
2025-02-04 11:13:16,435:INFO:Set up data.
2025-02-04 11:14:41,603:INFO:Initializing predict_model()
2025-02-04 11:14:41,604:INFO:predict_model(self=<pycaret.clustering.oop.ClusteringExperiment object at 0x0000016CE8825E10>, estimator=Pipeline(memory=Memory(location=None),
         steps=[('numerical_imputer',
                 TransformerWrapper(include=[], transformer=SimpleImputer())),
                ('categorical_imputer',
                 TransformerWrapper(include=['age', 'edu_level', 'fav_animals',
                                             'fav_place', 'gender'],
                                    transformer=SimpleImputer(strategy='most_frequent'))),
                ('ordinal_encoding',
                 TransformerWrapper(include=['gender'],
                                    transfo...
                                                               mapping=[{'col': 'gender',
                                                                         'data_type': dtype('O'),
                                                                         'mapping': Kobieta      0
Mê¿czyzna    1
NaN         -1
dtype: int64}]))),
                ('onehot_encoding',
                 TransformerWrapper(include=['age', 'edu_level', 'fav_animals',
                                             'fav_place'],
                                    transformer=OneHotEncoder(cols=['age',
                                                                    'edu_level',
                                                                    'fav_animals',
                                                                    'fav_place'],
                                                              handle_missing='return_nan',
                                                              use_cat_names=True))),
                ('trained_model', KMeans(random_state=123))]), ml_usecase=None)
2025-02-04 11:14:41,604:INFO:Set up data.
2025-02-04 11:15:44,629:INFO:Initializing predict_model()
2025-02-04 11:15:44,629:INFO:predict_model(self=<pycaret.clustering.oop.ClusteringExperiment object at 0x0000016CE86C1E10>, estimator=Pipeline(memory=Memory(location=None),
         steps=[('numerical_imputer',
                 TransformerWrapper(include=[], transformer=SimpleImputer())),
                ('categorical_imputer',
                 TransformerWrapper(include=['age', 'edu_level', 'fav_animals',
                                             'fav_place', 'gender'],
                                    transformer=SimpleImputer(strategy='most_frequent'))),
                ('ordinal_encoding',
                 TransformerWrapper(include=['gender'],
                                    transfo...
                                                               mapping=[{'col': 'gender',
                                                                         'data_type': dtype('O'),
                                                                         'mapping': Kobieta      0
Mê¿czyzna    1
NaN         -1
dtype: int64}]))),
                ('onehot_encoding',
                 TransformerWrapper(include=['age', 'edu_level', 'fav_animals',
                                             'fav_place'],
                                    transformer=OneHotEncoder(cols=['age',
                                                                    'edu_level',
                                                                    'fav_animals',
                                                                    'fav_place'],
                                                              handle_missing='return_nan',
                                                              use_cat_names=True))),
                ('trained_model', KMeans(random_state=123))]), ml_usecase=None)
2025-02-04 11:15:44,629:INFO:Set up data.
2025-02-04 11:15:59,381:INFO:Initializing predict_model()
2025-02-04 11:15:59,381:INFO:predict_model(self=<pycaret.clustering.oop.ClusteringExperiment object at 0x0000016CE7698910>, estimator=Pipeline(memory=Memory(location=None),
         steps=[('numerical_imputer',
                 TransformerWrapper(include=[], transformer=SimpleImputer())),
                ('categorical_imputer',
                 TransformerWrapper(include=['age', 'edu_level', 'fav_animals',
                                             'fav_place', 'gender'],
                                    transformer=SimpleImputer(strategy='most_frequent'))),
                ('ordinal_encoding',
                 TransformerWrapper(include=['gender'],
                                    transfo...
                                                               mapping=[{'col': 'gender',
                                                                         'data_type': dtype('O'),
                                                                         'mapping': Kobieta      0
Mê¿czyzna    1
NaN         -1
dtype: int64}]))),
                ('onehot_encoding',
                 TransformerWrapper(include=['age', 'edu_level', 'fav_animals',
                                             'fav_place'],
                                    transformer=OneHotEncoder(cols=['age',
                                                                    'edu_level',
                                                                    'fav_animals',
                                                                    'fav_place'],
                                                              handle_missing='return_nan',
                                                              use_cat_names=True))),
                ('trained_model', KMeans(random_state=123))]), ml_usecase=None)
2025-02-04 11:15:59,382:INFO:Set up data.
2025-02-04 11:19:00,531:INFO:Initializing predict_model()
2025-02-04 11:19:00,531:INFO:predict_model(self=<pycaret.clustering.oop.ClusteringExperiment object at 0x0000016CE79BA850>, estimator=Pipeline(memory=Memory(location=None),
         steps=[('numerical_imputer',
                 TransformerWrapper(include=[], transformer=SimpleImputer())),
                ('categorical_imputer',
                 TransformerWrapper(include=['age', 'edu_level', 'fav_animals',
                                             'fav_place', 'gender'],
                                    transformer=SimpleImputer(strategy='most_frequent'))),
                ('ordinal_encoding',
                 TransformerWrapper(include=['gender'],
                                    transfo...
                                                               mapping=[{'col': 'gender',
                                                                         'data_type': dtype('O'),
                                                                         'mapping': Kobieta      0
Mê¿czyzna    1
NaN         -1
dtype: int64}]))),
                ('onehot_encoding',
                 TransformerWrapper(include=['age', 'edu_level', 'fav_animals',
                                             'fav_place'],
                                    transformer=OneHotEncoder(cols=['age',
                                                                    'edu_level',
                                                                    'fav_animals',
                                                                    'fav_place'],
                                                              handle_missing='return_nan',
                                                              use_cat_names=True))),
                ('trained_model', KMeans(random_state=123))]), ml_usecase=None)
2025-02-04 11:19:00,531:INFO:Set up data.
2025-02-04 11:19:05,371:INFO:Initializing predict_model()
2025-02-04 11:19:05,371:INFO:predict_model(self=<pycaret.clustering.oop.ClusteringExperiment object at 0x0000016CE7E49050>, estimator=Pipeline(memory=Memory(location=None),
         steps=[('numerical_imputer',
                 TransformerWrapper(include=[], transformer=SimpleImputer())),
                ('categorical_imputer',
                 TransformerWrapper(include=['age', 'edu_level', 'fav_animals',
                                             'fav_place', 'gender'],
                                    transformer=SimpleImputer(strategy='most_frequent'))),
                ('ordinal_encoding',
                 TransformerWrapper(include=['gender'],
                                    transfo...
                                                               mapping=[{'col': 'gender',
                                                                         'data_type': dtype('O'),
                                                                         'mapping': Kobieta      0
Mê¿czyzna    1
NaN         -1
dtype: int64}]))),
                ('onehot_encoding',
                 TransformerWrapper(include=['age', 'edu_level', 'fav_animals',
                                             'fav_place'],
                                    transformer=OneHotEncoder(cols=['age',
                                                                    'edu_level',
                                                                    'fav_animals',
                                                                    'fav_place'],
                                                              handle_missing='return_nan',
                                                              use_cat_names=True))),
                ('trained_model', KMeans(random_state=123))]), ml_usecase=None)
2025-02-04 11:19:05,371:INFO:Set up data.
2025-02-04 11:20:39,588:INFO:Initializing predict_model()
2025-02-04 11:20:39,588:INFO:predict_model(self=<pycaret.clustering.oop.ClusteringExperiment object at 0x0000016CDD5817D0>, estimator=Pipeline(memory=Memory(location=None),
         steps=[('numerical_imputer',
                 TransformerWrapper(include=[], transformer=SimpleImputer())),
                ('categorical_imputer',
                 TransformerWrapper(include=['age', 'edu_level', 'fav_animals',
                                             'fav_place', 'gender'],
                                    transformer=SimpleImputer(strategy='most_frequent'))),
                ('ordinal_encoding',
                 TransformerWrapper(include=['gender'],
                                    transfo...
                                                               mapping=[{'col': 'gender',
                                                                         'data_type': dtype('O'),
                                                                         'mapping': Kobieta      0
Mê¿czyzna    1
NaN         -1
dtype: int64}]))),
                ('onehot_encoding',
                 TransformerWrapper(include=['age', 'edu_level', 'fav_animals',
                                             'fav_place'],
                                    transformer=OneHotEncoder(cols=['age',
                                                                    'edu_level',
                                                                    'fav_animals',
                                                                    'fav_place'],
                                                              handle_missing='return_nan',
                                                              use_cat_names=True))),
                ('trained_model', KMeans(random_state=123))]), ml_usecase=None)
2025-02-04 11:20:39,589:INFO:Set up data.
2025-02-04 11:30:52,401:INFO:Initializing predict_model()
2025-02-04 11:30:52,401:INFO:predict_model(self=<pycaret.clustering.oop.ClusteringExperiment object at 0x0000016CE9886910>, estimator=Pipeline(memory=Memory(location=None),
         steps=[('numerical_imputer',
                 TransformerWrapper(include=[], transformer=SimpleImputer())),
                ('categorical_imputer',
                 TransformerWrapper(include=['age', 'edu_level', 'fav_animals',
                                             'fav_place', 'gender'],
                                    transformer=SimpleImputer(strategy='most_frequent'))),
                ('ordinal_encoding',
                 TransformerWrapper(include=['gender'],
                                    transfo...
                                                               mapping=[{'col': 'gender',
                                                                         'data_type': dtype('O'),
                                                                         'mapping': Kobieta      0
Mê¿czyzna    1
NaN         -1
dtype: int64}]))),
                ('onehot_encoding',
                 TransformerWrapper(include=['age', 'edu_level', 'fav_animals',
                                             'fav_place'],
                                    transformer=OneHotEncoder(cols=['age',
                                                                    'edu_level',
                                                                    'fav_animals',
                                                                    'fav_place'],
                                                              handle_missing='return_nan',
                                                              use_cat_names=True))),
                ('trained_model', KMeans(random_state=123))]), ml_usecase=None)
2025-02-04 11:30:52,402:INFO:Set up data.
2025-02-04 11:30:54,759:INFO:Initializing predict_model()
2025-02-04 11:30:54,759:INFO:predict_model(self=<pycaret.clustering.oop.ClusteringExperiment object at 0x0000016CE860A550>, estimator=Pipeline(memory=Memory(location=None),
         steps=[('numerical_imputer',
                 TransformerWrapper(include=[], transformer=SimpleImputer())),
                ('categorical_imputer',
                 TransformerWrapper(include=['age', 'edu_level', 'fav_animals',
                                             'fav_place', 'gender'],
                                    transformer=SimpleImputer(strategy='most_frequent'))),
                ('ordinal_encoding',
                 TransformerWrapper(include=['gender'],
                                    transfo...
                                                               mapping=[{'col': 'gender',
                                                                         'data_type': dtype('O'),
                                                                         'mapping': Kobieta      0
Mê¿czyzna    1
NaN         -1
dtype: int64}]))),
                ('onehot_encoding',
                 TransformerWrapper(include=['age', 'edu_level', 'fav_animals',
                                             'fav_place'],
                                    transformer=OneHotEncoder(cols=['age',
                                                                    'edu_level',
                                                                    'fav_animals',
                                                                    'fav_place'],
                                                              handle_missing='return_nan',
                                                              use_cat_names=True))),
                ('trained_model', KMeans(random_state=123))]), ml_usecase=None)
2025-02-04 11:30:54,760:INFO:Set up data.
2025-02-04 11:30:58,255:INFO:Initializing predict_model()
2025-02-04 11:30:58,255:INFO:predict_model(self=<pycaret.clustering.oop.ClusteringExperiment object at 0x0000016CE049F5D0>, estimator=Pipeline(memory=Memory(location=None),
         steps=[('numerical_imputer',
                 TransformerWrapper(include=[], transformer=SimpleImputer())),
                ('categorical_imputer',
                 TransformerWrapper(include=['age', 'edu_level', 'fav_animals',
                                             'fav_place', 'gender'],
                                    transformer=SimpleImputer(strategy='most_frequent'))),
                ('ordinal_encoding',
                 TransformerWrapper(include=['gender'],
                                    transfo...
                                                               mapping=[{'col': 'gender',
                                                                         'data_type': dtype('O'),
                                                                         'mapping': Kobieta      0
Mê¿czyzna    1
NaN         -1
dtype: int64}]))),
                ('onehot_encoding',
                 TransformerWrapper(include=['age', 'edu_level', 'fav_animals',
                                             'fav_place'],
                                    transformer=OneHotEncoder(cols=['age',
                                                                    'edu_level',
                                                                    'fav_animals',
                                                                    'fav_place'],
                                                              handle_missing='return_nan',
                                                              use_cat_names=True))),
                ('trained_model', KMeans(random_state=123))]), ml_usecase=None)
2025-02-04 11:30:58,256:INFO:Set up data.
2025-02-04 11:32:02,504:INFO:Initializing predict_model()
2025-02-04 11:32:02,504:INFO:predict_model(self=<pycaret.clustering.oop.ClusteringExperiment object at 0x0000016CE7B9D9D0>, estimator=Pipeline(memory=Memory(location=None),
         steps=[('numerical_imputer',
                 TransformerWrapper(include=[], transformer=SimpleImputer())),
                ('categorical_imputer',
                 TransformerWrapper(include=['age', 'edu_level', 'fav_animals',
                                             'fav_place', 'gender'],
                                    transformer=SimpleImputer(strategy='most_frequent'))),
                ('ordinal_encoding',
                 TransformerWrapper(include=['gender'],
                                    transfo...
                                                               mapping=[{'col': 'gender',
                                                                         'data_type': dtype('O'),
                                                                         'mapping': Kobieta      0
Mê¿czyzna    1
NaN         -1
dtype: int64}]))),
                ('onehot_encoding',
                 TransformerWrapper(include=['age', 'edu_level', 'fav_animals',
                                             'fav_place'],
                                    transformer=OneHotEncoder(cols=['age',
                                                                    'edu_level',
                                                                    'fav_animals',
                                                                    'fav_place'],
                                                              handle_missing='return_nan',
                                                              use_cat_names=True))),
                ('trained_model', KMeans(random_state=123))]), ml_usecase=None)
2025-02-04 11:32:02,504:INFO:Set up data.
2025-02-04 11:32:45,590:INFO:Initializing predict_model()
2025-02-04 11:32:45,591:INFO:predict_model(self=<pycaret.clustering.oop.ClusteringExperiment object at 0x0000016CE7698B50>, estimator=Pipeline(memory=Memory(location=None),
         steps=[('numerical_imputer',
                 TransformerWrapper(include=[], transformer=SimpleImputer())),
                ('categorical_imputer',
                 TransformerWrapper(include=['age', 'edu_level', 'fav_animals',
                                             'fav_place', 'gender'],
                                    transformer=SimpleImputer(strategy='most_frequent'))),
                ('ordinal_encoding',
                 TransformerWrapper(include=['gender'],
                                    transfo...
                                                               mapping=[{'col': 'gender',
                                                                         'data_type': dtype('O'),
                                                                         'mapping': Kobieta      0
Mê¿czyzna    1
NaN         -1
dtype: int64}]))),
                ('onehot_encoding',
                 TransformerWrapper(include=['age', 'edu_level', 'fav_animals',
                                             'fav_place'],
                                    transformer=OneHotEncoder(cols=['age',
                                                                    'edu_level',
                                                                    'fav_animals',
                                                                    'fav_place'],
                                                              handle_missing='return_nan',
                                                              use_cat_names=True))),
                ('trained_model', KMeans(random_state=123))]), ml_usecase=None)
2025-02-04 11:32:45,591:INFO:Set up data.
2025-02-04 11:32:47,704:INFO:Initializing predict_model()
2025-02-04 11:32:47,704:INFO:predict_model(self=<pycaret.clustering.oop.ClusteringExperiment object at 0x0000016CE99A4450>, estimator=Pipeline(memory=Memory(location=None),
         steps=[('numerical_imputer',
                 TransformerWrapper(include=[], transformer=SimpleImputer())),
                ('categorical_imputer',
                 TransformerWrapper(include=['age', 'edu_level', 'fav_animals',
                                             'fav_place', 'gender'],
                                    transformer=SimpleImputer(strategy='most_frequent'))),
                ('ordinal_encoding',
                 TransformerWrapper(include=['gender'],
                                    transfo...
                                                               mapping=[{'col': 'gender',
                                                                         'data_type': dtype('O'),
                                                                         'mapping': Kobieta      0
Mê¿czyzna    1
NaN         -1
dtype: int64}]))),
                ('onehot_encoding',
                 TransformerWrapper(include=['age', 'edu_level', 'fav_animals',
                                             'fav_place'],
                                    transformer=OneHotEncoder(cols=['age',
                                                                    'edu_level',
                                                                    'fav_animals',
                                                                    'fav_place'],
                                                              handle_missing='return_nan',
                                                              use_cat_names=True))),
                ('trained_model', KMeans(random_state=123))]), ml_usecase=None)
2025-02-04 11:32:47,704:INFO:Set up data.
2025-02-04 11:33:47,653:INFO:Initializing predict_model()
2025-02-04 11:33:47,654:INFO:predict_model(self=<pycaret.clustering.oop.ClusteringExperiment object at 0x0000016CE8670BD0>, estimator=Pipeline(memory=Memory(location=None),
         steps=[('numerical_imputer',
                 TransformerWrapper(include=[], transformer=SimpleImputer())),
                ('categorical_imputer',
                 TransformerWrapper(include=['age', 'edu_level', 'fav_animals',
                                             'fav_place', 'gender'],
                                    transformer=SimpleImputer(strategy='most_frequent'))),
                ('ordinal_encoding',
                 TransformerWrapper(include=['gender'],
                                    transfo...
                                                               mapping=[{'col': 'gender',
                                                                         'data_type': dtype('O'),
                                                                         'mapping': Kobieta      0
Mê¿czyzna    1
NaN         -1
dtype: int64}]))),
                ('onehot_encoding',
                 TransformerWrapper(include=['age', 'edu_level', 'fav_animals',
                                             'fav_place'],
                                    transformer=OneHotEncoder(cols=['age',
                                                                    'edu_level',
                                                                    'fav_animals',
                                                                    'fav_place'],
                                                              handle_missing='return_nan',
                                                              use_cat_names=True))),
                ('trained_model', KMeans(random_state=123))]), ml_usecase=None)
2025-02-04 11:33:47,654:INFO:Set up data.
2025-02-04 11:33:56,567:INFO:Initializing predict_model()
2025-02-04 11:33:56,567:INFO:predict_model(self=<pycaret.clustering.oop.ClusteringExperiment object at 0x0000016CE86700D0>, estimator=Pipeline(memory=Memory(location=None),
         steps=[('numerical_imputer',
                 TransformerWrapper(include=[], transformer=SimpleImputer())),
                ('categorical_imputer',
                 TransformerWrapper(include=['age', 'edu_level', 'fav_animals',
                                             'fav_place', 'gender'],
                                    transformer=SimpleImputer(strategy='most_frequent'))),
                ('ordinal_encoding',
                 TransformerWrapper(include=['gender'],
                                    transfo...
                                                               mapping=[{'col': 'gender',
                                                                         'data_type': dtype('O'),
                                                                         'mapping': Kobieta      0
Mê¿czyzna    1
NaN         -1
dtype: int64}]))),
                ('onehot_encoding',
                 TransformerWrapper(include=['age', 'edu_level', 'fav_animals',
                                             'fav_place'],
                                    transformer=OneHotEncoder(cols=['age',
                                                                    'edu_level',
                                                                    'fav_animals',
                                                                    'fav_place'],
                                                              handle_missing='return_nan',
                                                              use_cat_names=True))),
                ('trained_model', KMeans(random_state=123))]), ml_usecase=None)
2025-02-04 11:33:56,567:INFO:Set up data.
2025-02-04 11:34:01,995:INFO:Initializing predict_model()
2025-02-04 11:34:01,995:INFO:predict_model(self=<pycaret.clustering.oop.ClusteringExperiment object at 0x0000016CE8824710>, estimator=Pipeline(memory=Memory(location=None),
         steps=[('numerical_imputer',
                 TransformerWrapper(include=[], transformer=SimpleImputer())),
                ('categorical_imputer',
                 TransformerWrapper(include=['age', 'edu_level', 'fav_animals',
                                             'fav_place', 'gender'],
                                    transformer=SimpleImputer(strategy='most_frequent'))),
                ('ordinal_encoding',
                 TransformerWrapper(include=['gender'],
                                    transfo...
                                                               mapping=[{'col': 'gender',
                                                                         'data_type': dtype('O'),
                                                                         'mapping': Kobieta      0
Mê¿czyzna    1
NaN         -1
dtype: int64}]))),
                ('onehot_encoding',
                 TransformerWrapper(include=['age', 'edu_level', 'fav_animals',
                                             'fav_place'],
                                    transformer=OneHotEncoder(cols=['age',
                                                                    'edu_level',
                                                                    'fav_animals',
                                                                    'fav_place'],
                                                              handle_missing='return_nan',
                                                              use_cat_names=True))),
                ('trained_model', KMeans(random_state=123))]), ml_usecase=None)
2025-02-04 11:34:01,996:INFO:Set up data.
2025-02-04 11:34:11,899:INFO:Initializing predict_model()
2025-02-04 11:34:11,899:INFO:predict_model(self=<pycaret.clustering.oop.ClusteringExperiment object at 0x0000016CE99B94D0>, estimator=Pipeline(memory=Memory(location=None),
         steps=[('numerical_imputer',
                 TransformerWrapper(include=[], transformer=SimpleImputer())),
                ('categorical_imputer',
                 TransformerWrapper(include=['age', 'edu_level', 'fav_animals',
                                             'fav_place', 'gender'],
                                    transformer=SimpleImputer(strategy='most_frequent'))),
                ('ordinal_encoding',
                 TransformerWrapper(include=['gender'],
                                    transfo...
                                                               mapping=[{'col': 'gender',
                                                                         'data_type': dtype('O'),
                                                                         'mapping': Kobieta      0
Mê¿czyzna    1
NaN         -1
dtype: int64}]))),
                ('onehot_encoding',
                 TransformerWrapper(include=['age', 'edu_level', 'fav_animals',
                                             'fav_place'],
                                    transformer=OneHotEncoder(cols=['age',
                                                                    'edu_level',
                                                                    'fav_animals',
                                                                    'fav_place'],
                                                              handle_missing='return_nan',
                                                              use_cat_names=True))),
                ('trained_model', KMeans(random_state=123))]), ml_usecase=None)
2025-02-04 11:34:11,899:INFO:Set up data.
2025-02-04 11:34:22,035:INFO:Initializing predict_model()
2025-02-04 11:34:22,035:INFO:predict_model(self=<pycaret.clustering.oop.ClusteringExperiment object at 0x0000016CE88451D0>, estimator=Pipeline(memory=Memory(location=None),
         steps=[('numerical_imputer',
                 TransformerWrapper(include=[], transformer=SimpleImputer())),
                ('categorical_imputer',
                 TransformerWrapper(include=['age', 'edu_level', 'fav_animals',
                                             'fav_place', 'gender'],
                                    transformer=SimpleImputer(strategy='most_frequent'))),
                ('ordinal_encoding',
                 TransformerWrapper(include=['gender'],
                                    transfo...
                                                               mapping=[{'col': 'gender',
                                                                         'data_type': dtype('O'),
                                                                         'mapping': Kobieta      0
Mê¿czyzna    1
NaN         -1
dtype: int64}]))),
                ('onehot_encoding',
                 TransformerWrapper(include=['age', 'edu_level', 'fav_animals',
                                             'fav_place'],
                                    transformer=OneHotEncoder(cols=['age',
                                                                    'edu_level',
                                                                    'fav_animals',
                                                                    'fav_place'],
                                                              handle_missing='return_nan',
                                                              use_cat_names=True))),
                ('trained_model', KMeans(random_state=123))]), ml_usecase=None)
2025-02-04 11:34:22,036:INFO:Set up data.
2025-02-04 11:34:26,966:INFO:Initializing predict_model()
2025-02-04 11:34:26,967:INFO:predict_model(self=<pycaret.clustering.oop.ClusteringExperiment object at 0x0000016CE7994B10>, estimator=Pipeline(memory=Memory(location=None),
         steps=[('numerical_imputer',
                 TransformerWrapper(include=[], transformer=SimpleImputer())),
                ('categorical_imputer',
                 TransformerWrapper(include=['age', 'edu_level', 'fav_animals',
                                             'fav_place', 'gender'],
                                    transformer=SimpleImputer(strategy='most_frequent'))),
                ('ordinal_encoding',
                 TransformerWrapper(include=['gender'],
                                    transfo...
                                                               mapping=[{'col': 'gender',
                                                                         'data_type': dtype('O'),
                                                                         'mapping': Kobieta      0
Mê¿czyzna    1
NaN         -1
dtype: int64}]))),
                ('onehot_encoding',
                 TransformerWrapper(include=['age', 'edu_level', 'fav_animals',
                                             'fav_place'],
                                    transformer=OneHotEncoder(cols=['age',
                                                                    'edu_level',
                                                                    'fav_animals',
                                                                    'fav_place'],
                                                              handle_missing='return_nan',
                                                              use_cat_names=True))),
                ('trained_model', KMeans(random_state=123))]), ml_usecase=None)
2025-02-04 11:34:26,969:INFO:Set up data.
2025-02-04 11:34:36,455:INFO:Initializing predict_model()
2025-02-04 11:34:36,456:INFO:predict_model(self=<pycaret.clustering.oop.ClusteringExperiment object at 0x0000016CE7D9B7D0>, estimator=Pipeline(memory=Memory(location=None),
         steps=[('numerical_imputer',
                 TransformerWrapper(include=[], transformer=SimpleImputer())),
                ('categorical_imputer',
                 TransformerWrapper(include=['age', 'edu_level', 'fav_animals',
                                             'fav_place', 'gender'],
                                    transformer=SimpleImputer(strategy='most_frequent'))),
                ('ordinal_encoding',
                 TransformerWrapper(include=['gender'],
                                    transfo...
                                                               mapping=[{'col': 'gender',
                                                                         'data_type': dtype('O'),
                                                                         'mapping': Kobieta      0
Mê¿czyzna    1
NaN         -1
dtype: int64}]))),
                ('onehot_encoding',
                 TransformerWrapper(include=['age', 'edu_level', 'fav_animals',
                                             'fav_place'],
                                    transformer=OneHotEncoder(cols=['age',
                                                                    'edu_level',
                                                                    'fav_animals',
                                                                    'fav_place'],
                                                              handle_missing='return_nan',
                                                              use_cat_names=True))),
                ('trained_model', KMeans(random_state=123))]), ml_usecase=None)
2025-02-04 11:34:36,456:INFO:Set up data.
2025-02-04 11:34:38,554:INFO:Initializing predict_model()
2025-02-04 11:34:38,554:INFO:predict_model(self=<pycaret.clustering.oop.ClusteringExperiment object at 0x0000016CE8838B50>, estimator=Pipeline(memory=Memory(location=None),
         steps=[('numerical_imputer',
                 TransformerWrapper(include=[], transformer=SimpleImputer())),
                ('categorical_imputer',
                 TransformerWrapper(include=['age', 'edu_level', 'fav_animals',
                                             'fav_place', 'gender'],
                                    transformer=SimpleImputer(strategy='most_frequent'))),
                ('ordinal_encoding',
                 TransformerWrapper(include=['gender'],
                                    transfo...
                                                               mapping=[{'col': 'gender',
                                                                         'data_type': dtype('O'),
                                                                         'mapping': Kobieta      0
Mê¿czyzna    1
NaN         -1
dtype: int64}]))),
                ('onehot_encoding',
                 TransformerWrapper(include=['age', 'edu_level', 'fav_animals',
                                             'fav_place'],
                                    transformer=OneHotEncoder(cols=['age',
                                                                    'edu_level',
                                                                    'fav_animals',
                                                                    'fav_place'],
                                                              handle_missing='return_nan',
                                                              use_cat_names=True))),
                ('trained_model', KMeans(random_state=123))]), ml_usecase=None)
2025-02-04 11:34:38,554:INFO:Set up data.
2025-02-04 11:34:41,442:INFO:Initializing predict_model()
2025-02-04 11:34:41,442:INFO:predict_model(self=<pycaret.clustering.oop.ClusteringExperiment object at 0x0000016CE2A35F50>, estimator=Pipeline(memory=Memory(location=None),
         steps=[('numerical_imputer',
                 TransformerWrapper(include=[], transformer=SimpleImputer())),
                ('categorical_imputer',
                 TransformerWrapper(include=['age', 'edu_level', 'fav_animals',
                                             'fav_place', 'gender'],
                                    transformer=SimpleImputer(strategy='most_frequent'))),
                ('ordinal_encoding',
                 TransformerWrapper(include=['gender'],
                                    transfo...
                                                               mapping=[{'col': 'gender',
                                                                         'data_type': dtype('O'),
                                                                         'mapping': Kobieta      0
Mê¿czyzna    1
NaN         -1
dtype: int64}]))),
                ('onehot_encoding',
                 TransformerWrapper(include=['age', 'edu_level', 'fav_animals',
                                             'fav_place'],
                                    transformer=OneHotEncoder(cols=['age',
                                                                    'edu_level',
                                                                    'fav_animals',
                                                                    'fav_place'],
                                                              handle_missing='return_nan',
                                                              use_cat_names=True))),
                ('trained_model', KMeans(random_state=123))]), ml_usecase=None)
2025-02-04 11:34:41,442:INFO:Set up data.
2025-02-04 11:34:43,839:INFO:Initializing predict_model()
2025-02-04 11:34:43,839:INFO:predict_model(self=<pycaret.clustering.oop.ClusteringExperiment object at 0x0000016CE86DE710>, estimator=Pipeline(memory=Memory(location=None),
         steps=[('numerical_imputer',
                 TransformerWrapper(include=[], transformer=SimpleImputer())),
                ('categorical_imputer',
                 TransformerWrapper(include=['age', 'edu_level', 'fav_animals',
                                             'fav_place', 'gender'],
                                    transformer=SimpleImputer(strategy='most_frequent'))),
                ('ordinal_encoding',
                 TransformerWrapper(include=['gender'],
                                    transfo...
                                                               mapping=[{'col': 'gender',
                                                                         'data_type': dtype('O'),
                                                                         'mapping': Kobieta      0
Mê¿czyzna    1
NaN         -1
dtype: int64}]))),
                ('onehot_encoding',
                 TransformerWrapper(include=['age', 'edu_level', 'fav_animals',
                                             'fav_place'],
                                    transformer=OneHotEncoder(cols=['age',
                                                                    'edu_level',
                                                                    'fav_animals',
                                                                    'fav_place'],
                                                              handle_missing='return_nan',
                                                              use_cat_names=True))),
                ('trained_model', KMeans(random_state=123))]), ml_usecase=None)
2025-02-04 11:34:43,839:INFO:Set up data.
2025-02-04 11:34:45,943:INFO:Initializing predict_model()
2025-02-04 11:34:45,943:INFO:predict_model(self=<pycaret.clustering.oop.ClusteringExperiment object at 0x0000016CE7E49450>, estimator=Pipeline(memory=Memory(location=None),
         steps=[('numerical_imputer',
                 TransformerWrapper(include=[], transformer=SimpleImputer())),
                ('categorical_imputer',
                 TransformerWrapper(include=['age', 'edu_level', 'fav_animals',
                                             'fav_place', 'gender'],
                                    transformer=SimpleImputer(strategy='most_frequent'))),
                ('ordinal_encoding',
                 TransformerWrapper(include=['gender'],
                                    transfo...
                                                               mapping=[{'col': 'gender',
                                                                         'data_type': dtype('O'),
                                                                         'mapping': Kobieta      0
Mê¿czyzna    1
NaN         -1
dtype: int64}]))),
                ('onehot_encoding',
                 TransformerWrapper(include=['age', 'edu_level', 'fav_animals',
                                             'fav_place'],
                                    transformer=OneHotEncoder(cols=['age',
                                                                    'edu_level',
                                                                    'fav_animals',
                                                                    'fav_place'],
                                                              handle_missing='return_nan',
                                                              use_cat_names=True))),
                ('trained_model', KMeans(random_state=123))]), ml_usecase=None)
2025-02-04 11:34:45,944:INFO:Set up data.
2025-02-04 11:35:14,072:INFO:Initializing predict_model()
2025-02-04 11:35:14,072:INFO:predict_model(self=<pycaret.clustering.oop.ClusteringExperiment object at 0x0000016CE8848BD0>, estimator=Pipeline(memory=Memory(location=None),
         steps=[('numerical_imputer',
                 TransformerWrapper(include=[], transformer=SimpleImputer())),
                ('categorical_imputer',
                 TransformerWrapper(include=['age', 'edu_level', 'fav_animals',
                                             'fav_place', 'gender'],
                                    transformer=SimpleImputer(strategy='most_frequent'))),
                ('ordinal_encoding',
                 TransformerWrapper(include=['gender'],
                                    transfo...
                                                               mapping=[{'col': 'gender',
                                                                         'data_type': dtype('O'),
                                                                         'mapping': Kobieta      0
Mê¿czyzna    1
NaN         -1
dtype: int64}]))),
                ('onehot_encoding',
                 TransformerWrapper(include=['age', 'edu_level', 'fav_animals',
                                             'fav_place'],
                                    transformer=OneHotEncoder(cols=['age',
                                                                    'edu_level',
                                                                    'fav_animals',
                                                                    'fav_place'],
                                                              handle_missing='return_nan',
                                                              use_cat_names=True))),
                ('trained_model', KMeans(random_state=123))]), ml_usecase=None)
2025-02-04 11:35:14,072:INFO:Set up data.
2025-02-04 11:35:18,640:INFO:Initializing predict_model()
2025-02-04 11:35:18,640:INFO:predict_model(self=<pycaret.clustering.oop.ClusteringExperiment object at 0x0000016CE87E7690>, estimator=Pipeline(memory=Memory(location=None),
         steps=[('numerical_imputer',
                 TransformerWrapper(include=[], transformer=SimpleImputer())),
                ('categorical_imputer',
                 TransformerWrapper(include=['age', 'edu_level', 'fav_animals',
                                             'fav_place', 'gender'],
                                    transformer=SimpleImputer(strategy='most_frequent'))),
                ('ordinal_encoding',
                 TransformerWrapper(include=['gender'],
                                    transfo...
                                                               mapping=[{'col': 'gender',
                                                                         'data_type': dtype('O'),
                                                                         'mapping': Kobieta      0
Mê¿czyzna    1
NaN         -1
dtype: int64}]))),
                ('onehot_encoding',
                 TransformerWrapper(include=['age', 'edu_level', 'fav_animals',
                                             'fav_place'],
                                    transformer=OneHotEncoder(cols=['age',
                                                                    'edu_level',
                                                                    'fav_animals',
                                                                    'fav_place'],
                                                              handle_missing='return_nan',
                                                              use_cat_names=True))),
                ('trained_model', KMeans(random_state=123))]), ml_usecase=None)
2025-02-04 11:35:18,640:INFO:Set up data.
2025-02-04 11:35:20,952:INFO:Initializing predict_model()
2025-02-04 11:35:20,952:INFO:predict_model(self=<pycaret.clustering.oop.ClusteringExperiment object at 0x0000016CE7795D10>, estimator=Pipeline(memory=Memory(location=None),
         steps=[('numerical_imputer',
                 TransformerWrapper(include=[], transformer=SimpleImputer())),
                ('categorical_imputer',
                 TransformerWrapper(include=['age', 'edu_level', 'fav_animals',
                                             'fav_place', 'gender'],
                                    transformer=SimpleImputer(strategy='most_frequent'))),
                ('ordinal_encoding',
                 TransformerWrapper(include=['gender'],
                                    transfo...
                                                               mapping=[{'col': 'gender',
                                                                         'data_type': dtype('O'),
                                                                         'mapping': Kobieta      0
Mê¿czyzna    1
NaN         -1
dtype: int64}]))),
                ('onehot_encoding',
                 TransformerWrapper(include=['age', 'edu_level', 'fav_animals',
                                             'fav_place'],
                                    transformer=OneHotEncoder(cols=['age',
                                                                    'edu_level',
                                                                    'fav_animals',
                                                                    'fav_place'],
                                                              handle_missing='return_nan',
                                                              use_cat_names=True))),
                ('trained_model', KMeans(random_state=123))]), ml_usecase=None)
2025-02-04 11:35:20,953:INFO:Set up data.
2025-02-04 11:36:32,077:INFO:Initializing predict_model()
2025-02-04 11:36:32,077:INFO:predict_model(self=<pycaret.clustering.oop.ClusteringExperiment object at 0x0000016CE85AA390>, estimator=Pipeline(memory=Memory(location=None),
         steps=[('numerical_imputer',
                 TransformerWrapper(include=[], transformer=SimpleImputer())),
                ('categorical_imputer',
                 TransformerWrapper(include=['age', 'edu_level', 'fav_animals',
                                             'fav_place', 'gender'],
                                    transformer=SimpleImputer(strategy='most_frequent'))),
                ('ordinal_encoding',
                 TransformerWrapper(include=['gender'],
                                    transfo...
                                                               mapping=[{'col': 'gender',
                                                                         'data_type': dtype('O'),
                                                                         'mapping': Kobieta      0
Mê¿czyzna    1
NaN         -1
dtype: int64}]))),
                ('onehot_encoding',
                 TransformerWrapper(include=['age', 'edu_level', 'fav_animals',
                                             'fav_place'],
                                    transformer=OneHotEncoder(cols=['age',
                                                                    'edu_level',
                                                                    'fav_animals',
                                                                    'fav_place'],
                                                              handle_missing='return_nan',
                                                              use_cat_names=True))),
                ('trained_model', KMeans(random_state=123))]), ml_usecase=None)
2025-02-04 11:36:32,077:INFO:Set up data.
2025-02-04 11:37:04,679:INFO:Initializing predict_model()
2025-02-04 11:37:04,679:INFO:predict_model(self=<pycaret.clustering.oop.ClusteringExperiment object at 0x0000016CE99FE910>, estimator=Pipeline(memory=Memory(location=None),
         steps=[('numerical_imputer',
                 TransformerWrapper(include=[], transformer=SimpleImputer())),
                ('categorical_imputer',
                 TransformerWrapper(include=['age', 'edu_level', 'fav_animals',
                                             'fav_place', 'gender'],
                                    transformer=SimpleImputer(strategy='most_frequent'))),
                ('ordinal_encoding',
                 TransformerWrapper(include=['gender'],
                                    transfo...
                                                               mapping=[{'col': 'gender',
                                                                         'data_type': dtype('O'),
                                                                         'mapping': Kobieta      0
Mê¿czyzna    1
NaN         -1
dtype: int64}]))),
                ('onehot_encoding',
                 TransformerWrapper(include=['age', 'edu_level', 'fav_animals',
                                             'fav_place'],
                                    transformer=OneHotEncoder(cols=['age',
                                                                    'edu_level',
                                                                    'fav_animals',
                                                                    'fav_place'],
                                                              handle_missing='return_nan',
                                                              use_cat_names=True))),
                ('trained_model', KMeans(random_state=123))]), ml_usecase=None)
2025-02-04 11:37:04,680:INFO:Set up data.
2025-02-04 11:37:06,463:INFO:Initializing predict_model()
2025-02-04 11:37:06,463:INFO:predict_model(self=<pycaret.clustering.oop.ClusteringExperiment object at 0x0000016CE86709D0>, estimator=Pipeline(memory=Memory(location=None),
         steps=[('numerical_imputer',
                 TransformerWrapper(include=[], transformer=SimpleImputer())),
                ('categorical_imputer',
                 TransformerWrapper(include=['age', 'edu_level', 'fav_animals',
                                             'fav_place', 'gender'],
                                    transformer=SimpleImputer(strategy='most_frequent'))),
                ('ordinal_encoding',
                 TransformerWrapper(include=['gender'],
                                    transfo...
                                                               mapping=[{'col': 'gender',
                                                                         'data_type': dtype('O'),
                                                                         'mapping': Kobieta      0
Mê¿czyzna    1
NaN         -1
dtype: int64}]))),
                ('onehot_encoding',
                 TransformerWrapper(include=['age', 'edu_level', 'fav_animals',
                                             'fav_place'],
                                    transformer=OneHotEncoder(cols=['age',
                                                                    'edu_level',
                                                                    'fav_animals',
                                                                    'fav_place'],
                                                              handle_missing='return_nan',
                                                              use_cat_names=True))),
                ('trained_model', KMeans(random_state=123))]), ml_usecase=None)
2025-02-04 11:37:06,464:INFO:Set up data.
2025-02-04 11:37:19,074:INFO:Initializing predict_model()
2025-02-04 11:37:19,074:INFO:predict_model(self=<pycaret.clustering.oop.ClusteringExperiment object at 0x0000016CE98C1C10>, estimator=Pipeline(memory=Memory(location=None),
         steps=[('numerical_imputer',
                 TransformerWrapper(include=[], transformer=SimpleImputer())),
                ('categorical_imputer',
                 TransformerWrapper(include=['age', 'edu_level', 'fav_animals',
                                             'fav_place', 'gender'],
                                    transformer=SimpleImputer(strategy='most_frequent'))),
                ('ordinal_encoding',
                 TransformerWrapper(include=['gender'],
                                    transfo...
                                                               mapping=[{'col': 'gender',
                                                                         'data_type': dtype('O'),
                                                                         'mapping': Kobieta      0
Mê¿czyzna    1
NaN         -1
dtype: int64}]))),
                ('onehot_encoding',
                 TransformerWrapper(include=['age', 'edu_level', 'fav_animals',
                                             'fav_place'],
                                    transformer=OneHotEncoder(cols=['age',
                                                                    'edu_level',
                                                                    'fav_animals',
                                                                    'fav_place'],
                                                              handle_missing='return_nan',
                                                              use_cat_names=True))),
                ('trained_model', KMeans(random_state=123))]), ml_usecase=None)
2025-02-04 11:37:19,074:INFO:Set up data.
2025-02-04 11:37:23,712:INFO:Initializing predict_model()
2025-02-04 11:37:23,712:INFO:predict_model(self=<pycaret.clustering.oop.ClusteringExperiment object at 0x0000016CE86705D0>, estimator=Pipeline(memory=Memory(location=None),
         steps=[('numerical_imputer',
                 TransformerWrapper(include=[], transformer=SimpleImputer())),
                ('categorical_imputer',
                 TransformerWrapper(include=['age', 'edu_level', 'fav_animals',
                                             'fav_place', 'gender'],
                                    transformer=SimpleImputer(strategy='most_frequent'))),
                ('ordinal_encoding',
                 TransformerWrapper(include=['gender'],
                                    transfo...
                                                               mapping=[{'col': 'gender',
                                                                         'data_type': dtype('O'),
                                                                         'mapping': Kobieta      0
Mê¿czyzna    1
NaN         -1
dtype: int64}]))),
                ('onehot_encoding',
                 TransformerWrapper(include=['age', 'edu_level', 'fav_animals',
                                             'fav_place'],
                                    transformer=OneHotEncoder(cols=['age',
                                                                    'edu_level',
                                                                    'fav_animals',
                                                                    'fav_place'],
                                                              handle_missing='return_nan',
                                                              use_cat_names=True))),
                ('trained_model', KMeans(random_state=123))]), ml_usecase=None)
2025-02-04 11:37:23,714:INFO:Set up data.
2025-02-04 11:37:27,877:INFO:Initializing predict_model()
2025-02-04 11:37:27,878:INFO:predict_model(self=<pycaret.clustering.oop.ClusteringExperiment object at 0x0000016CE7D73650>, estimator=Pipeline(memory=Memory(location=None),
         steps=[('numerical_imputer',
                 TransformerWrapper(include=[], transformer=SimpleImputer())),
                ('categorical_imputer',
                 TransformerWrapper(include=['age', 'edu_level', 'fav_animals',
                                             'fav_place', 'gender'],
                                    transformer=SimpleImputer(strategy='most_frequent'))),
                ('ordinal_encoding',
                 TransformerWrapper(include=['gender'],
                                    transfo...
                                                               mapping=[{'col': 'gender',
                                                                         'data_type': dtype('O'),
                                                                         'mapping': Kobieta      0
Mê¿czyzna    1
NaN         -1
dtype: int64}]))),
                ('onehot_encoding',
                 TransformerWrapper(include=['age', 'edu_level', 'fav_animals',
                                             'fav_place'],
                                    transformer=OneHotEncoder(cols=['age',
                                                                    'edu_level',
                                                                    'fav_animals',
                                                                    'fav_place'],
                                                              handle_missing='return_nan',
                                                              use_cat_names=True))),
                ('trained_model', KMeans(random_state=123))]), ml_usecase=None)
2025-02-04 11:37:27,878:INFO:Set up data.
2025-02-04 11:37:34,229:INFO:Initializing predict_model()
2025-02-04 11:37:34,230:INFO:predict_model(self=<pycaret.clustering.oop.ClusteringExperiment object at 0x0000016CE798B610>, estimator=Pipeline(memory=Memory(location=None),
         steps=[('numerical_imputer',
                 TransformerWrapper(include=[], transformer=SimpleImputer())),
                ('categorical_imputer',
                 TransformerWrapper(include=['age', 'edu_level', 'fav_animals',
                                             'fav_place', 'gender'],
                                    transformer=SimpleImputer(strategy='most_frequent'))),
                ('ordinal_encoding',
                 TransformerWrapper(include=['gender'],
                                    transfo...
                                                               mapping=[{'col': 'gender',
                                                                         'data_type': dtype('O'),
                                                                         'mapping': Kobieta      0
Mê¿czyzna    1
NaN         -1
dtype: int64}]))),
                ('onehot_encoding',
                 TransformerWrapper(include=['age', 'edu_level', 'fav_animals',
                                             'fav_place'],
                                    transformer=OneHotEncoder(cols=['age',
                                                                    'edu_level',
                                                                    'fav_animals',
                                                                    'fav_place'],
                                                              handle_missing='return_nan',
                                                              use_cat_names=True))),
                ('trained_model', KMeans(random_state=123))]), ml_usecase=None)
2025-02-04 11:37:34,230:INFO:Set up data.
2025-02-04 11:37:41,507:INFO:Initializing predict_model()
2025-02-04 11:37:41,507:INFO:predict_model(self=<pycaret.clustering.oop.ClusteringExperiment object at 0x0000016CE7995490>, estimator=Pipeline(memory=Memory(location=None),
         steps=[('numerical_imputer',
                 TransformerWrapper(include=[], transformer=SimpleImputer())),
                ('categorical_imputer',
                 TransformerWrapper(include=['age', 'edu_level', 'fav_animals',
                                             'fav_place', 'gender'],
                                    transformer=SimpleImputer(strategy='most_frequent'))),
                ('ordinal_encoding',
                 TransformerWrapper(include=['gender'],
                                    transfo...
                                                               mapping=[{'col': 'gender',
                                                                         'data_type': dtype('O'),
                                                                         'mapping': Kobieta      0
Mê¿czyzna    1
NaN         -1
dtype: int64}]))),
                ('onehot_encoding',
                 TransformerWrapper(include=['age', 'edu_level', 'fav_animals',
                                             'fav_place'],
                                    transformer=OneHotEncoder(cols=['age',
                                                                    'edu_level',
                                                                    'fav_animals',
                                                                    'fav_place'],
                                                              handle_missing='return_nan',
                                                              use_cat_names=True))),
                ('trained_model', KMeans(random_state=123))]), ml_usecase=None)
2025-02-04 11:37:41,507:INFO:Set up data.
2025-02-04 11:37:44,381:INFO:Initializing predict_model()
2025-02-04 11:37:44,382:INFO:predict_model(self=<pycaret.clustering.oop.ClusteringExperiment object at 0x0000016CE874BE10>, estimator=Pipeline(memory=Memory(location=None),
         steps=[('numerical_imputer',
                 TransformerWrapper(include=[], transformer=SimpleImputer())),
                ('categorical_imputer',
                 TransformerWrapper(include=['age', 'edu_level', 'fav_animals',
                                             'fav_place', 'gender'],
                                    transformer=SimpleImputer(strategy='most_frequent'))),
                ('ordinal_encoding',
                 TransformerWrapper(include=['gender'],
                                    transfo...
                                                               mapping=[{'col': 'gender',
                                                                         'data_type': dtype('O'),
                                                                         'mapping': Kobieta      0
Mê¿czyzna    1
NaN         -1
dtype: int64}]))),
                ('onehot_encoding',
                 TransformerWrapper(include=['age', 'edu_level', 'fav_animals',
                                             'fav_place'],
                                    transformer=OneHotEncoder(cols=['age',
                                                                    'edu_level',
                                                                    'fav_animals',
                                                                    'fav_place'],
                                                              handle_missing='return_nan',
                                                              use_cat_names=True))),
                ('trained_model', KMeans(random_state=123))]), ml_usecase=None)
2025-02-04 11:37:44,382:INFO:Set up data.
2025-02-04 11:37:48,927:INFO:Initializing predict_model()
2025-02-04 11:37:48,927:INFO:predict_model(self=<pycaret.clustering.oop.ClusteringExperiment object at 0x0000016CE7DC3810>, estimator=Pipeline(memory=Memory(location=None),
         steps=[('numerical_imputer',
                 TransformerWrapper(include=[], transformer=SimpleImputer())),
                ('categorical_imputer',
                 TransformerWrapper(include=['age', 'edu_level', 'fav_animals',
                                             'fav_place', 'gender'],
                                    transformer=SimpleImputer(strategy='most_frequent'))),
                ('ordinal_encoding',
                 TransformerWrapper(include=['gender'],
                                    transfo...
                                                               mapping=[{'col': 'gender',
                                                                         'data_type': dtype('O'),
                                                                         'mapping': Kobieta      0
Mê¿czyzna    1
NaN         -1
dtype: int64}]))),
                ('onehot_encoding',
                 TransformerWrapper(include=['age', 'edu_level', 'fav_animals',
                                             'fav_place'],
                                    transformer=OneHotEncoder(cols=['age',
                                                                    'edu_level',
                                                                    'fav_animals',
                                                                    'fav_place'],
                                                              handle_missing='return_nan',
                                                              use_cat_names=True))),
                ('trained_model', KMeans(random_state=123))]), ml_usecase=None)
2025-02-04 11:37:48,927:INFO:Set up data.
2025-02-04 11:38:18,970:INFO:Initializing predict_model()
2025-02-04 11:38:18,971:INFO:predict_model(self=<pycaret.clustering.oop.ClusteringExperiment object at 0x0000016CE79BB210>, estimator=Pipeline(memory=Memory(location=None),
         steps=[('numerical_imputer',
                 TransformerWrapper(include=[], transformer=SimpleImputer())),
                ('categorical_imputer',
                 TransformerWrapper(include=['age', 'edu_level', 'fav_animals',
                                             'fav_place', 'gender'],
                                    transformer=SimpleImputer(strategy='most_frequent'))),
                ('ordinal_encoding',
                 TransformerWrapper(include=['gender'],
                                    transfo...
                                                               mapping=[{'col': 'gender',
                                                                         'data_type': dtype('O'),
                                                                         'mapping': Kobieta      0
Mê¿czyzna    1
NaN         -1
dtype: int64}]))),
                ('onehot_encoding',
                 TransformerWrapper(include=['age', 'edu_level', 'fav_animals',
                                             'fav_place'],
                                    transformer=OneHotEncoder(cols=['age',
                                                                    'edu_level',
                                                                    'fav_animals',
                                                                    'fav_place'],
                                                              handle_missing='return_nan',
                                                              use_cat_names=True))),
                ('trained_model', KMeans(random_state=123))]), ml_usecase=None)
2025-02-04 11:38:18,971:INFO:Set up data.
2025-02-04 11:38:22,844:INFO:Initializing predict_model()
2025-02-04 11:38:22,844:INFO:predict_model(self=<pycaret.clustering.oop.ClusteringExperiment object at 0x0000016CE9886C50>, estimator=Pipeline(memory=Memory(location=None),
         steps=[('numerical_imputer',
                 TransformerWrapper(include=[], transformer=SimpleImputer())),
                ('categorical_imputer',
                 TransformerWrapper(include=['age', 'edu_level', 'fav_animals',
                                             'fav_place', 'gender'],
                                    transformer=SimpleImputer(strategy='most_frequent'))),
                ('ordinal_encoding',
                 TransformerWrapper(include=['gender'],
                                    transfo...
                                                               mapping=[{'col': 'gender',
                                                                         'data_type': dtype('O'),
                                                                         'mapping': Kobieta      0
Mê¿czyzna    1
NaN         -1
dtype: int64}]))),
                ('onehot_encoding',
                 TransformerWrapper(include=['age', 'edu_level', 'fav_animals',
                                             'fav_place'],
                                    transformer=OneHotEncoder(cols=['age',
                                                                    'edu_level',
                                                                    'fav_animals',
                                                                    'fav_place'],
                                                              handle_missing='return_nan',
                                                              use_cat_names=True))),
                ('trained_model', KMeans(random_state=123))]), ml_usecase=None)
2025-02-04 11:38:22,845:INFO:Set up data.
2025-02-04 11:54:49,313:INFO:Initializing predict_model()
2025-02-04 11:54:49,317:INFO:predict_model(self=<pycaret.clustering.oop.ClusteringExperiment object at 0x0000016CE79C3B50>, estimator=Pipeline(memory=Memory(location=None),
         steps=[('numerical_imputer',
                 TransformerWrapper(include=[], transformer=SimpleImputer())),
                ('categorical_imputer',
                 TransformerWrapper(include=['age', 'edu_level', 'fav_animals',
                                             'fav_place', 'gender'],
                                    transformer=SimpleImputer(strategy='most_frequent'))),
                ('ordinal_encoding',
                 TransformerWrapper(include=['gender'],
                                    transfo...
                                                               mapping=[{'col': 'gender',
                                                                         'data_type': dtype('O'),
                                                                         'mapping': Kobieta      0
Mê¿czyzna    1
NaN         -1
dtype: int64}]))),
                ('onehot_encoding',
                 TransformerWrapper(include=['age', 'edu_level', 'fav_animals',
                                             'fav_place'],
                                    transformer=OneHotEncoder(cols=['age',
                                                                    'edu_level',
                                                                    'fav_animals',
                                                                    'fav_place'],
                                                              handle_missing='return_nan',
                                                              use_cat_names=True))),
                ('trained_model', KMeans(random_state=123))]), ml_usecase=None)
2025-02-04 11:54:49,318:INFO:Set up data.
2025-02-04 11:54:50,898:INFO:Initializing predict_model()
2025-02-04 11:54:50,898:INFO:predict_model(self=<pycaret.clustering.oop.ClusteringExperiment object at 0x0000016CDD568150>, estimator=Pipeline(memory=Memory(location=None),
         steps=[('numerical_imputer',
                 TransformerWrapper(include=[], transformer=SimpleImputer())),
                ('categorical_imputer',
                 TransformerWrapper(include=['age', 'edu_level', 'fav_animals',
                                             'fav_place', 'gender'],
                                    transformer=SimpleImputer(strategy='most_frequent'))),
                ('ordinal_encoding',
                 TransformerWrapper(include=['gender'],
                                    transfo...
                                                               mapping=[{'col': 'gender',
                                                                         'data_type': dtype('O'),
                                                                         'mapping': Kobieta      0
Mê¿czyzna    1
NaN         -1
dtype: int64}]))),
                ('onehot_encoding',
                 TransformerWrapper(include=['age', 'edu_level', 'fav_animals',
                                             'fav_place'],
                                    transformer=OneHotEncoder(cols=['age',
                                                                    'edu_level',
                                                                    'fav_animals',
                                                                    'fav_place'],
                                                              handle_missing='return_nan',
                                                              use_cat_names=True))),
                ('trained_model', KMeans(random_state=123))]), ml_usecase=None)
2025-02-04 11:54:50,899:INFO:Set up data.
2025-02-04 11:54:51,944:INFO:Initializing predict_model()
2025-02-04 11:54:51,945:INFO:predict_model(self=<pycaret.clustering.oop.ClusteringExperiment object at 0x0000016CE86C30D0>, estimator=Pipeline(memory=Memory(location=None),
         steps=[('numerical_imputer',
                 TransformerWrapper(include=[], transformer=SimpleImputer())),
                ('categorical_imputer',
                 TransformerWrapper(include=['age', 'edu_level', 'fav_animals',
                                             'fav_place', 'gender'],
                                    transformer=SimpleImputer(strategy='most_frequent'))),
                ('ordinal_encoding',
                 TransformerWrapper(include=['gender'],
                                    transfo...
                                                               mapping=[{'col': 'gender',
                                                                         'data_type': dtype('O'),
                                                                         'mapping': Kobieta      0
Mê¿czyzna    1
NaN         -1
dtype: int64}]))),
                ('onehot_encoding',
                 TransformerWrapper(include=['age', 'edu_level', 'fav_animals',
                                             'fav_place'],
                                    transformer=OneHotEncoder(cols=['age',
                                                                    'edu_level',
                                                                    'fav_animals',
                                                                    'fav_place'],
                                                              handle_missing='return_nan',
                                                              use_cat_names=True))),
                ('trained_model', KMeans(random_state=123))]), ml_usecase=None)
2025-02-04 11:54:51,945:INFO:Set up data.
2025-02-04 11:54:56,095:INFO:Initializing predict_model()
2025-02-04 11:54:56,095:INFO:predict_model(self=<pycaret.clustering.oop.ClusteringExperiment object at 0x0000016CDD582B90>, estimator=Pipeline(memory=Memory(location=None),
         steps=[('numerical_imputer',
                 TransformerWrapper(include=[], transformer=SimpleImputer())),
                ('categorical_imputer',
                 TransformerWrapper(include=['age', 'edu_level', 'fav_animals',
                                             'fav_place', 'gender'],
                                    transformer=SimpleImputer(strategy='most_frequent'))),
                ('ordinal_encoding',
                 TransformerWrapper(include=['gender'],
                                    transfo...
                                                               mapping=[{'col': 'gender',
                                                                         'data_type': dtype('O'),
                                                                         'mapping': Kobieta      0
Mê¿czyzna    1
NaN         -1
dtype: int64}]))),
                ('onehot_encoding',
                 TransformerWrapper(include=['age', 'edu_level', 'fav_animals',
                                             'fav_place'],
                                    transformer=OneHotEncoder(cols=['age',
                                                                    'edu_level',
                                                                    'fav_animals',
                                                                    'fav_place'],
                                                              handle_missing='return_nan',
                                                              use_cat_names=True))),
                ('trained_model', KMeans(random_state=123))]), ml_usecase=None)
2025-02-04 11:54:56,095:INFO:Set up data.
2025-02-04 11:54:59,475:INFO:Initializing predict_model()
2025-02-04 11:54:59,476:INFO:predict_model(self=<pycaret.clustering.oop.ClusteringExperiment object at 0x0000016CE7CD6C90>, estimator=Pipeline(memory=Memory(location=None),
         steps=[('numerical_imputer',
                 TransformerWrapper(include=[], transformer=SimpleImputer())),
                ('categorical_imputer',
                 TransformerWrapper(include=['age', 'edu_level', 'fav_animals',
                                             'fav_place', 'gender'],
                                    transformer=SimpleImputer(strategy='most_frequent'))),
                ('ordinal_encoding',
                 TransformerWrapper(include=['gender'],
                                    transfo...
                                                               mapping=[{'col': 'gender',
                                                                         'data_type': dtype('O'),
                                                                         'mapping': Kobieta      0
Mê¿czyzna    1
NaN         -1
dtype: int64}]))),
                ('onehot_encoding',
                 TransformerWrapper(include=['age', 'edu_level', 'fav_animals',
                                             'fav_place'],
                                    transformer=OneHotEncoder(cols=['age',
                                                                    'edu_level',
                                                                    'fav_animals',
                                                                    'fav_place'],
                                                              handle_missing='return_nan',
                                                              use_cat_names=True))),
                ('trained_model', KMeans(random_state=123))]), ml_usecase=None)
2025-02-04 11:54:59,476:INFO:Set up data.
2025-02-04 11:55:03,332:INFO:Initializing predict_model()
2025-02-04 11:55:03,332:INFO:predict_model(self=<pycaret.clustering.oop.ClusteringExperiment object at 0x0000016CE7DDCA50>, estimator=Pipeline(memory=Memory(location=None),
         steps=[('numerical_imputer',
                 TransformerWrapper(include=[], transformer=SimpleImputer())),
                ('categorical_imputer',
                 TransformerWrapper(include=['age', 'edu_level', 'fav_animals',
                                             'fav_place', 'gender'],
                                    transformer=SimpleImputer(strategy='most_frequent'))),
                ('ordinal_encoding',
                 TransformerWrapper(include=['gender'],
                                    transfo...
                                                               mapping=[{'col': 'gender',
                                                                         'data_type': dtype('O'),
                                                                         'mapping': Kobieta      0
Mê¿czyzna    1
NaN         -1
dtype: int64}]))),
                ('onehot_encoding',
                 TransformerWrapper(include=['age', 'edu_level', 'fav_animals',
                                             'fav_place'],
                                    transformer=OneHotEncoder(cols=['age',
                                                                    'edu_level',
                                                                    'fav_animals',
                                                                    'fav_place'],
                                                              handle_missing='return_nan',
                                                              use_cat_names=True))),
                ('trained_model', KMeans(random_state=123))]), ml_usecase=None)
2025-02-04 11:55:03,333:INFO:Set up data.
2025-02-04 11:55:05,699:INFO:Initializing predict_model()
2025-02-04 11:55:05,699:INFO:predict_model(self=<pycaret.clustering.oop.ClusteringExperiment object at 0x0000016CE99F5710>, estimator=Pipeline(memory=Memory(location=None),
         steps=[('numerical_imputer',
                 TransformerWrapper(include=[], transformer=SimpleImputer())),
                ('categorical_imputer',
                 TransformerWrapper(include=['age', 'edu_level', 'fav_animals',
                                             'fav_place', 'gender'],
                                    transformer=SimpleImputer(strategy='most_frequent'))),
                ('ordinal_encoding',
                 TransformerWrapper(include=['gender'],
                                    transfo...
                                                               mapping=[{'col': 'gender',
                                                                         'data_type': dtype('O'),
                                                                         'mapping': Kobieta      0
Mê¿czyzna    1
NaN         -1
dtype: int64}]))),
                ('onehot_encoding',
                 TransformerWrapper(include=['age', 'edu_level', 'fav_animals',
                                             'fav_place'],
                                    transformer=OneHotEncoder(cols=['age',
                                                                    'edu_level',
                                                                    'fav_animals',
                                                                    'fav_place'],
                                                              handle_missing='return_nan',
                                                              use_cat_names=True))),
                ('trained_model', KMeans(random_state=123))]), ml_usecase=None)
2025-02-04 11:55:05,699:INFO:Set up data.
2025-02-04 11:55:06,949:INFO:Initializing predict_model()
2025-02-04 11:55:06,950:INFO:predict_model(self=<pycaret.clustering.oop.ClusteringExperiment object at 0x0000016CE99FDD50>, estimator=Pipeline(memory=Memory(location=None),
         steps=[('numerical_imputer',
                 TransformerWrapper(include=[], transformer=SimpleImputer())),
                ('categorical_imputer',
                 TransformerWrapper(include=['age', 'edu_level', 'fav_animals',
                                             'fav_place', 'gender'],
                                    transformer=SimpleImputer(strategy='most_frequent'))),
                ('ordinal_encoding',
                 TransformerWrapper(include=['gender'],
                                    transfo...
                                                               mapping=[{'col': 'gender',
                                                                         'data_type': dtype('O'),
                                                                         'mapping': Kobieta      0
Mê¿czyzna    1
NaN         -1
dtype: int64}]))),
                ('onehot_encoding',
                 TransformerWrapper(include=['age', 'edu_level', 'fav_animals',
                                             'fav_place'],
                                    transformer=OneHotEncoder(cols=['age',
                                                                    'edu_level',
                                                                    'fav_animals',
                                                                    'fav_place'],
                                                              handle_missing='return_nan',
                                                              use_cat_names=True))),
                ('trained_model', KMeans(random_state=123))]), ml_usecase=None)
2025-02-04 11:55:06,950:INFO:Set up data.
2025-02-04 11:55:15,737:INFO:Initializing predict_model()
2025-02-04 11:55:15,738:INFO:predict_model(self=<pycaret.clustering.oop.ClusteringExperiment object at 0x0000016CE99FE950>, estimator=Pipeline(memory=Memory(location=None),
         steps=[('numerical_imputer',
                 TransformerWrapper(include=[], transformer=SimpleImputer())),
                ('categorical_imputer',
                 TransformerWrapper(include=['age', 'edu_level', 'fav_animals',
                                             'fav_place', 'gender'],
                                    transformer=SimpleImputer(strategy='most_frequent'))),
                ('ordinal_encoding',
                 TransformerWrapper(include=['gender'],
                                    transfo...
                                                               mapping=[{'col': 'gender',
                                                                         'data_type': dtype('O'),
                                                                         'mapping': Kobieta      0
Mê¿czyzna    1
NaN         -1
dtype: int64}]))),
                ('onehot_encoding',
                 TransformerWrapper(include=['age', 'edu_level', 'fav_animals',
                                             'fav_place'],
                                    transformer=OneHotEncoder(cols=['age',
                                                                    'edu_level',
                                                                    'fav_animals',
                                                                    'fav_place'],
                                                              handle_missing='return_nan',
                                                              use_cat_names=True))),
                ('trained_model', KMeans(random_state=123))]), ml_usecase=None)
2025-02-04 11:55:15,738:INFO:Set up data.
2025-02-04 11:55:18,176:INFO:Initializing predict_model()
2025-02-04 11:55:18,176:INFO:predict_model(self=<pycaret.clustering.oop.ClusteringExperiment object at 0x0000016CE8663D10>, estimator=Pipeline(memory=Memory(location=None),
         steps=[('numerical_imputer',
                 TransformerWrapper(include=[], transformer=SimpleImputer())),
                ('categorical_imputer',
                 TransformerWrapper(include=['age', 'edu_level', 'fav_animals',
                                             'fav_place', 'gender'],
                                    transformer=SimpleImputer(strategy='most_frequent'))),
                ('ordinal_encoding',
                 TransformerWrapper(include=['gender'],
                                    transfo...
                                                               mapping=[{'col': 'gender',
                                                                         'data_type': dtype('O'),
                                                                         'mapping': Kobieta      0
Mê¿czyzna    1
NaN         -1
dtype: int64}]))),
                ('onehot_encoding',
                 TransformerWrapper(include=['age', 'edu_level', 'fav_animals',
                                             'fav_place'],
                                    transformer=OneHotEncoder(cols=['age',
                                                                    'edu_level',
                                                                    'fav_animals',
                                                                    'fav_place'],
                                                              handle_missing='return_nan',
                                                              use_cat_names=True))),
                ('trained_model', KMeans(random_state=123))]), ml_usecase=None)
2025-02-04 11:55:18,176:INFO:Set up data.
2025-02-04 11:55:20,939:INFO:Initializing predict_model()
2025-02-04 11:55:20,939:INFO:predict_model(self=<pycaret.clustering.oop.ClusteringExperiment object at 0x0000016CE99FCF90>, estimator=Pipeline(memory=Memory(location=None),
         steps=[('numerical_imputer',
                 TransformerWrapper(include=[], transformer=SimpleImputer())),
                ('categorical_imputer',
                 TransformerWrapper(include=['age', 'edu_level', 'fav_animals',
                                             'fav_place', 'gender'],
                                    transformer=SimpleImputer(strategy='most_frequent'))),
                ('ordinal_encoding',
                 TransformerWrapper(include=['gender'],
                                    transfo...
                                                               mapping=[{'col': 'gender',
                                                                         'data_type': dtype('O'),
                                                                         'mapping': Kobieta      0
Mê¿czyzna    1
NaN         -1
dtype: int64}]))),
                ('onehot_encoding',
                 TransformerWrapper(include=['age', 'edu_level', 'fav_animals',
                                             'fav_place'],
                                    transformer=OneHotEncoder(cols=['age',
                                                                    'edu_level',
                                                                    'fav_animals',
                                                                    'fav_place'],
                                                              handle_missing='return_nan',
                                                              use_cat_names=True))),
                ('trained_model', KMeans(random_state=123))]), ml_usecase=None)
2025-02-04 11:55:20,939:INFO:Set up data.
2025-02-04 11:55:32,010:INFO:Initializing predict_model()
2025-02-04 11:55:32,011:INFO:predict_model(self=<pycaret.clustering.oop.ClusteringExperiment object at 0x0000016CE7E226D0>, estimator=Pipeline(memory=Memory(location=None),
         steps=[('numerical_imputer',
                 TransformerWrapper(include=[], transformer=SimpleImputer())),
                ('categorical_imputer',
                 TransformerWrapper(include=['age', 'edu_level', 'fav_animals',
                                             'fav_place', 'gender'],
                                    transformer=SimpleImputer(strategy='most_frequent'))),
                ('ordinal_encoding',
                 TransformerWrapper(include=['gender'],
                                    transfo...
                                                               mapping=[{'col': 'gender',
                                                                         'data_type': dtype('O'),
                                                                         'mapping': Kobieta      0
Mê¿czyzna    1
NaN         -1
dtype: int64}]))),
                ('onehot_encoding',
                 TransformerWrapper(include=['age', 'edu_level', 'fav_animals',
                                             'fav_place'],
                                    transformer=OneHotEncoder(cols=['age',
                                                                    'edu_level',
                                                                    'fav_animals',
                                                                    'fav_place'],
                                                              handle_missing='return_nan',
                                                              use_cat_names=True))),
                ('trained_model', KMeans(random_state=123))]), ml_usecase=None)
2025-02-04 11:55:32,011:INFO:Set up data.
2025-02-04 11:55:38,058:INFO:Initializing predict_model()
2025-02-04 11:55:38,059:INFO:predict_model(self=<pycaret.clustering.oop.ClusteringExperiment object at 0x0000016CDD56AC90>, estimator=Pipeline(memory=Memory(location=None),
         steps=[('numerical_imputer',
                 TransformerWrapper(include=[], transformer=SimpleImputer())),
                ('categorical_imputer',
                 TransformerWrapper(include=['age', 'edu_level', 'fav_animals',
                                             'fav_place', 'gender'],
                                    transformer=SimpleImputer(strategy='most_frequent'))),
                ('ordinal_encoding',
                 TransformerWrapper(include=['gender'],
                                    transfo...
                                                               mapping=[{'col': 'gender',
                                                                         'data_type': dtype('O'),
                                                                         'mapping': Kobieta      0
Mê¿czyzna    1
NaN         -1
dtype: int64}]))),
                ('onehot_encoding',
                 TransformerWrapper(include=['age', 'edu_level', 'fav_animals',
                                             'fav_place'],
                                    transformer=OneHotEncoder(cols=['age',
                                                                    'edu_level',
                                                                    'fav_animals',
                                                                    'fav_place'],
                                                              handle_missing='return_nan',
                                                              use_cat_names=True))),
                ('trained_model', KMeans(random_state=123))]), ml_usecase=None)
2025-02-04 11:55:38,059:INFO:Set up data.
2025-02-04 11:55:44,791:INFO:Initializing predict_model()
2025-02-04 11:55:44,791:INFO:predict_model(self=<pycaret.clustering.oop.ClusteringExperiment object at 0x0000016CE858D050>, estimator=Pipeline(memory=Memory(location=None),
         steps=[('numerical_imputer',
                 TransformerWrapper(include=[], transformer=SimpleImputer())),
                ('categorical_imputer',
                 TransformerWrapper(include=['age', 'edu_level', 'fav_animals',
                                             'fav_place', 'gender'],
                                    transformer=SimpleImputer(strategy='most_frequent'))),
                ('ordinal_encoding',
                 TransformerWrapper(include=['gender'],
                                    transfo...
                                                               mapping=[{'col': 'gender',
                                                                         'data_type': dtype('O'),
                                                                         'mapping': Kobieta      0
Mê¿czyzna    1
NaN         -1
dtype: int64}]))),
                ('onehot_encoding',
                 TransformerWrapper(include=['age', 'edu_level', 'fav_animals',
                                             'fav_place'],
                                    transformer=OneHotEncoder(cols=['age',
                                                                    'edu_level',
                                                                    'fav_animals',
                                                                    'fav_place'],
                                                              handle_missing='return_nan',
                                                              use_cat_names=True))),
                ('trained_model', KMeans(random_state=123))]), ml_usecase=None)
2025-02-04 11:55:44,792:INFO:Set up data.
2025-02-04 11:55:46,935:INFO:Initializing predict_model()
2025-02-04 11:55:46,936:INFO:predict_model(self=<pycaret.clustering.oop.ClusteringExperiment object at 0x0000016CE8749550>, estimator=Pipeline(memory=Memory(location=None),
         steps=[('numerical_imputer',
                 TransformerWrapper(include=[], transformer=SimpleImputer())),
                ('categorical_imputer',
                 TransformerWrapper(include=['age', 'edu_level', 'fav_animals',
                                             'fav_place', 'gender'],
                                    transformer=SimpleImputer(strategy='most_frequent'))),
                ('ordinal_encoding',
                 TransformerWrapper(include=['gender'],
                                    transfo...
                                                               mapping=[{'col': 'gender',
                                                                         'data_type': dtype('O'),
                                                                         'mapping': Kobieta      0
Mê¿czyzna    1
NaN         -1
dtype: int64}]))),
                ('onehot_encoding',
                 TransformerWrapper(include=['age', 'edu_level', 'fav_animals',
                                             'fav_place'],
                                    transformer=OneHotEncoder(cols=['age',
                                                                    'edu_level',
                                                                    'fav_animals',
                                                                    'fav_place'],
                                                              handle_missing='return_nan',
                                                              use_cat_names=True))),
                ('trained_model', KMeans(random_state=123))]), ml_usecase=None)
2025-02-04 11:55:46,936:INFO:Set up data.
2025-02-04 11:55:54,688:INFO:Initializing predict_model()
2025-02-04 11:55:54,688:INFO:predict_model(self=<pycaret.clustering.oop.ClusteringExperiment object at 0x0000016CE867D350>, estimator=Pipeline(memory=Memory(location=None),
         steps=[('numerical_imputer',
                 TransformerWrapper(include=[], transformer=SimpleImputer())),
                ('categorical_imputer',
                 TransformerWrapper(include=['age', 'edu_level', 'fav_animals',
                                             'fav_place', 'gender'],
                                    transformer=SimpleImputer(strategy='most_frequent'))),
                ('ordinal_encoding',
                 TransformerWrapper(include=['gender'],
                                    transfo...
                                                               mapping=[{'col': 'gender',
                                                                         'data_type': dtype('O'),
                                                                         'mapping': Kobieta      0
Mê¿czyzna    1
NaN         -1
dtype: int64}]))),
                ('onehot_encoding',
                 TransformerWrapper(include=['age', 'edu_level', 'fav_animals',
                                             'fav_place'],
                                    transformer=OneHotEncoder(cols=['age',
                                                                    'edu_level',
                                                                    'fav_animals',
                                                                    'fav_place'],
                                                              handle_missing='return_nan',
                                                              use_cat_names=True))),
                ('trained_model', KMeans(random_state=123))]), ml_usecase=None)
2025-02-04 11:55:54,688:INFO:Set up data.
2025-02-04 11:55:59,468:INFO:Initializing predict_model()
2025-02-04 11:55:59,468:INFO:predict_model(self=<pycaret.clustering.oop.ClusteringExperiment object at 0x0000016CE7994BD0>, estimator=Pipeline(memory=Memory(location=None),
         steps=[('numerical_imputer',
                 TransformerWrapper(include=[], transformer=SimpleImputer())),
                ('categorical_imputer',
                 TransformerWrapper(include=['age', 'edu_level', 'fav_animals',
                                             'fav_place', 'gender'],
                                    transformer=SimpleImputer(strategy='most_frequent'))),
                ('ordinal_encoding',
                 TransformerWrapper(include=['gender'],
                                    transfo...
                                                               mapping=[{'col': 'gender',
                                                                         'data_type': dtype('O'),
                                                                         'mapping': Kobieta      0
Mê¿czyzna    1
NaN         -1
dtype: int64}]))),
                ('onehot_encoding',
                 TransformerWrapper(include=['age', 'edu_level', 'fav_animals',
                                             'fav_place'],
                                    transformer=OneHotEncoder(cols=['age',
                                                                    'edu_level',
                                                                    'fav_animals',
                                                                    'fav_place'],
                                                              handle_missing='return_nan',
                                                              use_cat_names=True))),
                ('trained_model', KMeans(random_state=123))]), ml_usecase=None)
2025-02-04 11:55:59,468:INFO:Set up data.
2025-02-04 11:56:09,591:INFO:Initializing predict_model()
2025-02-04 11:56:09,591:INFO:predict_model(self=<pycaret.clustering.oop.ClusteringExperiment object at 0x0000016CE7D73010>, estimator=Pipeline(memory=Memory(location=None),
         steps=[('numerical_imputer',
                 TransformerWrapper(include=[], transformer=SimpleImputer())),
                ('categorical_imputer',
                 TransformerWrapper(include=['age', 'edu_level', 'fav_animals',
                                             'fav_place', 'gender'],
                                    transformer=SimpleImputer(strategy='most_frequent'))),
                ('ordinal_encoding',
                 TransformerWrapper(include=['gender'],
                                    transfo...
                                                               mapping=[{'col': 'gender',
                                                                         'data_type': dtype('O'),
                                                                         'mapping': Kobieta      0
Mê¿czyzna    1
NaN         -1
dtype: int64}]))),
                ('onehot_encoding',
                 TransformerWrapper(include=['age', 'edu_level', 'fav_animals',
                                             'fav_place'],
                                    transformer=OneHotEncoder(cols=['age',
                                                                    'edu_level',
                                                                    'fav_animals',
                                                                    'fav_place'],
                                                              handle_missing='return_nan',
                                                              use_cat_names=True))),
                ('trained_model', KMeans(random_state=123))]), ml_usecase=None)
2025-02-04 11:56:09,591:INFO:Set up data.
2025-02-04 11:56:26,475:INFO:Initializing predict_model()
2025-02-04 11:56:26,475:INFO:predict_model(self=<pycaret.clustering.oop.ClusteringExperiment object at 0x0000016CE87E3050>, estimator=Pipeline(memory=Memory(location=None),
         steps=[('numerical_imputer',
                 TransformerWrapper(include=[], transformer=SimpleImputer())),
                ('categorical_imputer',
                 TransformerWrapper(include=['age', 'edu_level', 'fav_animals',
                                             'fav_place', 'gender'],
                                    transformer=SimpleImputer(strategy='most_frequent'))),
                ('ordinal_encoding',
                 TransformerWrapper(include=['gender'],
                                    transfo...
                                                               mapping=[{'col': 'gender',
                                                                         'data_type': dtype('O'),
                                                                         'mapping': Kobieta      0
Mê¿czyzna    1
NaN         -1
dtype: int64}]))),
                ('onehot_encoding',
                 TransformerWrapper(include=['age', 'edu_level', 'fav_animals',
                                             'fav_place'],
                                    transformer=OneHotEncoder(cols=['age',
                                                                    'edu_level',
                                                                    'fav_animals',
                                                                    'fav_place'],
                                                              handle_missing='return_nan',
                                                              use_cat_names=True))),
                ('trained_model', KMeans(random_state=123))]), ml_usecase=None)
2025-02-04 11:56:26,475:INFO:Set up data.
2025-02-04 11:56:29,933:INFO:Initializing predict_model()
2025-02-04 11:56:29,933:INFO:predict_model(self=<pycaret.clustering.oop.ClusteringExperiment object at 0x0000016CE98D7D50>, estimator=Pipeline(memory=Memory(location=None),
         steps=[('numerical_imputer',
                 TransformerWrapper(include=[], transformer=SimpleImputer())),
                ('categorical_imputer',
                 TransformerWrapper(include=['age', 'edu_level', 'fav_animals',
                                             'fav_place', 'gender'],
                                    transformer=SimpleImputer(strategy='most_frequent'))),
                ('ordinal_encoding',
                 TransformerWrapper(include=['gender'],
                                    transfo...
                                                               mapping=[{'col': 'gender',
                                                                         'data_type': dtype('O'),
                                                                         'mapping': Kobieta      0
Mê¿czyzna    1
NaN         -1
dtype: int64}]))),
                ('onehot_encoding',
                 TransformerWrapper(include=['age', 'edu_level', 'fav_animals',
                                             'fav_place'],
                                    transformer=OneHotEncoder(cols=['age',
                                                                    'edu_level',
                                                                    'fav_animals',
                                                                    'fav_place'],
                                                              handle_missing='return_nan',
                                                              use_cat_names=True))),
                ('trained_model', KMeans(random_state=123))]), ml_usecase=None)
2025-02-04 11:56:29,933:INFO:Set up data.
2025-02-04 11:56:39,223:INFO:Initializing predict_model()
2025-02-04 11:56:39,223:INFO:predict_model(self=<pycaret.clustering.oop.ClusteringExperiment object at 0x0000016CE9AF1890>, estimator=Pipeline(memory=Memory(location=None),
         steps=[('numerical_imputer',
                 TransformerWrapper(include=[], transformer=SimpleImputer())),
                ('categorical_imputer',
                 TransformerWrapper(include=['age', 'edu_level', 'fav_animals',
                                             'fav_place', 'gender'],
                                    transformer=SimpleImputer(strategy='most_frequent'))),
                ('ordinal_encoding',
                 TransformerWrapper(include=['gender'],
                                    transfo...
                                                               mapping=[{'col': 'gender',
                                                                         'data_type': dtype('O'),
                                                                         'mapping': Kobieta      0
Mê¿czyzna    1
NaN         -1
dtype: int64}]))),
                ('onehot_encoding',
                 TransformerWrapper(include=['age', 'edu_level', 'fav_animals',
                                             'fav_place'],
                                    transformer=OneHotEncoder(cols=['age',
                                                                    'edu_level',
                                                                    'fav_animals',
                                                                    'fav_place'],
                                                              handle_missing='return_nan',
                                                              use_cat_names=True))),
                ('trained_model', KMeans(random_state=123))]), ml_usecase=None)
2025-02-04 11:56:39,223:INFO:Set up data.
2025-02-04 11:56:51,099:INFO:Initializing predict_model()
2025-02-04 11:56:51,099:INFO:predict_model(self=<pycaret.clustering.oop.ClusteringExperiment object at 0x0000016CE79C0E90>, estimator=Pipeline(memory=Memory(location=None),
         steps=[('numerical_imputer',
                 TransformerWrapper(include=[], transformer=SimpleImputer())),
                ('categorical_imputer',
                 TransformerWrapper(include=['age', 'edu_level', 'fav_animals',
                                             'fav_place', 'gender'],
                                    transformer=SimpleImputer(strategy='most_frequent'))),
                ('ordinal_encoding',
                 TransformerWrapper(include=['gender'],
                                    transfo...
                                                               mapping=[{'col': 'gender',
                                                                         'data_type': dtype('O'),
                                                                         'mapping': Kobieta      0
Mê¿czyzna    1
NaN         -1
dtype: int64}]))),
                ('onehot_encoding',
                 TransformerWrapper(include=['age', 'edu_level', 'fav_animals',
                                             'fav_place'],
                                    transformer=OneHotEncoder(cols=['age',
                                                                    'edu_level',
                                                                    'fav_animals',
                                                                    'fav_place'],
                                                              handle_missing='return_nan',
                                                              use_cat_names=True))),
                ('trained_model', KMeans(random_state=123))]), ml_usecase=None)
2025-02-04 11:56:51,099:INFO:Set up data.
2025-02-04 11:57:03,192:INFO:Initializing predict_model()
2025-02-04 11:57:03,194:INFO:predict_model(self=<pycaret.clustering.oop.ClusteringExperiment object at 0x0000016CE872BBD0>, estimator=Pipeline(memory=Memory(location=None),
         steps=[('numerical_imputer',
                 TransformerWrapper(include=[], transformer=SimpleImputer())),
                ('categorical_imputer',
                 TransformerWrapper(include=['age', 'edu_level', 'fav_animals',
                                             'fav_place', 'gender'],
                                    transformer=SimpleImputer(strategy='most_frequent'))),
                ('ordinal_encoding',
                 TransformerWrapper(include=['gender'],
                                    transfo...
                                                               mapping=[{'col': 'gender',
                                                                         'data_type': dtype('O'),
                                                                         'mapping': Kobieta      0
Mê¿czyzna    1
NaN         -1
dtype: int64}]))),
                ('onehot_encoding',
                 TransformerWrapper(include=['age', 'edu_level', 'fav_animals',
                                             'fav_place'],
                                    transformer=OneHotEncoder(cols=['age',
                                                                    'edu_level',
                                                                    'fav_animals',
                                                                    'fav_place'],
                                                              handle_missing='return_nan',
                                                              use_cat_names=True))),
                ('trained_model', KMeans(random_state=123))]), ml_usecase=None)
2025-02-04 11:57:03,195:INFO:Set up data.
2025-02-04 11:57:07,252:INFO:Initializing predict_model()
2025-02-04 11:57:07,252:INFO:predict_model(self=<pycaret.clustering.oop.ClusteringExperiment object at 0x0000016CE98C53D0>, estimator=Pipeline(memory=Memory(location=None),
         steps=[('numerical_imputer',
                 TransformerWrapper(include=[], transformer=SimpleImputer())),
                ('categorical_imputer',
                 TransformerWrapper(include=['age', 'edu_level', 'fav_animals',
                                             'fav_place', 'gender'],
                                    transformer=SimpleImputer(strategy='most_frequent'))),
                ('ordinal_encoding',
                 TransformerWrapper(include=['gender'],
                                    transfo...
                                                               mapping=[{'col': 'gender',
                                                                         'data_type': dtype('O'),
                                                                         'mapping': Kobieta      0
Mê¿czyzna    1
NaN         -1
dtype: int64}]))),
                ('onehot_encoding',
                 TransformerWrapper(include=['age', 'edu_level', 'fav_animals',
                                             'fav_place'],
                                    transformer=OneHotEncoder(cols=['age',
                                                                    'edu_level',
                                                                    'fav_animals',
                                                                    'fav_place'],
                                                              handle_missing='return_nan',
                                                              use_cat_names=True))),
                ('trained_model', KMeans(random_state=123))]), ml_usecase=None)
2025-02-04 11:57:07,253:INFO:Set up data.
2025-02-04 11:57:15,187:INFO:Initializing predict_model()
2025-02-04 11:57:15,188:INFO:predict_model(self=<pycaret.clustering.oop.ClusteringExperiment object at 0x0000016CE98ADC10>, estimator=Pipeline(memory=Memory(location=None),
         steps=[('numerical_imputer',
                 TransformerWrapper(include=[], transformer=SimpleImputer())),
                ('categorical_imputer',
                 TransformerWrapper(include=['age', 'edu_level', 'fav_animals',
                                             'fav_place', 'gender'],
                                    transformer=SimpleImputer(strategy='most_frequent'))),
                ('ordinal_encoding',
                 TransformerWrapper(include=['gender'],
                                    transfo...
                                                               mapping=[{'col': 'gender',
                                                                         'data_type': dtype('O'),
                                                                         'mapping': Kobieta      0
Mê¿czyzna    1
NaN         -1
dtype: int64}]))),
                ('onehot_encoding',
                 TransformerWrapper(include=['age', 'edu_level', 'fav_animals',
                                             'fav_place'],
                                    transformer=OneHotEncoder(cols=['age',
                                                                    'edu_level',
                                                                    'fav_animals',
                                                                    'fav_place'],
                                                              handle_missing='return_nan',
                                                              use_cat_names=True))),
                ('trained_model', KMeans(random_state=123))]), ml_usecase=None)
2025-02-04 11:57:15,188:INFO:Set up data.
2025-02-04 11:58:27,462:WARNING:C:\Users\User\Desktop\open_ai\modu³_7\find_friends\app.py:57: SyntaxWarning:

'dict' object is not callable; perhaps you missed a comma?


2025-02-04 11:58:27,525:INFO:Initializing predict_model()
2025-02-04 11:58:27,525:INFO:predict_model(self=<pycaret.clustering.oop.ClusteringExperiment object at 0x0000016CDD5BE250>, estimator=Pipeline(memory=Memory(location=None),
         steps=[('numerical_imputer',
                 TransformerWrapper(include=[], transformer=SimpleImputer())),
                ('categorical_imputer',
                 TransformerWrapper(include=['age', 'edu_level', 'fav_animals',
                                             'fav_place', 'gender'],
                                    transformer=SimpleImputer(strategy='most_frequent'))),
                ('ordinal_encoding',
                 TransformerWrapper(include=['gender'],
                                    transfo...
                                                               mapping=[{'col': 'gender',
                                                                         'data_type': dtype('O'),
                                                                         'mapping': Kobieta      0
Mê¿czyzna    1
NaN         -1
dtype: int64}]))),
                ('onehot_encoding',
                 TransformerWrapper(include=['age', 'edu_level', 'fav_animals',
                                             'fav_place'],
                                    transformer=OneHotEncoder(cols=['age',
                                                                    'edu_level',
                                                                    'fav_animals',
                                                                    'fav_place'],
                                                              handle_missing='return_nan',
                                                              use_cat_names=True))),
                ('trained_model', KMeans(random_state=123))]), ml_usecase=None)
2025-02-04 11:58:27,526:INFO:Set up data.
2025-02-04 11:58:30,286:WARNING:C:\Users\User\Desktop\open_ai\modu³_7\find_friends\app.py:57: SyntaxWarning:

'set' object is not callable; perhaps you missed a comma?


2025-02-04 11:58:30,433:INFO:Initializing predict_model()
2025-02-04 11:58:30,433:INFO:predict_model(self=<pycaret.clustering.oop.ClusteringExperiment object at 0x0000016CE9AE33D0>, estimator=Pipeline(memory=Memory(location=None),
         steps=[('numerical_imputer',
                 TransformerWrapper(include=[], transformer=SimpleImputer())),
                ('categorical_imputer',
                 TransformerWrapper(include=['age', 'edu_level', 'fav_animals',
                                             'fav_place', 'gender'],
                                    transformer=SimpleImputer(strategy='most_frequent'))),
                ('ordinal_encoding',
                 TransformerWrapper(include=['gender'],
                                    transfo...
                                                               mapping=[{'col': 'gender',
                                                                         'data_type': dtype('O'),
                                                                         'mapping': Kobieta      0
Mê¿czyzna    1
NaN         -1
dtype: int64}]))),
                ('onehot_encoding',
                 TransformerWrapper(include=['age', 'edu_level', 'fav_animals',
                                             'fav_place'],
                                    transformer=OneHotEncoder(cols=['age',
                                                                    'edu_level',
                                                                    'fav_animals',
                                                                    'fav_place'],
                                                              handle_missing='return_nan',
                                                              use_cat_names=True))),
                ('trained_model', KMeans(random_state=123))]), ml_usecase=None)
2025-02-04 11:58:30,433:INFO:Set up data.
2025-02-04 11:58:33,009:WARNING:C:\Users\User\Desktop\open_ai\modu³_7\find_friends\app.py:57: SyntaxWarning:

'set' object is not callable; perhaps you missed a comma?


2025-02-04 11:58:33,066:INFO:Initializing predict_model()
2025-02-04 11:58:33,066:INFO:predict_model(self=<pycaret.clustering.oop.ClusteringExperiment object at 0x0000016CE86C30D0>, estimator=Pipeline(memory=Memory(location=None),
         steps=[('numerical_imputer',
                 TransformerWrapper(include=[], transformer=SimpleImputer())),
                ('categorical_imputer',
                 TransformerWrapper(include=['age', 'edu_level', 'fav_animals',
                                             'fav_place', 'gender'],
                                    transformer=SimpleImputer(strategy='most_frequent'))),
                ('ordinal_encoding',
                 TransformerWrapper(include=['gender'],
                                    transfo...
                                                               mapping=[{'col': 'gender',
                                                                         'data_type': dtype('O'),
                                                                         'mapping': Kobieta      0
Mê¿czyzna    1
NaN         -1
dtype: int64}]))),
                ('onehot_encoding',
                 TransformerWrapper(include=['age', 'edu_level', 'fav_animals',
                                             'fav_place'],
                                    transformer=OneHotEncoder(cols=['age',
                                                                    'edu_level',
                                                                    'fav_animals',
                                                                    'fav_place'],
                                                              handle_missing='return_nan',
                                                              use_cat_names=True))),
                ('trained_model', KMeans(random_state=123))]), ml_usecase=None)
2025-02-04 11:58:33,066:INFO:Set up data.
2025-02-04 11:58:51,332:WARNING:C:\Users\User\Desktop\open_ai\modu³_7\find_friends\app.py:57: SyntaxWarning:

'str' object is not callable; perhaps you missed a comma?


2025-02-04 11:58:51,397:INFO:Initializing predict_model()
2025-02-04 11:58:51,402:INFO:predict_model(self=<pycaret.clustering.oop.ClusteringExperiment object at 0x0000016CDD5BCAD0>, estimator=Pipeline(memory=Memory(location=None),
         steps=[('numerical_imputer',
                 TransformerWrapper(include=[], transformer=SimpleImputer())),
                ('categorical_imputer',
                 TransformerWrapper(include=['age', 'edu_level', 'fav_animals',
                                             'fav_place', 'gender'],
                                    transformer=SimpleImputer(strategy='most_frequent'))),
                ('ordinal_encoding',
                 TransformerWrapper(include=['gender'],
                                    transfo...
                                                               mapping=[{'col': 'gender',
                                                                         'data_type': dtype('O'),
                                                                         'mapping': Kobieta      0
Mê¿czyzna    1
NaN         -1
dtype: int64}]))),
                ('onehot_encoding',
                 TransformerWrapper(include=['age', 'edu_level', 'fav_animals',
                                             'fav_place'],
                                    transformer=OneHotEncoder(cols=['age',
                                                                    'edu_level',
                                                                    'fav_animals',
                                                                    'fav_place'],
                                                              handle_missing='return_nan',
                                                              use_cat_names=True))),
                ('trained_model', KMeans(random_state=123))]), ml_usecase=None)
2025-02-04 11:58:51,402:INFO:Set up data.
2025-02-04 11:58:53,432:WARNING:C:\Users\User\Desktop\open_ai\modu³_7\find_friends\app.py:57: SyntaxWarning:

'str' object is not callable; perhaps you missed a comma?


2025-02-04 11:58:53,503:INFO:Initializing predict_model()
2025-02-04 11:58:53,504:INFO:predict_model(self=<pycaret.clustering.oop.ClusteringExperiment object at 0x0000016CE86AA5D0>, estimator=Pipeline(memory=Memory(location=None),
         steps=[('numerical_imputer',
                 TransformerWrapper(include=[], transformer=SimpleImputer())),
                ('categorical_imputer',
                 TransformerWrapper(include=['age', 'edu_level', 'fav_animals',
                                             'fav_place', 'gender'],
                                    transformer=SimpleImputer(strategy='most_frequent'))),
                ('ordinal_encoding',
                 TransformerWrapper(include=['gender'],
                                    transfo...
                                                               mapping=[{'col': 'gender',
                                                                         'data_type': dtype('O'),
                                                                         'mapping': Kobieta      0
Mê¿czyzna    1
NaN         -1
dtype: int64}]))),
                ('onehot_encoding',
                 TransformerWrapper(include=['age', 'edu_level', 'fav_animals',
                                             'fav_place'],
                                    transformer=OneHotEncoder(cols=['age',
                                                                    'edu_level',
                                                                    'fav_animals',
                                                                    'fav_place'],
                                                              handle_missing='return_nan',
                                                              use_cat_names=True))),
                ('trained_model', KMeans(random_state=123))]), ml_usecase=None)
2025-02-04 11:58:53,504:INFO:Set up data.
2025-02-04 11:58:55,234:WARNING:C:\Users\User\Desktop\open_ai\modu³_7\find_friends\app.py:57: SyntaxWarning:

'str' object is not callable; perhaps you missed a comma?


2025-02-04 11:58:55,296:INFO:Initializing predict_model()
2025-02-04 11:58:55,296:INFO:predict_model(self=<pycaret.clustering.oop.ClusteringExperiment object at 0x0000016CE884A150>, estimator=Pipeline(memory=Memory(location=None),
         steps=[('numerical_imputer',
                 TransformerWrapper(include=[], transformer=SimpleImputer())),
                ('categorical_imputer',
                 TransformerWrapper(include=['age', 'edu_level', 'fav_animals',
                                             'fav_place', 'gender'],
                                    transformer=SimpleImputer(strategy='most_frequent'))),
                ('ordinal_encoding',
                 TransformerWrapper(include=['gender'],
                                    transfo...
                                                               mapping=[{'col': 'gender',
                                                                         'data_type': dtype('O'),
                                                                         'mapping': Kobieta      0
Mê¿czyzna    1
NaN         -1
dtype: int64}]))),
                ('onehot_encoding',
                 TransformerWrapper(include=['age', 'edu_level', 'fav_animals',
                                             'fav_place'],
                                    transformer=OneHotEncoder(cols=['age',
                                                                    'edu_level',
                                                                    'fav_animals',
                                                                    'fav_place'],
                                                              handle_missing='return_nan',
                                                              use_cat_names=True))),
                ('trained_model', KMeans(random_state=123))]), ml_usecase=None)
2025-02-04 11:58:55,297:INFO:Set up data.
2025-02-04 11:58:56,702:WARNING:C:\Users\User\Desktop\open_ai\modu³_7\find_friends\app.py:57: SyntaxWarning:

'str' object is not callable; perhaps you missed a comma?


2025-02-04 11:58:56,777:INFO:Initializing predict_model()
2025-02-04 11:58:56,777:INFO:predict_model(self=<pycaret.clustering.oop.ClusteringExperiment object at 0x0000016CE99B8590>, estimator=Pipeline(memory=Memory(location=None),
         steps=[('numerical_imputer',
                 TransformerWrapper(include=[], transformer=SimpleImputer())),
                ('categorical_imputer',
                 TransformerWrapper(include=['age', 'edu_level', 'fav_animals',
                                             'fav_place', 'gender'],
                                    transformer=SimpleImputer(strategy='most_frequent'))),
                ('ordinal_encoding',
                 TransformerWrapper(include=['gender'],
                                    transfo...
                                                               mapping=[{'col': 'gender',
                                                                         'data_type': dtype('O'),
                                                                         'mapping': Kobieta      0
Mê¿czyzna    1
NaN         -1
dtype: int64}]))),
                ('onehot_encoding',
                 TransformerWrapper(include=['age', 'edu_level', 'fav_animals',
                                             'fav_place'],
                                    transformer=OneHotEncoder(cols=['age',
                                                                    'edu_level',
                                                                    'fav_animals',
                                                                    'fav_place'],
                                                              handle_missing='return_nan',
                                                              use_cat_names=True))),
                ('trained_model', KMeans(random_state=123))]), ml_usecase=None)
2025-02-04 11:58:56,777:INFO:Set up data.
2025-02-04 11:59:07,151:WARNING:C:\Users\User\Desktop\open_ai\modu³_7\find_friends\app.py:57: SyntaxWarning:

'str' object is not callable; perhaps you missed a comma?


2025-02-04 11:59:07,213:INFO:Initializing predict_model()
2025-02-04 11:59:07,214:INFO:predict_model(self=<pycaret.clustering.oop.ClusteringExperiment object at 0x0000016CE7976050>, estimator=Pipeline(memory=Memory(location=None),
         steps=[('numerical_imputer',
                 TransformerWrapper(include=[], transformer=SimpleImputer())),
                ('categorical_imputer',
                 TransformerWrapper(include=['age', 'edu_level', 'fav_animals',
                                             'fav_place', 'gender'],
                                    transformer=SimpleImputer(strategy='most_frequent'))),
                ('ordinal_encoding',
                 TransformerWrapper(include=['gender'],
                                    transfo...
                                                               mapping=[{'col': 'gender',
                                                                         'data_type': dtype('O'),
                                                                         'mapping': Kobieta      0
Mê¿czyzna    1
NaN         -1
dtype: int64}]))),
                ('onehot_encoding',
                 TransformerWrapper(include=['age', 'edu_level', 'fav_animals',
                                             'fav_place'],
                                    transformer=OneHotEncoder(cols=['age',
                                                                    'edu_level',
                                                                    'fav_animals',
                                                                    'fav_place'],
                                                              handle_missing='return_nan',
                                                              use_cat_names=True))),
                ('trained_model', KMeans(random_state=123))]), ml_usecase=None)
2025-02-04 11:59:07,215:INFO:Set up data.
2025-02-04 11:59:44,606:INFO:Initializing predict_model()
2025-02-04 11:59:44,606:INFO:predict_model(self=<pycaret.clustering.oop.ClusteringExperiment object at 0x0000016CE8847350>, estimator=Pipeline(memory=Memory(location=None),
         steps=[('numerical_imputer',
                 TransformerWrapper(include=[], transformer=SimpleImputer())),
                ('categorical_imputer',
                 TransformerWrapper(include=['age', 'edu_level', 'fav_animals',
                                             'fav_place', 'gender'],
                                    transformer=SimpleImputer(strategy='most_frequent'))),
                ('ordinal_encoding',
                 TransformerWrapper(include=['gender'],
                                    transfo...
                                                               mapping=[{'col': 'gender',
                                                                         'data_type': dtype('O'),
                                                                         'mapping': Kobieta      0
Mê¿czyzna    1
NaN         -1
dtype: int64}]))),
                ('onehot_encoding',
                 TransformerWrapper(include=['age', 'edu_level', 'fav_animals',
                                             'fav_place'],
                                    transformer=OneHotEncoder(cols=['age',
                                                                    'edu_level',
                                                                    'fav_animals',
                                                                    'fav_place'],
                                                              handle_missing='return_nan',
                                                              use_cat_names=True))),
                ('trained_model', KMeans(random_state=123))]), ml_usecase=None)
2025-02-04 11:59:44,606:INFO:Set up data.
2025-02-04 11:59:58,241:INFO:Initializing predict_model()
2025-02-04 11:59:58,241:INFO:predict_model(self=<pycaret.clustering.oop.ClusteringExperiment object at 0x0000016CE8600790>, estimator=Pipeline(memory=Memory(location=None),
         steps=[('numerical_imputer',
                 TransformerWrapper(include=[], transformer=SimpleImputer())),
                ('categorical_imputer',
                 TransformerWrapper(include=['age', 'edu_level', 'fav_animals',
                                             'fav_place', 'gender'],
                                    transformer=SimpleImputer(strategy='most_frequent'))),
                ('ordinal_encoding',
                 TransformerWrapper(include=['gender'],
                                    transfo...
                                                               mapping=[{'col': 'gender',
                                                                         'data_type': dtype('O'),
                                                                         'mapping': Kobieta      0
Mê¿czyzna    1
NaN         -1
dtype: int64}]))),
                ('onehot_encoding',
                 TransformerWrapper(include=['age', 'edu_level', 'fav_animals',
                                             'fav_place'],
                                    transformer=OneHotEncoder(cols=['age',
                                                                    'edu_level',
                                                                    'fav_animals',
                                                                    'fav_place'],
                                                              handle_missing='return_nan',
                                                              use_cat_names=True))),
                ('trained_model', KMeans(random_state=123))]), ml_usecase=None)
2025-02-04 11:59:58,242:INFO:Set up data.
2025-02-04 12:00:04,047:INFO:Initializing predict_model()
2025-02-04 12:00:04,047:INFO:predict_model(self=<pycaret.clustering.oop.ClusteringExperiment object at 0x0000016CDD339890>, estimator=Pipeline(memory=Memory(location=None),
         steps=[('numerical_imputer',
                 TransformerWrapper(include=[], transformer=SimpleImputer())),
                ('categorical_imputer',
                 TransformerWrapper(include=['age', 'edu_level', 'fav_animals',
                                             'fav_place', 'gender'],
                                    transformer=SimpleImputer(strategy='most_frequent'))),
                ('ordinal_encoding',
                 TransformerWrapper(include=['gender'],
                                    transfo...
                                                               mapping=[{'col': 'gender',
                                                                         'data_type': dtype('O'),
                                                                         'mapping': Kobieta      0
Mê¿czyzna    1
NaN         -1
dtype: int64}]))),
                ('onehot_encoding',
                 TransformerWrapper(include=['age', 'edu_level', 'fav_animals',
                                             'fav_place'],
                                    transformer=OneHotEncoder(cols=['age',
                                                                    'edu_level',
                                                                    'fav_animals',
                                                                    'fav_place'],
                                                              handle_missing='return_nan',
                                                              use_cat_names=True))),
                ('trained_model', KMeans(random_state=123))]), ml_usecase=None)
2025-02-04 12:00:04,047:INFO:Set up data.
2025-02-04 12:00:13,479:INFO:Initializing predict_model()
2025-02-04 12:00:13,479:INFO:predict_model(self=<pycaret.clustering.oop.ClusteringExperiment object at 0x0000016CE8630210>, estimator=Pipeline(memory=Memory(location=None),
         steps=[('numerical_imputer',
                 TransformerWrapper(include=[], transformer=SimpleImputer())),
                ('categorical_imputer',
                 TransformerWrapper(include=['age', 'edu_level', 'fav_animals',
                                             'fav_place', 'gender'],
                                    transformer=SimpleImputer(strategy='most_frequent'))),
                ('ordinal_encoding',
                 TransformerWrapper(include=['gender'],
                                    transfo...
                                                               mapping=[{'col': 'gender',
                                                                         'data_type': dtype('O'),
                                                                         'mapping': Kobieta      0
Mê¿czyzna    1
NaN         -1
dtype: int64}]))),
                ('onehot_encoding',
                 TransformerWrapper(include=['age', 'edu_level', 'fav_animals',
                                             'fav_place'],
                                    transformer=OneHotEncoder(cols=['age',
                                                                    'edu_level',
                                                                    'fav_animals',
                                                                    'fav_place'],
                                                              handle_missing='return_nan',
                                                              use_cat_names=True))),
                ('trained_model', KMeans(random_state=123))]), ml_usecase=None)
2025-02-04 12:00:13,479:INFO:Set up data.
2025-02-04 12:00:15,996:INFO:Initializing predict_model()
2025-02-04 12:00:15,996:INFO:predict_model(self=<pycaret.clustering.oop.ClusteringExperiment object at 0x0000016CE99FD290>, estimator=Pipeline(memory=Memory(location=None),
         steps=[('numerical_imputer',
                 TransformerWrapper(include=[], transformer=SimpleImputer())),
                ('categorical_imputer',
                 TransformerWrapper(include=['age', 'edu_level', 'fav_animals',
                                             'fav_place', 'gender'],
                                    transformer=SimpleImputer(strategy='most_frequent'))),
                ('ordinal_encoding',
                 TransformerWrapper(include=['gender'],
                                    transfo...
                                                               mapping=[{'col': 'gender',
                                                                         'data_type': dtype('O'),
                                                                         'mapping': Kobieta      0
Mê¿czyzna    1
NaN         -1
dtype: int64}]))),
                ('onehot_encoding',
                 TransformerWrapper(include=['age', 'edu_level', 'fav_animals',
                                             'fav_place'],
                                    transformer=OneHotEncoder(cols=['age',
                                                                    'edu_level',
                                                                    'fav_animals',
                                                                    'fav_place'],
                                                              handle_missing='return_nan',
                                                              use_cat_names=True))),
                ('trained_model', KMeans(random_state=123))]), ml_usecase=None)
2025-02-04 12:00:15,997:INFO:Set up data.
2025-02-04 12:00:18,589:INFO:Initializing predict_model()
2025-02-04 12:00:18,590:INFO:predict_model(self=<pycaret.clustering.oop.ClusteringExperiment object at 0x0000016CE7698D90>, estimator=Pipeline(memory=Memory(location=None),
         steps=[('numerical_imputer',
                 TransformerWrapper(include=[], transformer=SimpleImputer())),
                ('categorical_imputer',
                 TransformerWrapper(include=['age', 'edu_level', 'fav_animals',
                                             'fav_place', 'gender'],
                                    transformer=SimpleImputer(strategy='most_frequent'))),
                ('ordinal_encoding',
                 TransformerWrapper(include=['gender'],
                                    transfo...
                                                               mapping=[{'col': 'gender',
                                                                         'data_type': dtype('O'),
                                                                         'mapping': Kobieta      0
Mê¿czyzna    1
NaN         -1
dtype: int64}]))),
                ('onehot_encoding',
                 TransformerWrapper(include=['age', 'edu_level', 'fav_animals',
                                             'fav_place'],
                                    transformer=OneHotEncoder(cols=['age',
                                                                    'edu_level',
                                                                    'fav_animals',
                                                                    'fav_place'],
                                                              handle_missing='return_nan',
                                                              use_cat_names=True))),
                ('trained_model', KMeans(random_state=123))]), ml_usecase=None)
2025-02-04 12:00:18,590:INFO:Set up data.
2025-02-04 12:00:34,440:INFO:Initializing predict_model()
2025-02-04 12:00:34,441:INFO:predict_model(self=<pycaret.clustering.oop.ClusteringExperiment object at 0x0000016CDD4BAAD0>, estimator=Pipeline(memory=Memory(location=None),
         steps=[('numerical_imputer',
                 TransformerWrapper(include=[], transformer=SimpleImputer())),
                ('categorical_imputer',
                 TransformerWrapper(include=['age', 'edu_level', 'fav_animals',
                                             'fav_place', 'gender'],
                                    transformer=SimpleImputer(strategy='most_frequent'))),
                ('ordinal_encoding',
                 TransformerWrapper(include=['gender'],
                                    transfo...
                                                               mapping=[{'col': 'gender',
                                                                         'data_type': dtype('O'),
                                                                         'mapping': Kobieta      0
Mê¿czyzna    1
NaN         -1
dtype: int64}]))),
                ('onehot_encoding',
                 TransformerWrapper(include=['age', 'edu_level', 'fav_animals',
                                             'fav_place'],
                                    transformer=OneHotEncoder(cols=['age',
                                                                    'edu_level',
                                                                    'fav_animals',
                                                                    'fav_place'],
                                                              handle_missing='return_nan',
                                                              use_cat_names=True))),
                ('trained_model', KMeans(random_state=123))]), ml_usecase=None)
2025-02-04 12:00:34,441:INFO:Set up data.
2025-02-04 12:00:49,298:INFO:Initializing predict_model()
2025-02-04 12:00:49,298:INFO:predict_model(self=<pycaret.clustering.oop.ClusteringExperiment object at 0x0000016CE85A8710>, estimator=Pipeline(memory=Memory(location=None),
         steps=[('numerical_imputer',
                 TransformerWrapper(include=[], transformer=SimpleImputer())),
                ('categorical_imputer',
                 TransformerWrapper(include=['age', 'edu_level', 'fav_animals',
                                             'fav_place', 'gender'],
                                    transformer=SimpleImputer(strategy='most_frequent'))),
                ('ordinal_encoding',
                 TransformerWrapper(include=['gender'],
                                    transfo...
                                                               mapping=[{'col': 'gender',
                                                                         'data_type': dtype('O'),
                                                                         'mapping': Kobieta      0
Mê¿czyzna    1
NaN         -1
dtype: int64}]))),
                ('onehot_encoding',
                 TransformerWrapper(include=['age', 'edu_level', 'fav_animals',
                                             'fav_place'],
                                    transformer=OneHotEncoder(cols=['age',
                                                                    'edu_level',
                                                                    'fav_animals',
                                                                    'fav_place'],
                                                              handle_missing='return_nan',
                                                              use_cat_names=True))),
                ('trained_model', KMeans(random_state=123))]), ml_usecase=None)
2025-02-04 12:00:49,298:INFO:Set up data.
2025-02-04 12:01:00,143:INFO:Initializing predict_model()
2025-02-04 12:01:00,143:INFO:predict_model(self=<pycaret.clustering.oop.ClusteringExperiment object at 0x0000016CE9AD4FD0>, estimator=Pipeline(memory=Memory(location=None),
         steps=[('numerical_imputer',
                 TransformerWrapper(include=[], transformer=SimpleImputer())),
                ('categorical_imputer',
                 TransformerWrapper(include=['age', 'edu_level', 'fav_animals',
                                             'fav_place', 'gender'],
                                    transformer=SimpleImputer(strategy='most_frequent'))),
                ('ordinal_encoding',
                 TransformerWrapper(include=['gender'],
                                    transfo...
                                                               mapping=[{'col': 'gender',
                                                                         'data_type': dtype('O'),
                                                                         'mapping': Kobieta      0
Mê¿czyzna    1
NaN         -1
dtype: int64}]))),
                ('onehot_encoding',
                 TransformerWrapper(include=['age', 'edu_level', 'fav_animals',
                                             'fav_place'],
                                    transformer=OneHotEncoder(cols=['age',
                                                                    'edu_level',
                                                                    'fav_animals',
                                                                    'fav_place'],
                                                              handle_missing='return_nan',
                                                              use_cat_names=True))),
                ('trained_model', KMeans(random_state=123))]), ml_usecase=None)
2025-02-04 12:01:00,144:INFO:Set up data.
2025-02-04 12:01:04,426:INFO:Initializing predict_model()
2025-02-04 12:01:04,426:INFO:predict_model(self=<pycaret.clustering.oop.ClusteringExperiment object at 0x0000016CE9AE9E50>, estimator=Pipeline(memory=Memory(location=None),
         steps=[('numerical_imputer',
                 TransformerWrapper(include=[], transformer=SimpleImputer())),
                ('categorical_imputer',
                 TransformerWrapper(include=['age', 'edu_level', 'fav_animals',
                                             'fav_place', 'gender'],
                                    transformer=SimpleImputer(strategy='most_frequent'))),
                ('ordinal_encoding',
                 TransformerWrapper(include=['gender'],
                                    transfo...
                                                               mapping=[{'col': 'gender',
                                                                         'data_type': dtype('O'),
                                                                         'mapping': Kobieta      0
Mê¿czyzna    1
NaN         -1
dtype: int64}]))),
                ('onehot_encoding',
                 TransformerWrapper(include=['age', 'edu_level', 'fav_animals',
                                             'fav_place'],
                                    transformer=OneHotEncoder(cols=['age',
                                                                    'edu_level',
                                                                    'fav_animals',
                                                                    'fav_place'],
                                                              handle_missing='return_nan',
                                                              use_cat_names=True))),
                ('trained_model', KMeans(random_state=123))]), ml_usecase=None)
2025-02-04 12:01:04,426:INFO:Set up data.
2025-02-04 12:01:06,073:INFO:Initializing predict_model()
2025-02-04 12:01:06,073:INFO:predict_model(self=<pycaret.clustering.oop.ClusteringExperiment object at 0x0000016CE98A7C10>, estimator=Pipeline(memory=Memory(location=None),
         steps=[('numerical_imputer',
                 TransformerWrapper(include=[], transformer=SimpleImputer())),
                ('categorical_imputer',
                 TransformerWrapper(include=['age', 'edu_level', 'fav_animals',
                                             'fav_place', 'gender'],
                                    transformer=SimpleImputer(strategy='most_frequent'))),
                ('ordinal_encoding',
                 TransformerWrapper(include=['gender'],
                                    transfo...
                                                               mapping=[{'col': 'gender',
                                                                         'data_type': dtype('O'),
                                                                         'mapping': Kobieta      0
Mê¿czyzna    1
NaN         -1
dtype: int64}]))),
                ('onehot_encoding',
                 TransformerWrapper(include=['age', 'edu_level', 'fav_animals',
                                             'fav_place'],
                                    transformer=OneHotEncoder(cols=['age',
                                                                    'edu_level',
                                                                    'fav_animals',
                                                                    'fav_place'],
                                                              handle_missing='return_nan',
                                                              use_cat_names=True))),
                ('trained_model', KMeans(random_state=123))]), ml_usecase=None)
2025-02-04 12:01:06,074:INFO:Set up data.
2025-02-04 12:01:15,886:INFO:Initializing predict_model()
2025-02-04 12:01:15,886:INFO:predict_model(self=<pycaret.clustering.oop.ClusteringExperiment object at 0x0000016CE79BD250>, estimator=Pipeline(memory=Memory(location=None),
         steps=[('numerical_imputer',
                 TransformerWrapper(include=[], transformer=SimpleImputer())),
                ('categorical_imputer',
                 TransformerWrapper(include=['age', 'edu_level', 'fav_animals',
                                             'fav_place', 'gender'],
                                    transformer=SimpleImputer(strategy='most_frequent'))),
                ('ordinal_encoding',
                 TransformerWrapper(include=['gender'],
                                    transfo...
                                                               mapping=[{'col': 'gender',
                                                                         'data_type': dtype('O'),
                                                                         'mapping': Kobieta      0
Mê¿czyzna    1
NaN         -1
dtype: int64}]))),
                ('onehot_encoding',
                 TransformerWrapper(include=['age', 'edu_level', 'fav_animals',
                                             'fav_place'],
                                    transformer=OneHotEncoder(cols=['age',
                                                                    'edu_level',
                                                                    'fav_animals',
                                                                    'fav_place'],
                                                              handle_missing='return_nan',
                                                              use_cat_names=True))),
                ('trained_model', KMeans(random_state=123))]), ml_usecase=None)
2025-02-04 12:01:15,886:INFO:Set up data.
2025-02-04 12:01:25,513:INFO:Initializing predict_model()
2025-02-04 12:01:25,513:INFO:predict_model(self=<pycaret.clustering.oop.ClusteringExperiment object at 0x0000016CE7B9D1D0>, estimator=Pipeline(memory=Memory(location=None),
         steps=[('numerical_imputer',
                 TransformerWrapper(include=[], transformer=SimpleImputer())),
                ('categorical_imputer',
                 TransformerWrapper(include=['age', 'edu_level', 'fav_animals',
                                             'fav_place', 'gender'],
                                    transformer=SimpleImputer(strategy='most_frequent'))),
                ('ordinal_encoding',
                 TransformerWrapper(include=['gender'],
                                    transfo...
                                                               mapping=[{'col': 'gender',
                                                                         'data_type': dtype('O'),
                                                                         'mapping': Kobieta      0
Mê¿czyzna    1
NaN         -1
dtype: int64}]))),
                ('onehot_encoding',
                 TransformerWrapper(include=['age', 'edu_level', 'fav_animals',
                                             'fav_place'],
                                    transformer=OneHotEncoder(cols=['age',
                                                                    'edu_level',
                                                                    'fav_animals',
                                                                    'fav_place'],
                                                              handle_missing='return_nan',
                                                              use_cat_names=True))),
                ('trained_model', KMeans(random_state=123))]), ml_usecase=None)
2025-02-04 12:01:25,513:INFO:Set up data.
2025-02-04 12:04:31,302:INFO:Initializing predict_model()
2025-02-04 12:04:31,305:INFO:predict_model(self=<pycaret.clustering.oop.ClusteringExperiment object at 0x0000016CE7D95050>, estimator=Pipeline(memory=Memory(location=None),
         steps=[('numerical_imputer',
                 TransformerWrapper(include=[], transformer=SimpleImputer())),
                ('categorical_imputer',
                 TransformerWrapper(include=['age', 'edu_level', 'fav_animals',
                                             'fav_place', 'gender'],
                                    transformer=SimpleImputer(strategy='most_frequent'))),
                ('ordinal_encoding',
                 TransformerWrapper(include=['gender'],
                                    transfo...
                                                               mapping=[{'col': 'gender',
                                                                         'data_type': dtype('O'),
                                                                         'mapping': Kobieta      0
Mê¿czyzna    1
NaN         -1
dtype: int64}]))),
                ('onehot_encoding',
                 TransformerWrapper(include=['age', 'edu_level', 'fav_animals',
                                             'fav_place'],
                                    transformer=OneHotEncoder(cols=['age',
                                                                    'edu_level',
                                                                    'fav_animals',
                                                                    'fav_place'],
                                                              handle_missing='return_nan',
                                                              use_cat_names=True))),
                ('trained_model', KMeans(random_state=123))]), ml_usecase=None)
2025-02-04 12:04:31,305:INFO:Set up data.
2025-02-04 12:04:49,225:INFO:Initializing predict_model()
2025-02-04 12:04:49,225:INFO:predict_model(self=<pycaret.clustering.oop.ClusteringExperiment object at 0x0000016CE8802D10>, estimator=Pipeline(memory=Memory(location=None),
         steps=[('numerical_imputer',
                 TransformerWrapper(include=[], transformer=SimpleImputer())),
                ('categorical_imputer',
                 TransformerWrapper(include=['age', 'edu_level', 'fav_animals',
                                             'fav_place', 'gender'],
                                    transformer=SimpleImputer(strategy='most_frequent'))),
                ('ordinal_encoding',
                 TransformerWrapper(include=['gender'],
                                    transfo...
                                                               mapping=[{'col': 'gender',
                                                                         'data_type': dtype('O'),
                                                                         'mapping': Kobieta      0
Mê¿czyzna    1
NaN         -1
dtype: int64}]))),
                ('onehot_encoding',
                 TransformerWrapper(include=['age', 'edu_level', 'fav_animals',
                                             'fav_place'],
                                    transformer=OneHotEncoder(cols=['age',
                                                                    'edu_level',
                                                                    'fav_animals',
                                                                    'fav_place'],
                                                              handle_missing='return_nan',
                                                              use_cat_names=True))),
                ('trained_model', KMeans(random_state=123))]), ml_usecase=None)
2025-02-04 12:04:49,230:INFO:Set up data.
2025-02-04 12:05:00,189:INFO:Initializing predict_model()
2025-02-04 12:05:00,190:INFO:predict_model(self=<pycaret.clustering.oop.ClusteringExperiment object at 0x0000016CE798B610>, estimator=Pipeline(memory=Memory(location=None),
         steps=[('numerical_imputer',
                 TransformerWrapper(include=[], transformer=SimpleImputer())),
                ('categorical_imputer',
                 TransformerWrapper(include=['age', 'edu_level', 'fav_animals',
                                             'fav_place', 'gender'],
                                    transformer=SimpleImputer(strategy='most_frequent'))),
                ('ordinal_encoding',
                 TransformerWrapper(include=['gender'],
                                    transfo...
                                                               mapping=[{'col': 'gender',
                                                                         'data_type': dtype('O'),
                                                                         'mapping': Kobieta      0
Mê¿czyzna    1
NaN         -1
dtype: int64}]))),
                ('onehot_encoding',
                 TransformerWrapper(include=['age', 'edu_level', 'fav_animals',
                                             'fav_place'],
                                    transformer=OneHotEncoder(cols=['age',
                                                                    'edu_level',
                                                                    'fav_animals',
                                                                    'fav_place'],
                                                              handle_missing='return_nan',
                                                              use_cat_names=True))),
                ('trained_model', KMeans(random_state=123))]), ml_usecase=None)
2025-02-04 12:05:00,190:INFO:Set up data.
2025-02-04 12:05:04,198:INFO:Initializing predict_model()
2025-02-04 12:05:04,198:INFO:predict_model(self=<pycaret.clustering.oop.ClusteringExperiment object at 0x0000016CE9AFB5D0>, estimator=Pipeline(memory=Memory(location=None),
         steps=[('numerical_imputer',
                 TransformerWrapper(include=[], transformer=SimpleImputer())),
                ('categorical_imputer',
                 TransformerWrapper(include=['age', 'edu_level', 'fav_animals',
                                             'fav_place', 'gender'],
                                    transformer=SimpleImputer(strategy='most_frequent'))),
                ('ordinal_encoding',
                 TransformerWrapper(include=['gender'],
                                    transfo...
                                                               mapping=[{'col': 'gender',
                                                                         'data_type': dtype('O'),
                                                                         'mapping': Kobieta      0
Mê¿czyzna    1
NaN         -1
dtype: int64}]))),
                ('onehot_encoding',
                 TransformerWrapper(include=['age', 'edu_level', 'fav_animals',
                                             'fav_place'],
                                    transformer=OneHotEncoder(cols=['age',
                                                                    'edu_level',
                                                                    'fav_animals',
                                                                    'fav_place'],
                                                              handle_missing='return_nan',
                                                              use_cat_names=True))),
                ('trained_model', KMeans(random_state=123))]), ml_usecase=None)
2025-02-04 12:05:04,198:INFO:Set up data.
2025-02-04 12:05:52,975:INFO:Initializing predict_model()
2025-02-04 12:05:52,975:INFO:predict_model(self=<pycaret.clustering.oop.ClusteringExperiment object at 0x0000016CE867C290>, estimator=Pipeline(memory=Memory(location=None),
         steps=[('numerical_imputer',
                 TransformerWrapper(include=[], transformer=SimpleImputer())),
                ('categorical_imputer',
                 TransformerWrapper(include=['age', 'edu_level', 'fav_animals',
                                             'fav_place', 'gender'],
                                    transformer=SimpleImputer(strategy='most_frequent'))),
                ('ordinal_encoding',
                 TransformerWrapper(include=['gender'],
                                    transfo...
                                                               mapping=[{'col': 'gender',
                                                                         'data_type': dtype('O'),
                                                                         'mapping': Kobieta      0
Mê¿czyzna    1
NaN         -1
dtype: int64}]))),
                ('onehot_encoding',
                 TransformerWrapper(include=['age', 'edu_level', 'fav_animals',
                                             'fav_place'],
                                    transformer=OneHotEncoder(cols=['age',
                                                                    'edu_level',
                                                                    'fav_animals',
                                                                    'fav_place'],
                                                              handle_missing='return_nan',
                                                              use_cat_names=True))),
                ('trained_model', KMeans(random_state=123))]), ml_usecase=None)
2025-02-04 12:05:52,976:INFO:Set up data.
2025-02-04 12:08:34,464:INFO:Initializing predict_model()
2025-02-04 12:08:34,465:INFO:predict_model(self=<pycaret.clustering.oop.ClusteringExperiment object at 0x0000016CE798AE90>, estimator=Pipeline(memory=Memory(location=None),
         steps=[('numerical_imputer',
                 TransformerWrapper(include=[], transformer=SimpleImputer())),
                ('categorical_imputer',
                 TransformerWrapper(include=['age', 'edu_level', 'fav_animals',
                                             'fav_place', 'gender'],
                                    transformer=SimpleImputer(strategy='most_frequent'))),
                ('ordinal_encoding',
                 TransformerWrapper(include=['gender'],
                                    transfo...
                                                               mapping=[{'col': 'gender',
                                                                         'data_type': dtype('O'),
                                                                         'mapping': Kobieta      0
Mê¿czyzna    1
NaN         -1
dtype: int64}]))),
                ('onehot_encoding',
                 TransformerWrapper(include=['age', 'edu_level', 'fav_animals',
                                             'fav_place'],
                                    transformer=OneHotEncoder(cols=['age',
                                                                    'edu_level',
                                                                    'fav_animals',
                                                                    'fav_place'],
                                                              handle_missing='return_nan',
                                                              use_cat_names=True))),
                ('trained_model', KMeans(random_state=123))]), ml_usecase=None)
2025-02-04 12:08:34,465:INFO:Set up data.
2025-02-04 12:08:39,534:INFO:Initializing predict_model()
2025-02-04 12:08:39,536:INFO:predict_model(self=<pycaret.clustering.oop.ClusteringExperiment object at 0x0000016CE986D250>, estimator=Pipeline(memory=Memory(location=None),
         steps=[('numerical_imputer',
                 TransformerWrapper(include=[], transformer=SimpleImputer())),
                ('categorical_imputer',
                 TransformerWrapper(include=['age', 'edu_level', 'fav_animals',
                                             'fav_place', 'gender'],
                                    transformer=SimpleImputer(strategy='most_frequent'))),
                ('ordinal_encoding',
                 TransformerWrapper(include=['gender'],
                                    transfo...
                                                               mapping=[{'col': 'gender',
                                                                         'data_type': dtype('O'),
                                                                         'mapping': Kobieta      0
Mê¿czyzna    1
NaN         -1
dtype: int64}]))),
                ('onehot_encoding',
                 TransformerWrapper(include=['age', 'edu_level', 'fav_animals',
                                             'fav_place'],
                                    transformer=OneHotEncoder(cols=['age',
                                                                    'edu_level',
                                                                    'fav_animals',
                                                                    'fav_place'],
                                                              handle_missing='return_nan',
                                                              use_cat_names=True))),
                ('trained_model', KMeans(random_state=123))]), ml_usecase=None)
2025-02-04 12:08:39,536:INFO:Set up data.
2025-02-04 12:09:25,612:INFO:Initializing predict_model()
2025-02-04 12:09:25,612:INFO:predict_model(self=<pycaret.clustering.oop.ClusteringExperiment object at 0x0000016CE98D4D90>, estimator=Pipeline(memory=Memory(location=None),
         steps=[('numerical_imputer',
                 TransformerWrapper(include=[], transformer=SimpleImputer())),
                ('categorical_imputer',
                 TransformerWrapper(include=['age', 'edu_level', 'fav_animals',
                                             'fav_place', 'gender'],
                                    transformer=SimpleImputer(strategy='most_frequent'))),
                ('ordinal_encoding',
                 TransformerWrapper(include=['gender'],
                                    transfo...
                                                               mapping=[{'col': 'gender',
                                                                         'data_type': dtype('O'),
                                                                         'mapping': Kobieta      0
Mê¿czyzna    1
NaN         -1
dtype: int64}]))),
                ('onehot_encoding',
                 TransformerWrapper(include=['age', 'edu_level', 'fav_animals',
                                             'fav_place'],
                                    transformer=OneHotEncoder(cols=['age',
                                                                    'edu_level',
                                                                    'fav_animals',
                                                                    'fav_place'],
                                                              handle_missing='return_nan',
                                                              use_cat_names=True))),
                ('trained_model', KMeans(random_state=123))]), ml_usecase=None)
2025-02-04 12:09:25,612:INFO:Set up data.
2025-02-04 12:10:55,038:INFO:Initializing predict_model()
2025-02-04 12:10:55,040:INFO:predict_model(self=<pycaret.clustering.oop.ClusteringExperiment object at 0x0000016CE87FA390>, estimator=Pipeline(memory=Memory(location=None),
         steps=[('numerical_imputer',
                 TransformerWrapper(include=[], transformer=SimpleImputer())),
                ('categorical_imputer',
                 TransformerWrapper(include=['age', 'edu_level', 'fav_animals',
                                             'fav_place', 'gender'],
                                    transformer=SimpleImputer(strategy='most_frequent'))),
                ('ordinal_encoding',
                 TransformerWrapper(include=['gender'],
                                    transfo...
                                                               mapping=[{'col': 'gender',
                                                                         'data_type': dtype('O'),
                                                                         'mapping': Kobieta      0
Mê¿czyzna    1
NaN         -1
dtype: int64}]))),
                ('onehot_encoding',
                 TransformerWrapper(include=['age', 'edu_level', 'fav_animals',
                                             'fav_place'],
                                    transformer=OneHotEncoder(cols=['age',
                                                                    'edu_level',
                                                                    'fav_animals',
                                                                    'fav_place'],
                                                              handle_missing='return_nan',
                                                              use_cat_names=True))),
                ('trained_model', KMeans(random_state=123))]), ml_usecase=None)
2025-02-04 12:10:55,040:INFO:Set up data.
2025-02-04 12:11:16,085:INFO:Initializing predict_model()
2025-02-04 12:11:16,085:INFO:predict_model(self=<pycaret.clustering.oop.ClusteringExperiment object at 0x0000016CE98820D0>, estimator=Pipeline(memory=Memory(location=None),
         steps=[('numerical_imputer',
                 TransformerWrapper(include=[], transformer=SimpleImputer())),
                ('categorical_imputer',
                 TransformerWrapper(include=['age', 'edu_level', 'fav_animals',
                                             'fav_place', 'gender'],
                                    transformer=SimpleImputer(strategy='most_frequent'))),
                ('ordinal_encoding',
                 TransformerWrapper(include=['gender'],
                                    transfo...
                                                               mapping=[{'col': 'gender',
                                                                         'data_type': dtype('O'),
                                                                         'mapping': Kobieta      0
Mê¿czyzna    1
NaN         -1
dtype: int64}]))),
                ('onehot_encoding',
                 TransformerWrapper(include=['age', 'edu_level', 'fav_animals',
                                             'fav_place'],
                                    transformer=OneHotEncoder(cols=['age',
                                                                    'edu_level',
                                                                    'fav_animals',
                                                                    'fav_place'],
                                                              handle_missing='return_nan',
                                                              use_cat_names=True))),
                ('trained_model', KMeans(random_state=123))]), ml_usecase=None)
2025-02-04 12:11:16,090:INFO:Set up data.
2025-02-04 12:11:18,140:INFO:Initializing predict_model()
2025-02-04 12:11:18,140:INFO:predict_model(self=<pycaret.clustering.oop.ClusteringExperiment object at 0x0000016CE875A810>, estimator=Pipeline(memory=Memory(location=None),
         steps=[('numerical_imputer',
                 TransformerWrapper(include=[], transformer=SimpleImputer())),
                ('categorical_imputer',
                 TransformerWrapper(include=['age', 'edu_level', 'fav_animals',
                                             'fav_place', 'gender'],
                                    transformer=SimpleImputer(strategy='most_frequent'))),
                ('ordinal_encoding',
                 TransformerWrapper(include=['gender'],
                                    transfo...
                                                               mapping=[{'col': 'gender',
                                                                         'data_type': dtype('O'),
                                                                         'mapping': Kobieta      0
Mê¿czyzna    1
NaN         -1
dtype: int64}]))),
                ('onehot_encoding',
                 TransformerWrapper(include=['age', 'edu_level', 'fav_animals',
                                             'fav_place'],
                                    transformer=OneHotEncoder(cols=['age',
                                                                    'edu_level',
                                                                    'fav_animals',
                                                                    'fav_place'],
                                                              handle_missing='return_nan',
                                                              use_cat_names=True))),
                ('trained_model', KMeans(random_state=123))]), ml_usecase=None)
2025-02-04 12:11:18,148:INFO:Set up data.
2025-02-04 12:11:20,098:INFO:Initializing predict_model()
2025-02-04 12:11:20,098:INFO:predict_model(self=<pycaret.clustering.oop.ClusteringExperiment object at 0x0000016CE87FD610>, estimator=Pipeline(memory=Memory(location=None),
         steps=[('numerical_imputer',
                 TransformerWrapper(include=[], transformer=SimpleImputer())),
                ('categorical_imputer',
                 TransformerWrapper(include=['age', 'edu_level', 'fav_animals',
                                             'fav_place', 'gender'],
                                    transformer=SimpleImputer(strategy='most_frequent'))),
                ('ordinal_encoding',
                 TransformerWrapper(include=['gender'],
                                    transfo...
                                                               mapping=[{'col': 'gender',
                                                                         'data_type': dtype('O'),
                                                                         'mapping': Kobieta      0
Mê¿czyzna    1
NaN         -1
dtype: int64}]))),
                ('onehot_encoding',
                 TransformerWrapper(include=['age', 'edu_level', 'fav_animals',
                                             'fav_place'],
                                    transformer=OneHotEncoder(cols=['age',
                                                                    'edu_level',
                                                                    'fav_animals',
                                                                    'fav_place'],
                                                              handle_missing='return_nan',
                                                              use_cat_names=True))),
                ('trained_model', KMeans(random_state=123))]), ml_usecase=None)
2025-02-04 12:11:20,102:INFO:Set up data.
2025-02-04 12:11:42,341:INFO:Initializing predict_model()
2025-02-04 12:11:42,341:INFO:predict_model(self=<pycaret.clustering.oop.ClusteringExperiment object at 0x0000016CE88035D0>, estimator=Pipeline(memory=Memory(location=None),
         steps=[('numerical_imputer',
                 TransformerWrapper(include=[], transformer=SimpleImputer())),
                ('categorical_imputer',
                 TransformerWrapper(include=['age', 'edu_level', 'fav_animals',
                                             'fav_place', 'gender'],
                                    transformer=SimpleImputer(strategy='most_frequent'))),
                ('ordinal_encoding',
                 TransformerWrapper(include=['gender'],
                                    transfo...
                                                               mapping=[{'col': 'gender',
                                                                         'data_type': dtype('O'),
                                                                         'mapping': Kobieta      0
Mê¿czyzna    1
NaN         -1
dtype: int64}]))),
                ('onehot_encoding',
                 TransformerWrapper(include=['age', 'edu_level', 'fav_animals',
                                             'fav_place'],
                                    transformer=OneHotEncoder(cols=['age',
                                                                    'edu_level',
                                                                    'fav_animals',
                                                                    'fav_place'],
                                                              handle_missing='return_nan',
                                                              use_cat_names=True))),
                ('trained_model', KMeans(random_state=123))]), ml_usecase=None)
2025-02-04 12:11:42,343:INFO:Set up data.
2025-02-04 12:11:48,329:INFO:Initializing predict_model()
2025-02-04 12:11:48,329:INFO:predict_model(self=<pycaret.clustering.oop.ClusteringExperiment object at 0x0000016CE7D7F990>, estimator=Pipeline(memory=Memory(location=None),
         steps=[('numerical_imputer',
                 TransformerWrapper(include=[], transformer=SimpleImputer())),
                ('categorical_imputer',
                 TransformerWrapper(include=['age', 'edu_level', 'fav_animals',
                                             'fav_place', 'gender'],
                                    transformer=SimpleImputer(strategy='most_frequent'))),
                ('ordinal_encoding',
                 TransformerWrapper(include=['gender'],
                                    transfo...
                                                               mapping=[{'col': 'gender',
                                                                         'data_type': dtype('O'),
                                                                         'mapping': Kobieta      0
Mê¿czyzna    1
NaN         -1
dtype: int64}]))),
                ('onehot_encoding',
                 TransformerWrapper(include=['age', 'edu_level', 'fav_animals',
                                             'fav_place'],
                                    transformer=OneHotEncoder(cols=['age',
                                                                    'edu_level',
                                                                    'fav_animals',
                                                                    'fav_place'],
                                                              handle_missing='return_nan',
                                                              use_cat_names=True))),
                ('trained_model', KMeans(random_state=123))]), ml_usecase=None)
2025-02-04 12:11:48,330:INFO:Set up data.
2025-02-04 12:15:50,144:INFO:Initializing predict_model()
2025-02-04 12:15:50,144:INFO:predict_model(self=<pycaret.clustering.oop.ClusteringExperiment object at 0x0000016CE9ADF6D0>, estimator=Pipeline(memory=Memory(location=None),
         steps=[('numerical_imputer',
                 TransformerWrapper(include=[], transformer=SimpleImputer())),
                ('categorical_imputer',
                 TransformerWrapper(include=['age', 'edu_level', 'fav_animals',
                                             'fav_place', 'gender'],
                                    transformer=SimpleImputer(strategy='most_frequent'))),
                ('ordinal_encoding',
                 TransformerWrapper(include=['gender'],
                                    transfo...
                                                               mapping=[{'col': 'gender',
                                                                         'data_type': dtype('O'),
                                                                         'mapping': Kobieta      0
Mê¿czyzna    1
NaN         -1
dtype: int64}]))),
                ('onehot_encoding',
                 TransformerWrapper(include=['age', 'edu_level', 'fav_animals',
                                             'fav_place'],
                                    transformer=OneHotEncoder(cols=['age',
                                                                    'edu_level',
                                                                    'fav_animals',
                                                                    'fav_place'],
                                                              handle_missing='return_nan',
                                                              use_cat_names=True))),
                ('trained_model', KMeans(random_state=123))]), ml_usecase=None)
2025-02-04 12:15:50,148:INFO:Set up data.
2025-02-04 12:20:52,138:INFO:Initializing predict_model()
2025-02-04 12:20:52,138:INFO:predict_model(self=<pycaret.clustering.oop.ClusteringExperiment object at 0x0000016CE79B4190>, estimator=Pipeline(memory=Memory(location=None),
         steps=[('numerical_imputer',
                 TransformerWrapper(include=[], transformer=SimpleImputer())),
                ('categorical_imputer',
                 TransformerWrapper(include=['age', 'edu_level', 'fav_animals',
                                             'fav_place', 'gender'],
                                    transformer=SimpleImputer(strategy='most_frequent'))),
                ('ordinal_encoding',
                 TransformerWrapper(include=['gender'],
                                    transfo...
                                                               mapping=[{'col': 'gender',
                                                                         'data_type': dtype('O'),
                                                                         'mapping': Kobieta      0
Mê¿czyzna    1
NaN         -1
dtype: int64}]))),
                ('onehot_encoding',
                 TransformerWrapper(include=['age', 'edu_level', 'fav_animals',
                                             'fav_place'],
                                    transformer=OneHotEncoder(cols=['age',
                                                                    'edu_level',
                                                                    'fav_animals',
                                                                    'fav_place'],
                                                              handle_missing='return_nan',
                                                              use_cat_names=True))),
                ('trained_model', KMeans(random_state=123))]), ml_usecase=None)
2025-02-04 12:20:52,138:INFO:Set up data.
2025-02-04 12:21:36,657:INFO:Initializing predict_model()
2025-02-04 12:21:36,657:INFO:predict_model(self=<pycaret.clustering.oop.ClusteringExperiment object at 0x0000016CE7DDC350>, estimator=Pipeline(memory=Memory(location=None),
         steps=[('numerical_imputer',
                 TransformerWrapper(include=[], transformer=SimpleImputer())),
                ('categorical_imputer',
                 TransformerWrapper(include=['age', 'edu_level', 'fav_animals',
                                             'fav_place', 'gender'],
                                    transformer=SimpleImputer(strategy='most_frequent'))),
                ('ordinal_encoding',
                 TransformerWrapper(include=['gender'],
                                    transfo...
                                                               mapping=[{'col': 'gender',
                                                                         'data_type': dtype('O'),
                                                                         'mapping': Kobieta      0
Mê¿czyzna    1
NaN         -1
dtype: int64}]))),
                ('onehot_encoding',
                 TransformerWrapper(include=['age', 'edu_level', 'fav_animals',
                                             'fav_place'],
                                    transformer=OneHotEncoder(cols=['age',
                                                                    'edu_level',
                                                                    'fav_animals',
                                                                    'fav_place'],
                                                              handle_missing='return_nan',
                                                              use_cat_names=True))),
                ('trained_model', KMeans(random_state=123))]), ml_usecase=None)
2025-02-04 12:21:36,659:INFO:Set up data.
2025-02-04 12:21:38,342:INFO:Initializing predict_model()
2025-02-04 12:21:38,342:INFO:predict_model(self=<pycaret.clustering.oop.ClusteringExperiment object at 0x0000016CE7976310>, estimator=Pipeline(memory=Memory(location=None),
         steps=[('numerical_imputer',
                 TransformerWrapper(include=[], transformer=SimpleImputer())),
                ('categorical_imputer',
                 TransformerWrapper(include=['age', 'edu_level', 'fav_animals',
                                             'fav_place', 'gender'],
                                    transformer=SimpleImputer(strategy='most_frequent'))),
                ('ordinal_encoding',
                 TransformerWrapper(include=['gender'],
                                    transfo...
                                                               mapping=[{'col': 'gender',
                                                                         'data_type': dtype('O'),
                                                                         'mapping': Kobieta      0
Mê¿czyzna    1
NaN         -1
dtype: int64}]))),
                ('onehot_encoding',
                 TransformerWrapper(include=['age', 'edu_level', 'fav_animals',
                                             'fav_place'],
                                    transformer=OneHotEncoder(cols=['age',
                                                                    'edu_level',
                                                                    'fav_animals',
                                                                    'fav_place'],
                                                              handle_missing='return_nan',
                                                              use_cat_names=True))),
                ('trained_model', KMeans(random_state=123))]), ml_usecase=None)
2025-02-04 12:21:38,344:INFO:Set up data.
2025-02-04 12:21:57,551:INFO:Initializing predict_model()
2025-02-04 12:21:57,551:INFO:predict_model(self=<pycaret.clustering.oop.ClusteringExperiment object at 0x0000016CE98C0310>, estimator=Pipeline(memory=Memory(location=None),
         steps=[('numerical_imputer',
                 TransformerWrapper(include=[], transformer=SimpleImputer())),
                ('categorical_imputer',
                 TransformerWrapper(include=['age', 'edu_level', 'fav_animals',
                                             'fav_place', 'gender'],
                                    transformer=SimpleImputer(strategy='most_frequent'))),
                ('ordinal_encoding',
                 TransformerWrapper(include=['gender'],
                                    transfo...
                                                               mapping=[{'col': 'gender',
                                                                         'data_type': dtype('O'),
                                                                         'mapping': Kobieta      0
Mê¿czyzna    1
NaN         -1
dtype: int64}]))),
                ('onehot_encoding',
                 TransformerWrapper(include=['age', 'edu_level', 'fav_animals',
                                             'fav_place'],
                                    transformer=OneHotEncoder(cols=['age',
                                                                    'edu_level',
                                                                    'fav_animals',
                                                                    'fav_place'],
                                                              handle_missing='return_nan',
                                                              use_cat_names=True))),
                ('trained_model', KMeans(random_state=123))]), ml_usecase=None)
2025-02-04 12:21:57,555:INFO:Set up data.
2025-02-04 12:21:58,644:INFO:Initializing predict_model()
2025-02-04 12:21:58,644:INFO:predict_model(self=<pycaret.clustering.oop.ClusteringExperiment object at 0x0000016CE7DDD990>, estimator=Pipeline(memory=Memory(location=None),
         steps=[('numerical_imputer',
                 TransformerWrapper(include=[], transformer=SimpleImputer())),
                ('categorical_imputer',
                 TransformerWrapper(include=['age', 'edu_level', 'fav_animals',
                                             'fav_place', 'gender'],
                                    transformer=SimpleImputer(strategy='most_frequent'))),
                ('ordinal_encoding',
                 TransformerWrapper(include=['gender'],
                                    transfo...
                                                               mapping=[{'col': 'gender',
                                                                         'data_type': dtype('O'),
                                                                         'mapping': Kobieta      0
Mê¿czyzna    1
NaN         -1
dtype: int64}]))),
                ('onehot_encoding',
                 TransformerWrapper(include=['age', 'edu_level', 'fav_animals',
                                             'fav_place'],
                                    transformer=OneHotEncoder(cols=['age',
                                                                    'edu_level',
                                                                    'fav_animals',
                                                                    'fav_place'],
                                                              handle_missing='return_nan',
                                                              use_cat_names=True))),
                ('trained_model', KMeans(random_state=123))]), ml_usecase=None)
2025-02-04 12:21:58,647:INFO:Set up data.
2025-02-04 12:22:04,225:INFO:Initializing predict_model()
2025-02-04 12:22:04,225:INFO:predict_model(self=<pycaret.clustering.oop.ClusteringExperiment object at 0x0000016CE7D999D0>, estimator=Pipeline(memory=Memory(location=None),
         steps=[('numerical_imputer',
                 TransformerWrapper(include=[], transformer=SimpleImputer())),
                ('categorical_imputer',
                 TransformerWrapper(include=['age', 'edu_level', 'fav_animals',
                                             'fav_place', 'gender'],
                                    transformer=SimpleImputer(strategy='most_frequent'))),
                ('ordinal_encoding',
                 TransformerWrapper(include=['gender'],
                                    transfo...
                                                               mapping=[{'col': 'gender',
                                                                         'data_type': dtype('O'),
                                                                         'mapping': Kobieta      0
Mê¿czyzna    1
NaN         -1
dtype: int64}]))),
                ('onehot_encoding',
                 TransformerWrapper(include=['age', 'edu_level', 'fav_animals',
                                             'fav_place'],
                                    transformer=OneHotEncoder(cols=['age',
                                                                    'edu_level',
                                                                    'fav_animals',
                                                                    'fav_place'],
                                                              handle_missing='return_nan',
                                                              use_cat_names=True))),
                ('trained_model', KMeans(random_state=123))]), ml_usecase=None)
2025-02-04 12:22:04,225:INFO:Set up data.
2025-02-04 12:22:27,011:INFO:Initializing predict_model()
2025-02-04 12:22:27,012:INFO:predict_model(self=<pycaret.clustering.oop.ClusteringExperiment object at 0x0000016CE8663F10>, estimator=Pipeline(memory=Memory(location=None),
         steps=[('numerical_imputer',
                 TransformerWrapper(include=[], transformer=SimpleImputer())),
                ('categorical_imputer',
                 TransformerWrapper(include=['age', 'edu_level', 'fav_animals',
                                             'fav_place', 'gender'],
                                    transformer=SimpleImputer(strategy='most_frequent'))),
                ('ordinal_encoding',
                 TransformerWrapper(include=['gender'],
                                    transfo...
                                                               mapping=[{'col': 'gender',
                                                                         'data_type': dtype('O'),
                                                                         'mapping': Kobieta      0
Mê¿czyzna    1
NaN         -1
dtype: int64}]))),
                ('onehot_encoding',
                 TransformerWrapper(include=['age', 'edu_level', 'fav_animals',
                                             'fav_place'],
                                    transformer=OneHotEncoder(cols=['age',
                                                                    'edu_level',
                                                                    'fav_animals',
                                                                    'fav_place'],
                                                              handle_missing='return_nan',
                                                              use_cat_names=True))),
                ('trained_model', KMeans(random_state=123))]), ml_usecase=None)
2025-02-04 12:22:27,013:INFO:Set up data.
2025-02-04 12:22:36,175:INFO:Initializing predict_model()
2025-02-04 12:22:36,175:INFO:predict_model(self=<pycaret.clustering.oop.ClusteringExperiment object at 0x0000016CE9884910>, estimator=Pipeline(memory=Memory(location=None),
         steps=[('numerical_imputer',
                 TransformerWrapper(include=[], transformer=SimpleImputer())),
                ('categorical_imputer',
                 TransformerWrapper(include=['age', 'edu_level', 'fav_animals',
                                             'fav_place', 'gender'],
                                    transformer=SimpleImputer(strategy='most_frequent'))),
                ('ordinal_encoding',
                 TransformerWrapper(include=['gender'],
                                    transfo...
                                                               mapping=[{'col': 'gender',
                                                                         'data_type': dtype('O'),
                                                                         'mapping': Kobieta      0
Mê¿czyzna    1
NaN         -1
dtype: int64}]))),
                ('onehot_encoding',
                 TransformerWrapper(include=['age', 'edu_level', 'fav_animals',
                                             'fav_place'],
                                    transformer=OneHotEncoder(cols=['age',
                                                                    'edu_level',
                                                                    'fav_animals',
                                                                    'fav_place'],
                                                              handle_missing='return_nan',
                                                              use_cat_names=True))),
                ('trained_model', KMeans(random_state=123))]), ml_usecase=None)
2025-02-04 12:22:36,175:INFO:Set up data.
2025-02-04 12:22:41,640:INFO:Initializing predict_model()
2025-02-04 12:22:41,640:INFO:predict_model(self=<pycaret.clustering.oop.ClusteringExperiment object at 0x0000016CE87FAC50>, estimator=Pipeline(memory=Memory(location=None),
         steps=[('numerical_imputer',
                 TransformerWrapper(include=[], transformer=SimpleImputer())),
                ('categorical_imputer',
                 TransformerWrapper(include=['age', 'edu_level', 'fav_animals',
                                             'fav_place', 'gender'],
                                    transformer=SimpleImputer(strategy='most_frequent'))),
                ('ordinal_encoding',
                 TransformerWrapper(include=['gender'],
                                    transfo...
                                                               mapping=[{'col': 'gender',
                                                                         'data_type': dtype('O'),
                                                                         'mapping': Kobieta      0
Mê¿czyzna    1
NaN         -1
dtype: int64}]))),
                ('onehot_encoding',
                 TransformerWrapper(include=['age', 'edu_level', 'fav_animals',
                                             'fav_place'],
                                    transformer=OneHotEncoder(cols=['age',
                                                                    'edu_level',
                                                                    'fav_animals',
                                                                    'fav_place'],
                                                              handle_missing='return_nan',
                                                              use_cat_names=True))),
                ('trained_model', KMeans(random_state=123))]), ml_usecase=None)
2025-02-04 12:22:41,645:INFO:Set up data.
2025-02-04 12:22:47,818:INFO:Initializing predict_model()
2025-02-04 12:22:47,820:INFO:predict_model(self=<pycaret.clustering.oop.ClusteringExperiment object at 0x0000016CE99B8590>, estimator=Pipeline(memory=Memory(location=None),
         steps=[('numerical_imputer',
                 TransformerWrapper(include=[], transformer=SimpleImputer())),
                ('categorical_imputer',
                 TransformerWrapper(include=['age', 'edu_level', 'fav_animals',
                                             'fav_place', 'gender'],
                                    transformer=SimpleImputer(strategy='most_frequent'))),
                ('ordinal_encoding',
                 TransformerWrapper(include=['gender'],
                                    transfo...
                                                               mapping=[{'col': 'gender',
                                                                         'data_type': dtype('O'),
                                                                         'mapping': Kobieta      0
Mê¿czyzna    1
NaN         -1
dtype: int64}]))),
                ('onehot_encoding',
                 TransformerWrapper(include=['age', 'edu_level', 'fav_animals',
                                             'fav_place'],
                                    transformer=OneHotEncoder(cols=['age',
                                                                    'edu_level',
                                                                    'fav_animals',
                                                                    'fav_place'],
                                                              handle_missing='return_nan',
                                                              use_cat_names=True))),
                ('trained_model', KMeans(random_state=123))]), ml_usecase=None)
2025-02-04 12:22:47,820:INFO:Set up data.
2025-02-04 12:22:49,423:INFO:Initializing predict_model()
2025-02-04 12:22:49,423:INFO:predict_model(self=<pycaret.clustering.oop.ClusteringExperiment object at 0x0000016CE98C1790>, estimator=Pipeline(memory=Memory(location=None),
         steps=[('numerical_imputer',
                 TransformerWrapper(include=[], transformer=SimpleImputer())),
                ('categorical_imputer',
                 TransformerWrapper(include=['age', 'edu_level', 'fav_animals',
                                             'fav_place', 'gender'],
                                    transformer=SimpleImputer(strategy='most_frequent'))),
                ('ordinal_encoding',
                 TransformerWrapper(include=['gender'],
                                    transfo...
                                                               mapping=[{'col': 'gender',
                                                                         'data_type': dtype('O'),
                                                                         'mapping': Kobieta      0
Mê¿czyzna    1
NaN         -1
dtype: int64}]))),
                ('onehot_encoding',
                 TransformerWrapper(include=['age', 'edu_level', 'fav_animals',
                                             'fav_place'],
                                    transformer=OneHotEncoder(cols=['age',
                                                                    'edu_level',
                                                                    'fav_animals',
                                                                    'fav_place'],
                                                              handle_missing='return_nan',
                                                              use_cat_names=True))),
                ('trained_model', KMeans(random_state=123))]), ml_usecase=None)
2025-02-04 12:22:49,424:INFO:Set up data.
2025-02-04 12:22:55,740:INFO:Initializing predict_model()
2025-02-04 12:22:55,740:INFO:predict_model(self=<pycaret.clustering.oop.ClusteringExperiment object at 0x0000016CE7795D10>, estimator=Pipeline(memory=Memory(location=None),
         steps=[('numerical_imputer',
                 TransformerWrapper(include=[], transformer=SimpleImputer())),
                ('categorical_imputer',
                 TransformerWrapper(include=['age', 'edu_level', 'fav_animals',
                                             'fav_place', 'gender'],
                                    transformer=SimpleImputer(strategy='most_frequent'))),
                ('ordinal_encoding',
                 TransformerWrapper(include=['gender'],
                                    transfo...
                                                               mapping=[{'col': 'gender',
                                                                         'data_type': dtype('O'),
                                                                         'mapping': Kobieta      0
Mê¿czyzna    1
NaN         -1
dtype: int64}]))),
                ('onehot_encoding',
                 TransformerWrapper(include=['age', 'edu_level', 'fav_animals',
                                             'fav_place'],
                                    transformer=OneHotEncoder(cols=['age',
                                                                    'edu_level',
                                                                    'fav_animals',
                                                                    'fav_place'],
                                                              handle_missing='return_nan',
                                                              use_cat_names=True))),
                ('trained_model', KMeans(random_state=123))]), ml_usecase=None)
2025-02-04 12:22:55,740:INFO:Set up data.
2025-02-04 12:24:18,028:INFO:Initializing predict_model()
2025-02-04 12:24:18,029:INFO:predict_model(self=<pycaret.clustering.oop.ClusteringExperiment object at 0x0000016CE98C6C10>, estimator=Pipeline(memory=Memory(location=None),
         steps=[('numerical_imputer',
                 TransformerWrapper(include=[], transformer=SimpleImputer())),
                ('categorical_imputer',
                 TransformerWrapper(include=['age', 'edu_level', 'fav_animals',
                                             'fav_place', 'gender'],
                                    transformer=SimpleImputer(strategy='most_frequent'))),
                ('ordinal_encoding',
                 TransformerWrapper(include=['gender'],
                                    transfo...
                                                               mapping=[{'col': 'gender',
                                                                         'data_type': dtype('O'),
                                                                         'mapping': Kobieta      0
Mê¿czyzna    1
NaN         -1
dtype: int64}]))),
                ('onehot_encoding',
                 TransformerWrapper(include=['age', 'edu_level', 'fav_animals',
                                             'fav_place'],
                                    transformer=OneHotEncoder(cols=['age',
                                                                    'edu_level',
                                                                    'fav_animals',
                                                                    'fav_place'],
                                                              handle_missing='return_nan',
                                                              use_cat_names=True))),
                ('trained_model', KMeans(random_state=123))]), ml_usecase=None)
2025-02-04 12:24:18,029:INFO:Set up data.
2025-02-04 12:32:04,924:INFO:Initializing predict_model()
2025-02-04 12:32:04,924:INFO:predict_model(self=<pycaret.clustering.oop.ClusteringExperiment object at 0x0000016CDD5832D0>, estimator=Pipeline(memory=Memory(location=None),
         steps=[('numerical_imputer',
                 TransformerWrapper(include=[], transformer=SimpleImputer())),
                ('categorical_imputer',
                 TransformerWrapper(include=['age', 'edu_level', 'fav_animals',
                                             'fav_place', 'gender'],
                                    transformer=SimpleImputer(strategy='most_frequent'))),
                ('ordinal_encoding',
                 TransformerWrapper(include=['gender'],
                                    transfo...
                                                               mapping=[{'col': 'gender',
                                                                         'data_type': dtype('O'),
                                                                         'mapping': Kobieta      0
Mê¿czyzna    1
NaN         -1
dtype: int64}]))),
                ('onehot_encoding',
                 TransformerWrapper(include=['age', 'edu_level', 'fav_animals',
                                             'fav_place'],
                                    transformer=OneHotEncoder(cols=['age',
                                                                    'edu_level',
                                                                    'fav_animals',
                                                                    'fav_place'],
                                                              handle_missing='return_nan',
                                                              use_cat_names=True))),
                ('trained_model', KMeans(random_state=123))]), ml_usecase=None)
2025-02-04 12:32:04,924:INFO:Set up data.
2025-04-06 18:40:29,359:WARNING:
'cuml' is a soft dependency and not included in the pycaret installation. Please run: `pip install cuml` to install.
2025-04-06 18:40:29,397:WARNING:
'cuml' is a soft dependency and not included in the pycaret installation. Please run: `pip install cuml` to install.
2025-04-06 18:40:29,397:WARNING:
'cuml' is a soft dependency and not included in the pycaret installation. Please run: `pip install cuml` to install.
2025-04-06 18:40:29,398:WARNING:
'cuml' is a soft dependency and not included in the pycaret installation. Please run: `pip install cuml` to install.
2025-04-06 18:42:52,251:INFO:Initializing load_model()
2025-04-06 18:42:52,252:INFO:load_model(model_name=welcome_survey_clustering_pipeline_v2.pkl, platform=None, authentication=None, verbose=True)
2025-04-06 18:43:42,633:INFO:Initializing load_model()
2025-04-06 18:43:42,634:INFO:load_model(model_name=welcome_survey_clustering_pipeline_v2, platform=None, authentication=None, verbose=True)
2025-04-06 18:43:50,981:WARNING:C:\Users\User\miniconda3\envs\open_ai\Lib\site-packages\pycaret\internal\pipeline.py:148: UserWarning: Version mismatch:
current: {'deps_info': {'pip': '25.0', 'setuptools': '75.8.0', 'pycaret': '3.3.2', 'IPython': '8.30.0', 'ipywidgets': '8.1.5', 'tqdm': '4.67.1', 'numpy': '1.26.4', 'pandas': '1.5.3', 'jinja2': '3.1.6', 'scipy': '1.11.4', 'joblib': '1.2.0', 'sklearn': '1.4.2', 'pyod': '2.0.2', 'imblearn': '0.13.0', 'category_encoders': '2.6.3', 'lightgbm': '4.6.0', 'numba': '0.61.0', 'requests': '2.32.3', 'matplotlib': '3.9.2', 'scikitplot': '0.3.7', 'yellowbrick': '1.5', 'plotly': '5.24.1', 'plotly-resampler': 'Not installed', 'kaleido': '0.2.1', 'schemdraw': '0.15', 'statsmodels': '0.14.4', 'sktime': '0.26.0', 'tbats': '1.1.3', 'pmdarima': '2.0.4', 'psutil': '5.9.0', 'markupsafe': '3.0.2', 'pickle5': 'Not installed', 'cloudpickle': '3.0.0', 'deprecation': '2.1.0', 'xxhash': '3.5.0', 'wurlitzer': '3.1.1'}, 'python': {'version': '3.11.10', 'machine': 'AMD64'}}
pickle: {'deps_info': {'pip': '24.2', 'setuptools': '75.1.0', 'pycaret': '3.3.2', 'IPython': '8.27.0', 'ipywidgets': '7.8.1', 'tqdm': '4.67.1', 'numpy': '1.26.4', 'pandas': '1.5.3', 'jinja2': '3.1.4', 'scipy': '1.11.4', 'joblib': '1.2.0', 'sklearn': '1.4.2', 'pyod': '2.0.2', 'imblearn': '0.12.3', 'category_encoders': '2.6.3', 'lightgbm': '4.5.0', 'numba': '0.60.0', 'requests': '2.32.3', 'matplotlib': '3.9.2', 'scikitplot': '0.3.7', 'yellowbrick': '1.5', 'plotly': '5.24.1', 'plotly-resampler': 'Not installed', 'kaleido': '0.2.1', 'schemdraw': '0.15', 'statsmodels': '0.14.4', 'sktime': '0.26.0', 'tbats': '1.1.3', 'pmdarima': '2.0.4', 'psutil': '5.9.0', 'markupsafe': '2.1.3', 'pickle5': 'Not installed', 'cloudpickle': '3.0.0', 'deprecation': '2.1.0', 'xxhash': '3.5.0', 'wurlitzer': '3.1.1'}, 'python': {'version': '3.11.10', 'machine': 'AMD64'}}
  warnings.warn(

2025-04-06 18:43:51,365:INFO:Initializing predict_model()
2025-04-06 18:43:51,366:INFO:predict_model(self=<pycaret.clustering.oop.ClusteringExperiment object at 0x0000022CACFFCA90>, estimator=Pipeline(memory=Memory(location=None),
         steps=[('numerical_imputer',
                 TransformerWrapper(include=[], transformer=SimpleImputer())),
                ('categorical_imputer',
                 TransformerWrapper(include=['age', 'edu_level', 'fav_animals',
                                             'fav_place', 'gender'],
                                    transformer=SimpleImputer(strategy='most_frequent'))),
                ('ordinal_encoding',
                 TransformerWrapper(include=['gender'],
                                    transfo...
                                                               mapping=[{'col': 'gender',
                                                                         'data_type': dtype('O'),
                                                                         'mapping': Kobieta      0
Mê¿czyzna    1
NaN         -1
dtype: int64}]))),
                ('onehot_encoding',
                 TransformerWrapper(include=['age', 'edu_level', 'fav_animals',
                                             'fav_place'],
                                    transformer=OneHotEncoder(cols=['age',
                                                                    'edu_level',
                                                                    'fav_animals',
                                                                    'fav_place'],
                                                              handle_missing='return_nan',
                                                              use_cat_names=True))),
                ('trained_model', KMeans(random_state=123))]), ml_usecase=None)
2025-04-06 18:43:51,366:INFO:Set up data.
2025-04-06 18:43:53,112:INFO:Initializing predict_model()
2025-04-06 18:43:53,113:INFO:predict_model(self=<pycaret.clustering.oop.ClusteringExperiment object at 0x0000022CABC4BAD0>, estimator=Pipeline(memory=Memory(location=None),
         steps=[('numerical_imputer',
                 TransformerWrapper(include=[], transformer=SimpleImputer())),
                ('categorical_imputer',
                 TransformerWrapper(include=['age', 'edu_level', 'fav_animals',
                                             'fav_place', 'gender'],
                                    transformer=SimpleImputer(strategy='most_frequent'))),
                ('ordinal_encoding',
                 TransformerWrapper(include=['gender'],
                                    transfo...
                                                               mapping=[{'col': 'gender',
                                                                         'data_type': dtype('O'),
                                                                         'mapping': Kobieta      0
Mê¿czyzna    1
NaN         -1
dtype: int64}]))),
                ('onehot_encoding',
                 TransformerWrapper(include=['age', 'edu_level', 'fav_animals',
                                             'fav_place'],
                                    transformer=OneHotEncoder(cols=['age',
                                                                    'edu_level',
                                                                    'fav_animals',
                                                                    'fav_place'],
                                                              handle_missing='return_nan',
                                                              use_cat_names=True))),
                ('trained_model', KMeans(random_state=123))]), ml_usecase=None)
2025-04-06 18:43:53,113:INFO:Set up data.
